2026-06-01 11:41:30 | INFO | samsung_auto_trader | Loaded credentials for account ending with 01
2026-06-01 11:41:30 | INFO | samsung_auto_trader | Trader booted for Samsung Electronics (005930).
2026-06-01 11:41:30 | INFO | samsung_auto_trader | Inventory bootstrap started | initial=12 min=3 max=25
2026-06-01 11:41:30 | INFO | samsung_auto_trader | Token refresh: requesting a new access token.
2026-06-01 11:41:34 | INFO | samsung_auto_trader | Token reuse: cached same-day token is valid.
2026-06-01 11:41:37 | INFO | samsung_auto_trader | Token reuse: cached same-day token is valid.
2026-06-01 11:41:37 | INFO | samsung_auto_trader | Holdings before bootstrap | cash_available=9489317 | total_eval_amount=9537003 | samsung_holding=None
2026-06-01 11:41:37 | INFO | samsung_auto_trader | 
====================================================================
[STATUS] 2026-06-01 11:41:37 KST
holding | symbol=005930 qty=0 sellable_qty=0 avg_price=0
inventory_limits | initial=12 min=3 max=25 effective_position=0
open_orders | buy_open=0 sell_open=0 total_open=0
 - no open orders
====================================================================
2026-06-01 11:41:38 | INFO | samsung_auto_trader | Token reuse: cached same-day token is valid.
2026-06-01 11:41:38 | INFO | samsung_auto_trader | Bootstrap market buy request | current_holding=0 target_initial=12 shortage=12 affordable=27 buy_qty=12 est_price=347000
2026-06-01 11:41:39 | INFO | samsung_auto_trader | Token reuse: cached same-day token is valid.
2026-06-01 11:41:39 | INFO | samsung_auto_trader | Buy order accepted | order_no=00950 | order_time=114139 | qty=12 | price=0
2026-06-01 11:41:39 | INFO | samsung_auto_trader | Waiting 5 seconds before bootstrap balance check.
2026-06-01 11:41:44 | INFO | samsung_auto_trader | Token reuse: cached same-day token is valid.
2026-06-01 11:41:46 | INFO | samsung_auto_trader | Token reuse: cached same-day token is valid.
2026-06-01 11:41:48 | INFO | samsung_auto_trader | Token reuse: cached same-day token is valid.
2026-06-01 11:41:48 | INFO | samsung_auto_trader | Holdings after bootstrap | cash_available=5345550 | total_eval_amount=9530413 | samsung_holding={'symbol': '005930', 'qty': 12, 'sellable_qty': 12, 'avg_price': 0}
2026-06-01 11:41:48 | INFO | samsung_auto_trader | 
====================================================================
[STATUS] 2026-06-01 11:41:48 KST
holding | symbol=005930 qty=12 sellable_qty=12 avg_price=0
inventory_limits | initial=12 min=3 max=25 effective_position=12
open_orders | buy_open=0 sell_open=0 total_open=0
 - no open orders
====================================================================
2026-06-01 11:41:48 | INFO | samsung_auto_trader | Execution check for buy: before_qty=0, after_qty=12, executed=True
2026-06-01 11:41:48 | INFO | samsung_auto_trader | Starting trade cycle.
2026-06-01 11:41:49 | INFO | samsung_auto_trader | Token reuse: cached same-day token is valid.
2026-06-01 11:41:49 | INFO | samsung_auto_trader | Current price: 347000 KRW | inferred_tick_size=500
2026-06-01 11:41:50 | INFO | samsung_auto_trader | Token reuse: cached same-day token is valid.
2026-06-01 11:41:53 | INFO | samsung_auto_trader | Token reuse: cached same-day token is valid.
2026-06-01 11:41:56 | INFO | samsung_auto_trader | Token reuse: cached same-day token is valid.
2026-06-01 11:41:56 | INFO | samsung_auto_trader | Holdings before order | cash_available=5345550 | total_eval_amount=9536413 | samsung_holding={'symbol': '005930', 'qty': 12, 'sellable_qty': 12, 'avg_price': 0}
2026-06-01 11:41:56 | INFO | samsung_auto_trader | 
====================================================================
[STATUS] 2026-06-01 11:41:56 KST
holding | symbol=005930 qty=12 sellable_qty=12 avg_price=0
inventory_limits | initial=12 min=3 max=25 effective_position=12
open_orders | buy_open=0 sell_open=0 total_open=0
 - no open orders
====================================================================
2026-06-01 11:41:56 | INFO | samsung_auto_trader | Price normalized by tick size | current=347000 tick=500 raw_buy=346000 buy=346000 raw_sell=348000 sell=348000
2026-06-01 11:41:56 | INFO | samsung_auto_trader | Buy order request: qty=1, price=346000
2026-06-01 11:41:57 | INFO | samsung_auto_trader | Token reuse: cached same-day token is valid.
2026-06-01 11:41:57 | INFO | samsung_auto_trader | Buy order accepted | order_no=00950 | order_time=114157 | qty=1 | price=346000
2026-06-01 11:41:57 | INFO | samsung_auto_trader | Waiting 5 seconds before post-buy balance check.
2026-06-01 11:42:02 | INFO | samsung_auto_trader | Token reuse: cached same-day token is valid.
2026-06-01 11:42:07 | INFO | samsung_auto_trader | Token reuse: cached same-day token is valid.
2026-06-01 11:42:12 | INFO | samsung_auto_trader | Token reuse: cached same-day token is valid.
2026-06-01 11:42:12 | INFO | samsung_auto_trader | Holdings after buy | cash_available=5001867 | total_eval_amount=9536413 | samsung_holding={'symbol': '005930', 'qty': 12, 'sellable_qty': 12, 'avg_price': 0}
2026-06-01 11:42:12 | INFO | samsung_auto_trader | 
====================================================================
[STATUS] 2026-06-01 11:42:12 KST
holding | symbol=005930 qty=12 sellable_qty=12 avg_price=0
inventory_limits | initial=12 min=3 max=25 effective_position=13
open_orders | buy_open=1 sell_open=0 total_open=1
 - side=buy order_no=0000021400 time=114157 qty=1 filled=0 unfilled=1 price=346000 branch=
====================================================================
2026-06-01 11:42:12 | INFO | samsung_auto_trader | Execution check for buy: before_qty=12, after_qty=12, executed=False
2026-06-01 11:42:13 | INFO | samsung_auto_trader | Token reuse: cached same-day token is valid.
2026-06-01 11:42:13 | INFO | samsung_auto_trader | Sell order request: qty=1, price=348000 | sellable_qty=12 min_position=3
2026-06-01 11:42:14 | INFO | samsung_auto_trader | Token reuse: cached same-day token is valid.
2026-06-01 11:42:14 | INFO | samsung_auto_trader | Sell order accepted | order_no=00950 | order_time=114214 | qty=1 | price=348000
2026-06-01 11:42:14 | INFO | samsung_auto_trader | Waiting 5 seconds before post-sell balance check.
2026-06-01 11:42:19 | INFO | samsung_auto_trader | Token reuse: cached same-day token is valid.
2026-06-01 11:42:22 | INFO | samsung_auto_trader | Token reuse: cached same-day token is valid.
2026-06-01 11:42:25 | INFO | samsung_auto_trader | Token reuse: cached same-day token is valid.
2026-06-01 11:42:25 | INFO | samsung_auto_trader | Holdings after sell | cash_available=5001867 | total_eval_amount=9536413 | samsung_holding={'symbol': '005930', 'qty': 12, 'sellable_qty': 11, 'avg_price': 0}
2026-06-01 11:42:25 | INFO | samsung_auto_trader | 
====================================================================
[STATUS] 2026-06-01 11:42:25 KST
holding | symbol=005930 qty=12 sellable_qty=11 avg_price=0
inventory_limits | initial=12 min=3 max=25 effective_position=12
open_orders | buy_open=1 sell_open=1 total_open=2
 - side=sell order_no=0000021433 time=114214 qty=1 filled=0 unfilled=1 price=348000 branch=
 - side=buy order_no=0000021400 time=114157 qty=1 filled=0 unfilled=1 price=346000 branch=
====================================================================
2026-06-01 11:42:25 | INFO | samsung_auto_trader | Execution check for sell: before_qty=12, after_qty=12, executed=False
2026-06-01 11:42:25 | INFO | samsung_auto_trader | Trade cycle finished.
2026-06-01 11:42:45 | INFO | samsung_auto_trader | Starting trade cycle.
2026-06-01 11:42:45 | INFO | samsung_auto_trader | Token reuse: cached same-day token is valid.
2026-06-01 11:42:46 | INFO | samsung_auto_trader | Current price: 347000 KRW | inferred_tick_size=500
2026-06-01 11:42:46 | INFO | samsung_auto_trader | Token reuse: cached same-day token is valid.
2026-06-01 11:42:51 | INFO | samsung_auto_trader | Token reuse: cached same-day token is valid.
2026-06-01 11:42:56 | INFO | samsung_auto_trader | Token reuse: cached same-day token is valid.
2026-06-01 11:43:01 | INFO | samsung_auto_trader | Holdings before order | cash_available=5001867 | total_eval_amount=9536413 | samsung_holding={'symbol': '005930', 'qty': 12, 'sellable_qty': 11, 'avg_price': 0}
2026-06-01 11:43:01 | INFO | samsung_auto_trader | 
====================================================================
[STATUS] 2026-06-01 11:43:01 KST
holding | symbol=005930 qty=12 sellable_qty=11 avg_price=0
inventory_limits | initial=12 min=3 max=25 effective_position=12
open_orders | buy_open=1 sell_open=1 total_open=2
 - side=sell order_no=0000021433 time=114214 qty=1 filled=0 unfilled=1 price=348000 branch=
 - side=buy order_no=0000021400 time=114157 qty=1 filled=0 unfilled=1 price=346000 branch=
====================================================================
2026-06-01 11:43:01 | INFO | samsung_auto_trader | Price normalized by tick size | current=347000 tick=500 raw_buy=346000 buy=346000 raw_sell=348000 sell=348000
2026-06-01 11:43:01 | INFO | samsung_auto_trader | Buy order request: qty=1, price=346000
2026-06-01 11:43:01 | INFO | samsung_auto_trader | Token reuse: cached same-day token is valid.
2026-06-01 11:43:03 | INFO | samsung_auto_trader | Buy order accepted | order_no=00950 | order_time=114303 | qty=1 | price=346000
2026-06-01 11:43:03 | INFO | samsung_auto_trader | Waiting 5 seconds before post-buy balance check.
2026-06-01 11:43:08 | INFO | samsung_auto_trader | Token reuse: cached same-day token is valid.
2026-06-01 11:43:15 | INFO | samsung_auto_trader | Token reuse: cached same-day token is valid.
2026-06-01 11:43:22 | INFO | samsung_auto_trader | Token reuse: cached same-day token is valid.
2026-06-01 11:43:28 | INFO | samsung_auto_trader | Holdings after buy | cash_available=4657597 | total_eval_amount=9530413 | samsung_holding={'symbol': '005930', 'qty': 12, 'sellable_qty': 11, 'avg_price': 0}
2026-06-01 11:43:28 | INFO | samsung_auto_trader | 
====================================================================
[STATUS] 2026-06-01 11:43:28 KST
holding | symbol=005930 qty=12 sellable_qty=11 avg_price=0
inventory_limits | initial=12 min=3 max=25 effective_position=13
open_orders | buy_open=2 sell_open=1 total_open=3
 - side=buy order_no=0000021526 time=114303 qty=1 filled=0 unfilled=1 price=346000 branch=
 - side=sell order_no=0000021433 time=114214 qty=1 filled=0 unfilled=1 price=348000 branch=
 - side=buy order_no=0000021400 time=114157 qty=1 filled=0 unfilled=1 price=346000 branch=
====================================================================
2026-06-01 11:43:28 | INFO | samsung_auto_trader | Execution check for buy: before_qty=12, after_qty=12, executed=False
2026-06-01 11:43:28 | INFO | samsung_auto_trader | Token reuse: cached same-day token is valid.
2026-06-01 11:43:35 | INFO | samsung_auto_trader | Sell order request: qty=1, price=348000 | sellable_qty=11 min_position=3
2026-06-01 11:43:35 | INFO | samsung_auto_trader | Token reuse: cached same-day token is valid.
2026-06-01 11:43:39 | INFO | samsung_auto_trader | Sell order accepted | order_no=00950 | order_time=114340 | qty=1 | price=348000
2026-06-01 11:43:39 | INFO | samsung_auto_trader | Waiting 5 seconds before post-sell balance check.
2026-06-01 11:43:44 | INFO | samsung_auto_trader | Token reuse: cached same-day token is valid.
2026-06-01 11:43:50 | INFO | samsung_auto_trader | Token reuse: cached same-day token is valid.
2026-06-01 11:43:56 | INFO | samsung_auto_trader | Token reuse: cached same-day token is valid.
2026-06-01 11:44:02 | INFO | samsung_auto_trader | Holdings after sell | cash_available=4657597 | total_eval_amount=9530413 | samsung_holding={'symbol': '005930', 'qty': 12, 'sellable_qty': 10, 'avg_price': 0}
2026-06-01 11:44:02 | INFO | samsung_auto_trader | 
====================================================================
[STATUS] 2026-06-01 11:44:02 KST
holding | symbol=005930 qty=12 sellable_qty=10 avg_price=0
inventory_limits | initial=12 min=3 max=25 effective_position=12
open_orders | buy_open=2 sell_open=2 total_open=4
 - side=sell order_no=0000021571 time=114340 qty=1 filled=0 unfilled=1 price=348000 branch=
 - side=buy order_no=0000021526 time=114303 qty=1 filled=0 unfilled=1 price=346000 branch=
 - side=sell order_no=0000021433 time=114214 qty=1 filled=0 unfilled=1 price=348000 branch=
 - side=buy order_no=0000021400 time=114157 qty=1 filled=0 unfilled=1 price=346000 branch=
====================================================================
2026-06-01 11:44:02 | INFO | samsung_auto_trader | Execution check for sell: before_qty=12, after_qty=12, executed=False
2026-06-01 11:44:02 | INFO | samsung_auto_trader | Trade cycle finished.
2026-06-01 11:44:22 | INFO | samsung_auto_trader | Starting trade cycle.
2026-06-01 11:44:22 | INFO | samsung_auto_trader | Token reuse: cached same-day token is valid.
2026-06-01 11:44:22 | INFO | samsung_auto_trader | Current price: 347000 KRW | inferred_tick_size=500
2026-06-01 11:44:23 | INFO | samsung_auto_trader | Token reuse: cached same-day token is valid.
2026-06-01 11:44:26 | INFO | samsung_auto_trader | Token reuse: cached same-day token is valid.
2026-06-01 11:44:31 | INFO | samsung_auto_trader | Token reuse: cached same-day token is valid.
2026-06-01 11:44:31 | INFO | samsung_auto_trader | Holdings before order | cash_available=4657597 | total_eval_amount=9533413 | samsung_holding={'symbol': '005930', 'qty': 12, 'sellable_qty': 10, 'avg_price': 0}
2026-06-01 11:44:31 | INFO | samsung_auto_trader | 
====================================================================
[STATUS] 2026-06-01 11:44:31 KST
holding | symbol=005930 qty=12 sellable_qty=10 avg_price=0
inventory_limits | initial=12 min=3 max=25 effective_position=12
open_orders | buy_open=2 sell_open=2 total_open=4
 - side=sell order_no=0000021571 time=114340 qty=1 filled=0 unfilled=1 price=348000 branch=
 - side=buy order_no=0000021526 time=114303 qty=1 filled=0 unfilled=1 price=346000 branch=
 - side=sell order_no=0000021433 time=114214 qty=1 filled=0 unfilled=1 price=348000 branch=
 - side=buy order_no=0000021400 time=114157 qty=1 filled=0 unfilled=1 price=346000 branch=
====================================================================
2026-06-01 11:44:31 | INFO | samsung_auto_trader | Price normalized by tick size | current=347000 tick=500 raw_buy=346000 buy=346000 raw_sell=348000 sell=348000
2026-06-01 11:44:31 | INFO | samsung_auto_trader | Buy order request: qty=1, price=346000
2026-06-01 11:44:32 | INFO | samsung_auto_trader | Token reuse: cached same-day token is valid.
2026-06-01 11:44:32 | INFO | samsung_auto_trader | Buy order accepted | order_no=00950 | order_time=114432 | qty=1 | price=346000
2026-06-01 11:44:32 | INFO | samsung_auto_trader | Waiting 5 seconds before post-buy balance check.
2026-06-01 11:44:37 | INFO | samsung_auto_trader | Token reuse: cached same-day token is valid.
2026-06-01 11:44:37 | WARNING | samsung_auto_trader | API request failed (GET /uapi/domestic-stock/v1/trading/inquire-balance, attempt 1/3): ('Connection aborted.', RemoteDisconnected('Remote end closed connection without response'))
2026-06-01 11:44:42 | INFO | samsung_auto_trader | Token reuse: cached same-day token is valid.
2026-06-01 11:44:46 | INFO | samsung_auto_trader | Token reuse: cached same-day token is valid.
2026-06-01 11:44:50 | INFO | samsung_auto_trader | Holdings after buy | cash_available=4313327 | total_eval_amount=9536413 | samsung_holding={'symbol': '005930', 'qty': 12, 'sellable_qty': 10, 'avg_price': 0}
2026-06-01 11:44:50 | INFO | samsung_auto_trader | 
====================================================================
[STATUS] 2026-06-01 11:44:50 KST
holding | symbol=005930 qty=12 sellable_qty=10 avg_price=0
inventory_limits | initial=12 min=3 max=25 effective_position=13
open_orders | buy_open=3 sell_open=2 total_open=5
 - side=buy order_no=0000021639 time=114432 qty=1 filled=0 unfilled=1 price=346000 branch=
 - side=sell order_no=0000021571 time=114340 qty=1 filled=0 unfilled=1 price=348000 branch=
 - side=buy order_no=0000021526 time=114303 qty=1 filled=0 unfilled=1 price=346000 branch=
 - side=sell order_no=0000021433 time=114214 qty=1 filled=0 unfilled=1 price=348000 branch=
 - side=buy order_no=0000021400 time=114157 qty=1 filled=0 unfilled=1 price=346000 branch=
====================================================================
2026-06-01 11:44:50 | INFO | samsung_auto_trader | Execution check for buy: before_qty=12, after_qty=12, executed=False
2026-06-01 11:44:50 | INFO | samsung_auto_trader | Token reuse: cached same-day token is valid.
2026-06-01 11:44:53 | INFO | samsung_auto_trader | Sell order request: qty=1, price=348000 | sellable_qty=10 min_position=3
2026-06-01 11:44:53 | INFO | samsung_auto_trader | Token reuse: cached same-day token is valid.
2026-06-01 11:44:54 | INFO | samsung_auto_trader | Sell order accepted | order_no=00950 | order_time=114454 | qty=1 | price=348000
2026-06-01 11:44:54 | INFO | samsung_auto_trader | Waiting 5 seconds before post-sell balance check.
2026-06-01 11:44:59 | INFO | samsung_auto_trader | Token reuse: cached same-day token is valid.
2026-06-01 11:44:59 | WARNING | samsung_auto_trader | API request failed (GET /uapi/domestic-stock/v1/trading/inquire-balance, attempt 1/3): ('Connection aborted.', RemoteDisconnected('Remote end closed connection without response'))
2026-06-01 11:45:06 | INFO | samsung_auto_trader | Token reuse: cached same-day token is valid.
2026-06-01 11:45:14 | INFO | samsung_auto_trader | Token reuse: cached same-day token is valid.
2026-06-01 11:45:22 | INFO | samsung_auto_trader | Holdings after sell | cash_available=4313327 | total_eval_amount=9533413 | samsung_holding={'symbol': '005930', 'qty': 12, 'sellable_qty': 9, 'avg_price': 0}
2026-06-01 11:45:22 | INFO | samsung_auto_trader | 
====================================================================
[STATUS] 2026-06-01 11:45:22 KST
holding | symbol=005930 qty=12 sellable_qty=9 avg_price=0
inventory_limits | initial=12 min=3 max=25 effective_position=12
open_orders | buy_open=3 sell_open=3 total_open=6
 - side=sell order_no=0000021659 time=114454 qty=1 filled=0 unfilled=1 price=348000 branch=
 - side=buy order_no=0000021639 time=114432 qty=1 filled=0 unfilled=1 price=346000 branch=
 - side=sell order_no=0000021571 time=114340 qty=1 filled=0 unfilled=1 price=348000 branch=
 - side=buy order_no=0000021526 time=114303 qty=1 filled=0 unfilled=1 price=346000 branch=
 - side=sell order_no=0000021433 time=114214 qty=1 filled=0 unfilled=1 price=348000 branch=
 - side=buy order_no=0000021400 time=114157 qty=1 filled=0 unfilled=1 price=346000 branch=
====================================================================
2026-06-01 11:45:22 | INFO | samsung_auto_trader | Execution check for sell: before_qty=12, after_qty=12, executed=False
2026-06-01 11:45:22 | INFO | samsung_auto_trader | Trade cycle finished.
2026-06-01 11:45:42 | INFO | samsung_auto_trader | Starting trade cycle.
2026-06-01 11:45:42 | INFO | samsung_auto_trader | Token reuse: cached same-day token is valid.
2026-06-01 11:45:44 | INFO | samsung_auto_trader | Current price: 346250 KRW | inferred_tick_size=500
2026-06-01 11:45:44 | INFO | samsung_auto_trader | Token reuse: cached same-day token is valid.
2026-06-01 11:45:49 | INFO | samsung_auto_trader | Token reuse: cached same-day token is valid.
2026-06-01 11:45:54 | INFO | samsung_auto_trader | Token reuse: cached same-day token is valid.
2026-06-01 11:46:00 | INFO | samsung_auto_trader | Holdings before order | cash_available=4312601 | total_eval_amount=9531773 | samsung_holding={'symbol': '005930', 'qty': 15, 'sellable_qty': 12, 'avg_price': 0}
2026-06-01 11:46:00 | INFO | samsung_auto_trader | 
====================================================================
[STATUS] 2026-06-01 11:46:00 KST
holding | symbol=005930 qty=15 sellable_qty=12 avg_price=0
inventory_limits | initial=12 min=3 max=25 effective_position=12
open_orders | buy_open=0 sell_open=3 total_open=3
 - side=sell order_no=0000021659 time=114454 qty=1 filled=0 unfilled=1 price=348000 branch=
 - side=sell order_no=0000021571 time=114340 qty=1 filled=0 unfilled=1 price=348000 branch=
 - side=sell order_no=0000021433 time=114214 qty=1 filled=0 unfilled=1 price=348000 branch=
====================================================================
2026-06-01 11:46:00 | INFO | samsung_auto_trader | Price normalized by tick size | current=346250 tick=500 raw_buy=345250 buy=345000 raw_sell=347250 sell=347500
2026-06-01 11:46:00 | INFO | samsung_auto_trader | Buy order request: qty=1, price=345000
2026-06-01 11:46:00 | INFO | samsung_auto_trader | Token reuse: cached same-day token is valid.
2026-06-01 11:46:07 | INFO | samsung_auto_trader | Buy order accepted | order_no=00950 | order_time=114607 | qty=1 | price=345000
2026-06-01 11:46:07 | INFO | samsung_auto_trader | Waiting 5 seconds before post-buy balance check.
2026-06-01 11:46:12 | INFO | samsung_auto_trader | Token reuse: cached same-day token is valid.
2026-06-01 11:46:17 | INFO | samsung_auto_trader | Token reuse: cached same-day token is valid.
2026-06-01 11:46:20 | INFO | samsung_auto_trader | Token reuse: cached same-day token is valid.
2026-06-01 11:46:20 | INFO | samsung_auto_trader | Holdings after buy | cash_available=3970052 | total_eval_amount=9524273 | samsung_holding={'symbol': '005930', 'qty': 15, 'sellable_qty': 12, 'avg_price': 0}
2026-06-01 11:46:20 | INFO | samsung_auto_trader | 
====================================================================
[STATUS] 2026-06-01 11:46:20 KST
holding | symbol=005930 qty=15 sellable_qty=12 avg_price=0
inventory_limits | initial=12 min=3 max=25 effective_position=13
open_orders | buy_open=1 sell_open=3 total_open=4
 - side=buy order_no=0000021741 time=114607 qty=1 filled=0 unfilled=1 price=345000 branch=
 - side=sell order_no=0000021659 time=114454 qty=1 filled=0 unfilled=1 price=348000 branch=
 - side=sell order_no=0000021571 time=114340 qty=1 filled=0 unfilled=1 price=348000 branch=
 - side=sell order_no=0000021433 time=114214 qty=1 filled=0 unfilled=1 price=348000 branch=
====================================================================
2026-06-01 11:46:20 | INFO | samsung_auto_trader | Execution check for buy: before_qty=15, after_qty=15, executed=False
2026-06-01 11:46:21 | INFO | samsung_auto_trader | Token reuse: cached same-day token is valid.
2026-06-01 11:46:21 | INFO | samsung_auto_trader | Sell order request: qty=1, price=347500 | sellable_qty=12 min_position=3
2026-06-01 11:46:22 | INFO | samsung_auto_trader | Token reuse: cached same-day token is valid.
2026-06-01 11:46:25 | INFO | samsung_auto_trader | Sell order accepted | order_no=00950 | order_time=114625 | qty=1 | price=347500
2026-06-01 11:46:25 | INFO | samsung_auto_trader | Waiting 5 seconds before post-sell balance check.
2026-06-01 11:46:30 | INFO | samsung_auto_trader | Token reuse: cached same-day token is valid.
2026-06-01 11:46:33 | INFO | samsung_auto_trader | Token reuse: cached same-day token is valid.
2026-06-01 11:46:36 | INFO | samsung_auto_trader | Token reuse: cached same-day token is valid.
2026-06-01 11:46:36 | INFO | samsung_auto_trader | Holdings after sell | cash_available=3970052 | total_eval_amount=9524273 | samsung_holding={'symbol': '005930', 'qty': 15, 'sellable_qty': 11, 'avg_price': 0}
2026-06-01 11:46:36 | INFO | samsung_auto_trader | 
====================================================================
[STATUS] 2026-06-01 11:46:36 KST
holding | symbol=005930 qty=15 sellable_qty=11 avg_price=0
inventory_limits | initial=12 min=3 max=25 effective_position=12
open_orders | buy_open=1 sell_open=4 total_open=5
 - side=sell order_no=0000021767 time=114625 qty=1 filled=0 unfilled=1 price=347500 branch=
 - side=buy order_no=0000021741 time=114607 qty=1 filled=0 unfilled=1 price=345000 branch=
 - side=sell order_no=0000021659 time=114454 qty=1 filled=0 unfilled=1 price=348000 branch=
 - side=sell order_no=0000021571 time=114340 qty=1 filled=0 unfilled=1 price=348000 branch=
 - side=sell order_no=0000021433 time=114214 qty=1 filled=0 unfilled=1 price=348000 branch=
====================================================================
2026-06-01 11:46:36 | INFO | samsung_auto_trader | Execution check for sell: before_qty=15, after_qty=15, executed=False
2026-06-01 11:46:36 | INFO | samsung_auto_trader | Trade cycle finished.
2026-06-01 11:46:56 | INFO | samsung_auto_trader | Starting trade cycle.
2026-06-01 11:46:56 | INFO | samsung_auto_trader | Token reuse: cached same-day token is valid.
2026-06-01 11:46:56 | INFO | samsung_auto_trader | Current price: 345750 KRW | inferred_tick_size=500
2026-06-01 11:46:57 | INFO | samsung_auto_trader | Token reuse: cached same-day token is valid.
2026-06-01 11:46:58 | INFO | samsung_auto_trader | Token reuse: cached same-day token is valid.
2026-06-01 11:46:59 | INFO | samsung_auto_trader | Token reuse: cached same-day token is valid.
2026-06-01 11:46:59 | INFO | samsung_auto_trader | Holdings before order | cash_available=3970052 | total_eval_amount=9516773 | samsung_holding={'symbol': '005930', 'qty': 15, 'sellable_qty': 11, 'avg_price': 0}
2026-06-01 11:46:59 | INFO | samsung_auto_trader | 
====================================================================
[STATUS] 2026-06-01 11:46:59 KST
holding | symbol=005930 qty=15 sellable_qty=11 avg_price=0
inventory_limits | initial=12 min=3 max=25 effective_position=12
open_orders | buy_open=1 sell_open=4 total_open=5
 - side=sell order_no=0000021767 time=114625 qty=1 filled=0 unfilled=1 price=347500 branch=
 - side=buy order_no=0000021741 time=114607 qty=1 filled=0 unfilled=1 price=345000 branch=
 - side=sell order_no=0000021659 time=114454 qty=1 filled=0 unfilled=1 price=348000 branch=
 - side=sell order_no=0000021571 time=114340 qty=1 filled=0 unfilled=1 price=348000 branch=
 - side=sell order_no=0000021433 time=114214 qty=1 filled=0 unfilled=1 price=348000 branch=
====================================================================
2026-06-01 11:46:59 | INFO | samsung_auto_trader | Price normalized by tick size | current=345750 tick=500 raw_buy=344750 buy=344500 raw_sell=346750 sell=347000
2026-06-01 11:46:59 | INFO | samsung_auto_trader | Buy order request: qty=1, price=344500
2026-06-01 11:47:00 | INFO | samsung_auto_trader | Token reuse: cached same-day token is valid.
2026-06-01 11:47:00 | INFO | samsung_auto_trader | Buy order accepted | order_no=00950 | order_time=114700 | qty=1 | price=344500
2026-06-01 11:47:00 | INFO | samsung_auto_trader | Waiting 5 seconds before post-buy balance check.
2026-06-01 11:47:05 | INFO | samsung_auto_trader | Token reuse: cached same-day token is valid.
2026-06-01 11:47:05 | WARNING | samsung_auto_trader | API request failed (GET /uapi/domestic-stock/v1/trading/inquire-balance, attempt 1/3): ('Connection aborted.', RemoteDisconnected('Remote end closed connection without response'))
2026-06-01 11:47:14 | INFO | samsung_auto_trader | Token reuse: cached same-day token is valid.
2026-06-01 11:47:21 | INFO | samsung_auto_trader | Token reuse: cached same-day token is valid.
2026-06-01 11:47:28 | INFO | samsung_auto_trader | Holdings after buy | cash_available=3627275 | total_eval_amount=9509223 | samsung_holding={'symbol': '005930', 'qty': 16, 'sellable_qty': 12, 'avg_price': 0}
2026-06-01 11:47:28 | INFO | samsung_auto_trader | 
====================================================================
[STATUS] 2026-06-01 11:47:28 KST
holding | symbol=005930 qty=16 sellable_qty=12 avg_price=0
inventory_limits | initial=12 min=3 max=25 effective_position=13
open_orders | buy_open=1 sell_open=4 total_open=5
 - side=buy order_no=0000021812 time=114700 qty=1 filled=0 unfilled=1 price=344500 branch=
 - side=sell order_no=0000021767 time=114625 qty=1 filled=0 unfilled=1 price=347500 branch=
 - side=sell order_no=0000021659 time=114454 qty=1 filled=0 unfilled=1 price=348000 branch=
 - side=sell order_no=0000021571 time=114340 qty=1 filled=0 unfilled=1 price=348000 branch=
 - side=sell order_no=0000021433 time=114214 qty=1 filled=0 unfilled=1 price=348000 branch=
====================================================================
2026-06-01 11:47:28 | INFO | samsung_auto_trader | Execution check for buy: before_qty=15, after_qty=16, executed=True
2026-06-01 11:47:28 | INFO | samsung_auto_trader | Token reuse: cached same-day token is valid.
2026-06-01 11:47:34 | INFO | samsung_auto_trader | Sell order request: qty=1, price=347000 | sellable_qty=12 min_position=3
2026-06-01 11:47:34 | INFO | samsung_auto_trader | Token reuse: cached same-day token is valid.
2026-06-01 11:47:36 | INFO | samsung_auto_trader | Sell order accepted | order_no=00950 | order_time=114736 | qty=1 | price=347000
2026-06-01 11:47:36 | INFO | samsung_auto_trader | Waiting 5 seconds before post-sell balance check.
2026-06-01 11:47:41 | INFO | samsung_auto_trader | Token reuse: cached same-day token is valid.
2026-06-01 11:47:41 | WARNING | samsung_auto_trader | API request failed (GET /uapi/domestic-stock/v1/trading/inquire-balance, attempt 1/3): ('Connection aborted.', RemoteDisconnected('Remote end closed connection without response'))
2026-06-01 11:47:45 | INFO | samsung_auto_trader | Token reuse: cached same-day token is valid.
2026-06-01 11:47:48 | INFO | samsung_auto_trader | Token reuse: cached same-day token is valid.
2026-06-01 11:47:48 | INFO | samsung_auto_trader | Holdings after sell | cash_available=3627275 | total_eval_amount=9517223 | samsung_holding={'symbol': '005930', 'qty': 16, 'sellable_qty': 11, 'avg_price': 0}
2026-06-01 11:47:48 | INFO | samsung_auto_trader | 
====================================================================
[STATUS] 2026-06-01 11:47:48 KST
holding | symbol=005930 qty=16 sellable_qty=11 avg_price=0
inventory_limits | initial=12 min=3 max=25 effective_position=12
open_orders | buy_open=1 sell_open=5 total_open=6
 - side=sell order_no=0000021844 time=114736 qty=1 filled=0 unfilled=1 price=347000 branch=
 - side=buy order_no=0000021812 time=114700 qty=1 filled=0 unfilled=1 price=344500 branch=
 - side=sell order_no=0000021767 time=114625 qty=1 filled=0 unfilled=1 price=347500 branch=
 - side=sell order_no=0000021659 time=114454 qty=1 filled=0 unfilled=1 price=348000 branch=
 - side=sell order_no=0000021571 time=114340 qty=1 filled=0 unfilled=1 price=348000 branch=
 - side=sell order_no=0000021433 time=114214 qty=1 filled=0 unfilled=1 price=348000 branch=
====================================================================
2026-06-01 11:47:48 | INFO | samsung_auto_trader | Execution check for sell: before_qty=16, after_qty=16, executed=False
2026-06-01 11:47:48 | INFO | samsung_auto_trader | Trade cycle finished.
2026-06-01 11:48:08 | INFO | samsung_auto_trader | Starting trade cycle.
2026-06-01 11:48:08 | INFO | samsung_auto_trader | Token reuse: cached same-day token is valid.
2026-06-01 11:48:12 | INFO | samsung_auto_trader | Current price: 344500 KRW | inferred_tick_size=500
2026-06-01 11:48:12 | INFO | samsung_auto_trader | Token reuse: cached same-day token is valid.
2026-06-01 11:48:18 | INFO | samsung_auto_trader | Token reuse: cached same-day token is valid.
2026-06-01 11:48:25 | INFO | samsung_auto_trader | Token reuse: cached same-day token is valid.
2026-06-01 11:48:31 | INFO | samsung_auto_trader | Holdings before order | cash_available=3626449 | total_eval_amount=9509673 | samsung_holding={'symbol': '005930', 'qty': 17, 'sellable_qty': 12, 'avg_price': 0}
2026-06-01 11:48:31 | INFO | samsung_auto_trader | 
====================================================================
[STATUS] 2026-06-01 11:48:31 KST
holding | symbol=005930 qty=17 sellable_qty=12 avg_price=0
inventory_limits | initial=12 min=3 max=25 effective_position=12
open_orders | buy_open=0 sell_open=5 total_open=5
 - side=sell order_no=0000021844 time=114736 qty=1 filled=0 unfilled=1 price=347000 branch=
 - side=sell order_no=0000021767 time=114625 qty=1 filled=0 unfilled=1 price=347500 branch=
 - side=sell order_no=0000021659 time=114454 qty=1 filled=0 unfilled=1 price=348000 branch=
 - side=sell order_no=0000021571 time=114340 qty=1 filled=0 unfilled=1 price=348000 branch=
 - side=sell order_no=0000021433 time=114214 qty=1 filled=0 unfilled=1 price=348000 branch=
====================================================================
2026-06-01 11:48:31 | INFO | samsung_auto_trader | Price normalized by tick size | current=344500 tick=500 raw_buy=343500 buy=343500 raw_sell=345500 sell=345500
2026-06-01 11:48:31 | INFO | samsung_auto_trader | Buy order request: qty=1, price=343500
2026-06-01 11:48:31 | INFO | samsung_auto_trader | Token reuse: cached same-day token is valid.
2026-06-01 11:48:33 | INFO | samsung_auto_trader | Buy order accepted | order_no=00950 | order_time=114833 | qty=1 | price=343500
2026-06-01 11:48:33 | INFO | samsung_auto_trader | Waiting 5 seconds before post-buy balance check.
2026-06-01 11:48:38 | INFO | samsung_auto_trader | Token reuse: cached same-day token is valid.
2026-06-01 11:48:44 | INFO | samsung_auto_trader | Token reuse: cached same-day token is valid.
2026-06-01 11:48:50 | INFO | samsung_auto_trader | Token reuse: cached same-day token is valid.
2026-06-01 11:48:55 | INFO | samsung_auto_trader | Holdings after buy | cash_available=3285492 | total_eval_amount=9501173 | samsung_holding={'symbol': '005930', 'qty': 17, 'sellable_qty': 12, 'avg_price': 0}
2026-06-01 11:48:55 | INFO | samsung_auto_trader | 
====================================================================
[STATUS] 2026-06-01 11:48:55 KST
holding | symbol=005930 qty=17 sellable_qty=12 avg_price=0
inventory_limits | initial=12 min=3 max=25 effective_position=13
open_orders | buy_open=1 sell_open=5 total_open=6
 - side=buy order_no=0000021925 time=114833 qty=1 filled=0 unfilled=1 price=343500 branch=
 - side=sell order_no=0000021844 time=114736 qty=1 filled=0 unfilled=1 price=347000 branch=
 - side=sell order_no=0000021767 time=114625 qty=1 filled=0 unfilled=1 price=347500 branch=
 - side=sell order_no=0000021659 time=114454 qty=1 filled=0 unfilled=1 price=348000 branch=
 - side=sell order_no=0000021571 time=114340 qty=1 filled=0 unfilled=1 price=348000 branch=
 - side=sell order_no=0000021433 time=114214 qty=1 filled=0 unfilled=1 price=348000 branch=
====================================================================
2026-06-01 11:48:55 | INFO | samsung_auto_trader | Execution check for buy: before_qty=17, after_qty=17, executed=False
2026-06-01 11:48:55 | INFO | samsung_auto_trader | Token reuse: cached same-day token is valid.
2026-06-01 11:49:00 | INFO | samsung_auto_trader | Sell order request: qty=1, price=345500 | sellable_qty=12 min_position=3
2026-06-01 11:49:00 | INFO | samsung_auto_trader | Token reuse: cached same-day token is valid.
2026-06-01 11:49:05 | INFO | samsung_auto_trader | Sell order accepted | order_no=00950 | order_time=114905 | qty=1 | price=345500
2026-06-01 11:49:05 | INFO | samsung_auto_trader | Waiting 5 seconds before post-sell balance check.
2026-06-01 11:49:10 | INFO | samsung_auto_trader | Token reuse: cached same-day token is valid.
2026-06-01 11:49:14 | INFO | samsung_auto_trader | Token reuse: cached same-day token is valid.
2026-06-01 11:49:17 | INFO | samsung_auto_trader | Token reuse: cached same-day token is valid.
2026-06-01 11:49:17 | INFO | samsung_auto_trader | Holdings after sell | cash_available=3285492 | total_eval_amount=9505423 | samsung_holding={'symbol': '005930', 'qty': 17, 'sellable_qty': 11, 'avg_price': 0}
2026-06-01 11:49:17 | INFO | samsung_auto_trader | 
====================================================================
[STATUS] 2026-06-01 11:49:17 KST
holding | symbol=005930 qty=17 sellable_qty=11 avg_price=0
inventory_limits | initial=12 min=3 max=25 effective_position=12
open_orders | buy_open=1 sell_open=6 total_open=7
 - side=sell order_no=0000021970 time=114905 qty=1 filled=0 unfilled=1 price=345500 branch=
 - side=buy order_no=0000021925 time=114833 qty=1 filled=0 unfilled=1 price=343500 branch=
 - side=sell order_no=0000021844 time=114736 qty=1 filled=0 unfilled=1 price=347000 branch=
 - side=sell order_no=0000021767 time=114625 qty=1 filled=0 unfilled=1 price=347500 branch=
 - side=sell order_no=0000021659 time=114454 qty=1 filled=0 unfilled=1 price=348000 branch=
 - side=sell order_no=0000021571 time=114340 qty=1 filled=0 unfilled=1 price=348000 branch=
 - side=sell order_no=0000021433 time=114214 qty=1 filled=0 unfilled=1 price=348000 branch=
====================================================================
2026-06-01 11:49:17 | INFO | samsung_auto_trader | Execution check for sell: before_qty=17, after_qty=17, executed=False
2026-06-01 11:49:17 | INFO | samsung_auto_trader | Trade cycle finished.
2026-06-01 11:49:37 | INFO | samsung_auto_trader | Starting trade cycle.
2026-06-01 11:49:37 | INFO | samsung_auto_trader | Token reuse: cached same-day token is valid.
2026-06-01 11:49:37 | INFO | samsung_auto_trader | Current price: 345500 KRW | inferred_tick_size=500
2026-06-01 11:49:38 | INFO | samsung_auto_trader | Token reuse: cached same-day token is valid.
2026-06-01 11:49:41 | INFO | samsung_auto_trader | Token reuse: cached same-day token is valid.
2026-06-01 11:49:43 | INFO | samsung_auto_trader | Token reuse: cached same-day token is valid.
2026-06-01 11:49:43 | INFO | samsung_auto_trader | Holdings before order | cash_available=3628234 | total_eval_amount=9517443 | samsung_holding={'symbol': '005930', 'qty': 16, 'sellable_qty': 11, 'avg_price': 0}
2026-06-01 11:49:43 | INFO | samsung_auto_trader | 
====================================================================
[STATUS] 2026-06-01 11:49:43 KST
holding | symbol=005930 qty=16 sellable_qty=11 avg_price=0
inventory_limits | initial=12 min=3 max=25 effective_position=12
open_orders | buy_open=1 sell_open=5 total_open=6
 - side=buy order_no=0000021925 time=114833 qty=1 filled=0 unfilled=1 price=343500 branch=
 - side=sell order_no=0000021844 time=114736 qty=1 filled=0 unfilled=1 price=347000 branch=
 - side=sell order_no=0000021767 time=114625 qty=1 filled=0 unfilled=1 price=347500 branch=
 - side=sell order_no=0000021659 time=114454 qty=1 filled=0 unfilled=1 price=348000 branch=
 - side=sell order_no=0000021571 time=114340 qty=1 filled=0 unfilled=1 price=348000 branch=
 - side=sell order_no=0000021433 time=114214 qty=1 filled=0 unfilled=1 price=348000 branch=
====================================================================
2026-06-01 11:49:43 | INFO | samsung_auto_trader | Price normalized by tick size | current=345500 tick=500 raw_buy=344500 buy=344500 raw_sell=346500 sell=346500
2026-06-01 11:49:43 | INFO | samsung_auto_trader | Buy order request: qty=1, price=344500
2026-06-01 11:49:44 | INFO | samsung_auto_trader | Token reuse: cached same-day token is valid.
2026-06-01 11:49:46 | INFO | samsung_auto_trader | Buy order accepted | order_no=00950 | order_time=114946 | qty=1 | price=344500
2026-06-01 11:49:46 | INFO | samsung_auto_trader | Waiting 5 seconds before post-buy balance check.
2026-06-01 11:49:51 | INFO | samsung_auto_trader | Token reuse: cached same-day token is valid.
2026-06-01 11:49:51 | WARNING | samsung_auto_trader | API request failed (GET /uapi/domestic-stock/v1/trading/inquire-balance, attempt 1/3): ('Connection aborted.', RemoteDisconnected('Remote end closed connection without response'))
2026-06-01 11:49:59 | INFO | samsung_auto_trader | Token reuse: cached same-day token is valid.
2026-06-01 11:50:05 | INFO | samsung_auto_trader | Token reuse: cached same-day token is valid.
2026-06-01 11:50:13 | INFO | samsung_auto_trader | Holdings after buy | cash_available=3285457 | total_eval_amount=9513443 | samsung_holding={'symbol': '005930', 'qty': 16, 'sellable_qty': 11, 'avg_price': 0}
2026-06-01 11:50:13 | INFO | samsung_auto_trader | 
====================================================================
[STATUS] 2026-06-01 11:50:13 KST
holding | symbol=005930 qty=16 sellable_qty=11 avg_price=0
inventory_limits | initial=12 min=3 max=25 effective_position=12
open_orders | buy_open=1 sell_open=5 total_open=6
 - side=buy order_no=0000021925 time=114833 qty=1 filled=0 unfilled=1 price=343500 branch=
 - side=sell order_no=0000021844 time=114736 qty=1 filled=0 unfilled=1 price=347000 branch=
 - side=sell order_no=0000021767 time=114625 qty=1 filled=0 unfilled=1 price=347500 branch=
 - side=sell order_no=0000021659 time=114454 qty=1 filled=0 unfilled=1 price=348000 branch=
 - side=sell order_no=0000021571 time=114340 qty=1 filled=0 unfilled=1 price=348000 branch=
 - side=sell order_no=0000021433 time=114214 qty=1 filled=0 unfilled=1 price=348000 branch=
====================================================================
2026-06-01 11:50:13 | INFO | samsung_auto_trader | Execution check for buy: before_qty=16, after_qty=16, executed=False
2026-06-01 11:50:13 | INFO | samsung_auto_trader | Token reuse: cached same-day token is valid.
2026-06-01 11:50:22 | INFO | samsung_auto_trader | Sell order request: qty=1, price=346500 | sellable_qty=11 min_position=3
2026-06-01 11:50:22 | INFO | samsung_auto_trader | Token reuse: cached same-day token is valid.
2026-06-01 11:50:27 | INFO | samsung_auto_trader | Sell order accepted | order_no=00950 | order_time=115027 | qty=1 | price=346500
2026-06-01 11:50:27 | INFO | samsung_auto_trader | Waiting 5 seconds before post-sell balance check.
2026-06-01 11:50:32 | INFO | samsung_auto_trader | Token reuse: cached same-day token is valid.
2026-06-01 11:50:32 | WARNING | samsung_auto_trader | API request failed (GET /uapi/domestic-stock/v1/trading/inquire-balance, attempt 1/3): ('Connection aborted.', RemoteDisconnected('Remote end closed connection without response'))
2026-06-01 11:50:41 | INFO | samsung_auto_trader | Token reuse: cached same-day token is valid.
2026-06-01 11:50:47 | INFO | samsung_auto_trader | Token reuse: cached same-day token is valid.
2026-06-01 11:50:52 | INFO | samsung_auto_trader | Holdings after sell | cash_available=3285457 | total_eval_amount=9505643 | samsung_holding={'symbol': '005930', 'qty': 17, 'sellable_qty': 11, 'avg_price': 0}
2026-06-01 11:50:52 | INFO | samsung_auto_trader | 
====================================================================
[STATUS] 2026-06-01 11:50:52 KST
holding | symbol=005930 qty=17 sellable_qty=11 avg_price=0
inventory_limits | initial=12 min=3 max=25 effective_position=12
open_orders | buy_open=1 sell_open=6 total_open=7
 - side=sell order_no=0000022099 time=115027 qty=1 filled=0 unfilled=1 price=346500 branch=
 - side=buy order_no=0000021925 time=114833 qty=1 filled=0 unfilled=1 price=343500 branch=
 - side=sell order_no=0000021844 time=114736 qty=1 filled=0 unfilled=1 price=347000 branch=
 - side=sell order_no=0000021767 time=114625 qty=1 filled=0 unfilled=1 price=347500 branch=
 - side=sell order_no=0000021659 time=114454 qty=1 filled=0 unfilled=1 price=348000 branch=
 - side=sell order_no=0000021571 time=114340 qty=1 filled=0 unfilled=1 price=348000 branch=
 - side=sell order_no=0000021433 time=114214 qty=1 filled=0 unfilled=1 price=348000 branch=
====================================================================
2026-06-01 11:50:52 | INFO | samsung_auto_trader | Execution check for sell: before_qty=16, after_qty=17, executed=False
2026-06-01 11:50:52 | INFO | samsung_auto_trader | Trade cycle finished.
2026-06-01 11:51:12 | INFO | samsung_auto_trader | Starting trade cycle.
2026-06-01 11:51:12 | INFO | samsung_auto_trader | Token reuse: cached same-day token is valid.
2026-06-01 11:51:13 | INFO | samsung_auto_trader | Current price: 345000 KRW | inferred_tick_size=500
2026-06-01 11:51:13 | INFO | samsung_auto_trader | Token reuse: cached same-day token is valid.
2026-06-01 11:51:18 | INFO | samsung_auto_trader | Token reuse: cached same-day token is valid.
2026-06-01 11:51:22 | INFO | samsung_auto_trader | Token reuse: cached same-day token is valid.
2026-06-01 11:51:26 | INFO | samsung_auto_trader | Holdings before order | cash_available=3285457 | total_eval_amount=9501393 | samsung_holding={'symbol': '005930', 'qty': 17, 'sellable_qty': 11, 'avg_price': 0}
2026-06-01 11:51:26 | INFO | samsung_auto_trader | 
====================================================================
[STATUS] 2026-06-01 11:51:26 KST
holding | symbol=005930 qty=17 sellable_qty=11 avg_price=0
inventory_limits | initial=12 min=3 max=25 effective_position=12
open_orders | buy_open=1 sell_open=6 total_open=7
 - side=sell order_no=0000022099 time=115027 qty=1 filled=0 unfilled=1 price=346500 branch=
 - side=buy order_no=0000021925 time=114833 qty=1 filled=0 unfilled=1 price=343500 branch=
 - side=sell order_no=0000021844 time=114736 qty=1 filled=0 unfilled=1 price=347000 branch=
 - side=sell order_no=0000021767 time=114625 qty=1 filled=0 unfilled=1 price=347500 branch=
 - side=sell order_no=0000021659 time=114454 qty=1 filled=0 unfilled=1 price=348000 branch=
 - side=sell order_no=0000021571 time=114340 qty=1 filled=0 unfilled=1 price=348000 branch=
 - side=sell order_no=0000021433 time=114214 qty=1 filled=0 unfilled=1 price=348000 branch=
====================================================================
2026-06-01 11:51:26 | INFO | samsung_auto_trader | Price normalized by tick size | current=345000 tick=500 raw_buy=344000 buy=344000 raw_sell=346000 sell=346000
2026-06-01 11:51:26 | INFO | samsung_auto_trader | Buy order request: qty=1, price=344000
2026-06-01 11:51:26 | INFO | samsung_auto_trader | Token reuse: cached same-day token is valid.
2026-06-01 11:51:27 | INFO | samsung_auto_trader | Buy order accepted | order_no=00950 | order_time=115127 | qty=1 | price=344000
2026-06-01 11:51:27 | INFO | samsung_auto_trader | Waiting 5 seconds before post-buy balance check.
2026-06-01 11:51:32 | INFO | samsung_auto_trader | Token reuse: cached same-day token is valid.
2026-06-01 11:51:32 | WARNING | samsung_auto_trader | API request failed (GET /uapi/domestic-stock/v1/trading/inquire-balance, attempt 1/3): ('Connection aborted.', RemoteDisconnected('Remote end closed connection without response'))
2026-06-01 11:51:41 | INFO | samsung_auto_trader | Token reuse: cached same-day token is valid.
2026-06-01 11:51:48 | INFO | samsung_auto_trader | Token reuse: cached same-day token is valid.
2026-06-01 11:51:50 | INFO | samsung_auto_trader | Token reuse: cached same-day token is valid.
2026-06-01 11:51:53 | INFO | samsung_auto_trader | Holdings after buy | cash_available=2943177 | total_eval_amount=9497343 | samsung_holding={'symbol': '005930', 'qty': 18, 'sellable_qty': 12, 'avg_price': 0}
2026-06-01 11:51:53 | INFO | samsung_auto_trader | 
====================================================================
[STATUS] 2026-06-01 11:51:53 KST
holding | symbol=005930 qty=18 sellable_qty=12 avg_price=0
inventory_limits | initial=12 min=3 max=25 effective_position=13
open_orders | buy_open=1 sell_open=6 total_open=7
 - side=sell order_no=0000022099 time=115027 qty=1 filled=0 unfilled=1 price=346500 branch=
 - side=buy order_no=0000021925 time=114833 qty=1 filled=0 unfilled=1 price=343500 branch=
 - side=sell order_no=0000021844 time=114736 qty=1 filled=0 unfilled=1 price=347000 branch=
 - side=sell order_no=0000021767 time=114625 qty=1 filled=0 unfilled=1 price=347500 branch=
 - side=sell order_no=0000021659 time=114454 qty=1 filled=0 unfilled=1 price=348000 branch=
 - side=sell order_no=0000021571 time=114340 qty=1 filled=0 unfilled=1 price=348000 branch=
 - side=sell order_no=0000021433 time=114214 qty=1 filled=0 unfilled=1 price=348000 branch=
====================================================================
2026-06-01 11:51:53 | INFO | samsung_auto_trader | Execution check for buy: before_qty=17, after_qty=18, executed=True
2026-06-01 11:51:53 | INFO | samsung_auto_trader | Token reuse: cached same-day token is valid.
2026-06-01 11:51:55 | INFO | samsung_auto_trader | Token reuse: cached same-day token is valid.
2026-06-01 11:51:59 | INFO | samsung_auto_trader | Sell order request: qty=1, price=346000 | sellable_qty=12 min_position=3
2026-06-01 11:51:59 | INFO | samsung_auto_trader | Token reuse: cached same-day token is valid.
2026-06-01 11:52:06 | INFO | samsung_auto_trader | Sell order accepted | order_no=00950 | order_time=115206 | qty=1 | price=346000
2026-06-01 11:52:06 | INFO | samsung_auto_trader | Waiting 5 seconds before post-sell balance check.
2026-06-01 11:52:11 | INFO | samsung_auto_trader | Token reuse: cached same-day token is valid.
2026-06-01 11:52:11 | WARNING | samsung_auto_trader | API request failed (GET /uapi/domestic-stock/v1/trading/inquire-balance, attempt 1/3): ('Connection aborted.', RemoteDisconnected('Remote end closed connection without response'))
2026-06-01 11:52:20 | INFO | samsung_auto_trader | Token reuse: cached same-day token is valid.
2026-06-01 11:52:26 | INFO | samsung_auto_trader | Token reuse: cached same-day token is valid.
2026-06-01 11:52:30 | INFO | samsung_auto_trader | Token reuse: cached same-day token is valid.
2026-06-01 11:52:33 | INFO | samsung_auto_trader | Holdings after sell | cash_available=2943177 | total_eval_amount=9497343 | samsung_holding={'symbol': '005930', 'qty': 18, 'sellable_qty': 11, 'avg_price': 0}
2026-06-01 11:52:33 | INFO | samsung_auto_trader | 
====================================================================
[STATUS] 2026-06-01 11:52:33 KST
holding | symbol=005930 qty=18 sellable_qty=11 avg_price=0
inventory_limits | initial=12 min=3 max=25 effective_position=12
open_orders | buy_open=1 sell_open=7 total_open=8
 - side=sell order_no=0000022220 time=115206 qty=1 filled=0 unfilled=1 price=346000 branch=
 - side=sell order_no=0000022099 time=115027 qty=1 filled=0 unfilled=1 price=346500 branch=
 - side=buy order_no=0000021925 time=114833 qty=1 filled=0 unfilled=1 price=343500 branch=
 - side=sell order_no=0000021844 time=114736 qty=1 filled=0 unfilled=1 price=347000 branch=
 - side=sell order_no=0000021767 time=114625 qty=1 filled=0 unfilled=1 price=347500 branch=
 - side=sell order_no=0000021659 time=114454 qty=1 filled=0 unfilled=1 price=348000 branch=
 - side=sell order_no=0000021571 time=114340 qty=1 filled=0 unfilled=1 price=348000 branch=
 - side=sell order_no=0000021433 time=114214 qty=1 filled=0 unfilled=1 price=348000 branch=
====================================================================
2026-06-01 11:52:33 | INFO | samsung_auto_trader | Execution check for sell: before_qty=18, after_qty=18, executed=False
2026-06-01 11:52:33 | INFO | samsung_auto_trader | Trade cycle finished.
2026-06-01 11:52:53 | INFO | samsung_auto_trader | Starting trade cycle.
2026-06-01 11:52:53 | INFO | samsung_auto_trader | Token reuse: cached same-day token is valid.
2026-06-01 11:52:53 | INFO | samsung_auto_trader | Current price: 344500 KRW | inferred_tick_size=500
2026-06-01 11:52:54 | INFO | samsung_auto_trader | Token reuse: cached same-day token is valid.
2026-06-01 11:52:58 | INFO | samsung_auto_trader | Token reuse: cached same-day token is valid.
2026-06-01 11:53:04 | INFO | samsung_auto_trader | Token reuse: cached same-day token is valid.
2026-06-01 11:53:11 | INFO | samsung_auto_trader | Token reuse: cached same-day token is valid.
2026-06-01 11:53:19 | INFO | samsung_auto_trader | Holdings before order | cash_available=2943177 | total_eval_amount=9492843 | samsung_holding={'symbol': '005930', 'qty': 18, 'sellable_qty': 11, 'avg_price': 0}
2026-06-01 11:53:19 | INFO | samsung_auto_trader | 
====================================================================
[STATUS] 2026-06-01 11:53:19 KST
holding | symbol=005930 qty=18 sellable_qty=11 avg_price=0
inventory_limits | initial=12 min=3 max=25 effective_position=12
open_orders | buy_open=1 sell_open=7 total_open=8
 - side=sell order_no=0000022220 time=115206 qty=1 filled=0 unfilled=1 price=346000 branch=
 - side=sell order_no=0000022099 time=115027 qty=1 filled=0 unfilled=1 price=346500 branch=
 - side=buy order_no=0000021925 time=114833 qty=1 filled=0 unfilled=1 price=343500 branch=
 - side=sell order_no=0000021844 time=114736 qty=1 filled=0 unfilled=1 price=347000 branch=
 - side=sell order_no=0000021767 time=114625 qty=1 filled=0 unfilled=1 price=347500 branch=
 - side=sell order_no=0000021659 time=114454 qty=1 filled=0 unfilled=1 price=348000 branch=
 - side=sell order_no=0000021571 time=114340 qty=1 filled=0 unfilled=1 price=348000 branch=
 - side=sell order_no=0000021433 time=114214 qty=1 filled=0 unfilled=1 price=348000 branch=
====================================================================
2026-06-01 11:53:19 | INFO | samsung_auto_trader | Price normalized by tick size | current=344500 tick=500 raw_buy=343500 buy=343500 raw_sell=345500 sell=345500
2026-06-01 11:53:19 | INFO | samsung_auto_trader | Buy order request: qty=1, price=343500
2026-06-01 11:53:19 | INFO | samsung_auto_trader | Token reuse: cached same-day token is valid.
2026-06-01 11:53:23 | INFO | samsung_auto_trader | Buy order accepted | order_no=00950 | order_time=115323 | qty=1 | price=343500
2026-06-01 11:53:23 | INFO | samsung_auto_trader | Waiting 5 seconds before post-buy balance check.
2026-06-01 11:53:28 | INFO | samsung_auto_trader | Token reuse: cached same-day token is valid.
2026-06-01 11:53:32 | INFO | samsung_auto_trader | Token reuse: cached same-day token is valid.
2026-06-01 11:53:36 | INFO | samsung_auto_trader | Token reuse: cached same-day token is valid.
2026-06-01 11:53:37 | INFO | samsung_auto_trader | Token reuse: cached same-day token is valid.
2026-06-01 11:53:37 | INFO | samsung_auto_trader | Holdings after buy | cash_available=2600674 | total_eval_amount=9493743 | samsung_holding={'symbol': '005930', 'qty': 20, 'sellable_qty': 13, 'avg_price': 0}
2026-06-01 11:53:37 | INFO | samsung_auto_trader | 
====================================================================
[STATUS] 2026-06-01 11:53:37 KST
holding | symbol=005930 qty=20 sellable_qty=13 avg_price=0
inventory_limits | initial=12 min=3 max=25 effective_position=13
open_orders | buy_open=0 sell_open=7 total_open=7
 - side=sell order_no=0000022220 time=115206 qty=1 filled=0 unfilled=1 price=346000 branch=
 - side=sell order_no=0000022099 time=115027 qty=1 filled=0 unfilled=1 price=346500 branch=
 - side=sell order_no=0000021844 time=114736 qty=1 filled=0 unfilled=1 price=347000 branch=
 - side=sell order_no=0000021767 time=114625 qty=1 filled=0 unfilled=1 price=347500 branch=
 - side=sell order_no=0000021659 time=114454 qty=1 filled=0 unfilled=1 price=348000 branch=
 - side=sell order_no=0000021571 time=114340 qty=1 filled=0 unfilled=1 price=348000 branch=
 - side=sell order_no=0000021433 time=114214 qty=1 filled=0 unfilled=1 price=348000 branch=
====================================================================
2026-06-01 11:53:37 | INFO | samsung_auto_trader | Execution check for buy: before_qty=18, after_qty=20, executed=True
2026-06-01 11:53:38 | INFO | samsung_auto_trader | Token reuse: cached same-day token is valid.
2026-06-01 11:53:39 | INFO | samsung_auto_trader | Token reuse: cached same-day token is valid.
2026-06-01 11:53:39 | INFO | samsung_auto_trader | Sell order request: qty=1, price=345500 | sellable_qty=13 min_position=3
2026-06-01 11:53:40 | INFO | samsung_auto_trader | Token reuse: cached same-day token is valid.
2026-06-01 11:53:42 | INFO | samsung_auto_trader | Sell order accepted | order_no=00950 | order_time=115342 | qty=1 | price=345500
2026-06-01 11:53:42 | INFO | samsung_auto_trader | Waiting 5 seconds before post-sell balance check.
2026-06-01 11:53:47 | INFO | samsung_auto_trader | Token reuse: cached same-day token is valid.
2026-06-01 11:53:47 | WARNING | samsung_auto_trader | API request failed (GET /uapi/domestic-stock/v1/trading/inquire-balance, attempt 1/3): ('Connection aborted.', RemoteDisconnected('Remote end closed connection without response'))
2026-06-01 11:53:53 | INFO | samsung_auto_trader | Token reuse: cached same-day token is valid.
2026-06-01 11:53:57 | INFO | samsung_auto_trader | Token reuse: cached same-day token is valid.
2026-06-01 11:53:58 | INFO | samsung_auto_trader | Token reuse: cached same-day token is valid.
2026-06-01 11:53:58 | INFO | samsung_auto_trader | Holdings after sell | cash_available=2600674 | total_eval_amount=9508743 | samsung_holding={'symbol': '005930', 'qty': 20, 'sellable_qty': 12, 'avg_price': 0}
2026-06-01 11:53:58 | INFO | samsung_auto_trader | 
====================================================================
[STATUS] 2026-06-01 11:53:58 KST
holding | symbol=005930 qty=20 sellable_qty=12 avg_price=0
inventory_limits | initial=12 min=3 max=25 effective_position=12
open_orders | buy_open=0 sell_open=8 total_open=8
 - side=sell order_no=0000022360 time=115342 qty=1 filled=0 unfilled=1 price=345500 branch=
 - side=sell order_no=0000022220 time=115206 qty=1 filled=0 unfilled=1 price=346000 branch=
 - side=sell order_no=0000022099 time=115027 qty=1 filled=0 unfilled=1 price=346500 branch=
 - side=sell order_no=0000021844 time=114736 qty=1 filled=0 unfilled=1 price=347000 branch=
 - side=sell order_no=0000021767 time=114625 qty=1 filled=0 unfilled=1 price=347500 branch=
 - side=sell order_no=0000021659 time=114454 qty=1 filled=0 unfilled=1 price=348000 branch=
 - side=sell order_no=0000021571 time=114340 qty=1 filled=0 unfilled=1 price=348000 branch=
 - side=sell order_no=0000021433 time=114214 qty=1 filled=0 unfilled=1 price=348000 branch=
====================================================================
2026-06-01 11:53:58 | INFO | samsung_auto_trader | Execution check for sell: before_qty=20, after_qty=20, executed=False
2026-06-01 11:53:58 | INFO | samsung_auto_trader | Trade cycle finished.
2026-06-01 11:54:18 | INFO | samsung_auto_trader | Starting trade cycle.
2026-06-01 11:54:18 | INFO | samsung_auto_trader | Token reuse: cached same-day token is valid.
2026-06-01 11:54:22 | INFO | samsung_auto_trader | Current price: 344750 KRW | inferred_tick_size=500
2026-06-01 11:54:22 | INFO | samsung_auto_trader | Token reuse: cached same-day token is valid.
2026-06-01 11:54:29 | INFO | samsung_auto_trader | Token reuse: cached same-day token is valid.
2026-06-01 11:54:34 | INFO | samsung_auto_trader | Token reuse: cached same-day token is valid.
2026-06-01 11:54:39 | INFO | samsung_auto_trader | Token reuse: cached same-day token is valid.
2026-06-01 11:54:44 | INFO | samsung_auto_trader | Holdings before order | cash_available=2600674 | total_eval_amount=9508743 | samsung_holding={'symbol': '005930', 'qty': 20, 'sellable_qty': 12, 'avg_price': 0}
2026-06-01 11:54:44 | INFO | samsung_auto_trader | 
====================================================================
[STATUS] 2026-06-01 11:54:44 KST
holding | symbol=005930 qty=20 sellable_qty=12 avg_price=0
inventory_limits | initial=12 min=3 max=25 effective_position=12
open_orders | buy_open=0 sell_open=8 total_open=8
 - side=sell order_no=0000022360 time=115342 qty=1 filled=0 unfilled=1 price=345500 branch=
 - side=sell order_no=0000022220 time=115206 qty=1 filled=0 unfilled=1 price=346000 branch=
 - side=sell order_no=0000022099 time=115027 qty=1 filled=0 unfilled=1 price=346500 branch=
 - side=sell order_no=0000021844 time=114736 qty=1 filled=0 unfilled=1 price=347000 branch=
 - side=sell order_no=0000021767 time=114625 qty=1 filled=0 unfilled=1 price=347500 branch=
 - side=sell order_no=0000021659 time=114454 qty=1 filled=0 unfilled=1 price=348000 branch=
 - side=sell order_no=0000021571 time=114340 qty=1 filled=0 unfilled=1 price=348000 branch=
 - side=sell order_no=0000021433 time=114214 qty=1 filled=0 unfilled=1 price=348000 branch=
====================================================================
2026-06-01 11:54:44 | INFO | samsung_auto_trader | Price normalized by tick size | current=344750 tick=500 raw_buy=343750 buy=343500 raw_sell=345750 sell=346000
2026-06-01 11:54:44 | INFO | samsung_auto_trader | Buy order request: qty=1, price=343500
2026-06-01 11:54:44 | INFO | samsung_auto_trader | Token reuse: cached same-day token is valid.
2026-06-01 11:54:48 | INFO | samsung_auto_trader | Buy order accepted | order_no=00950 | order_time=115448 | qty=1 | price=343500
2026-06-01 11:54:48 | INFO | samsung_auto_trader | Waiting 5 seconds before post-buy balance check.
2026-06-01 11:54:53 | INFO | samsung_auto_trader | Token reuse: cached same-day token is valid.
2026-06-01 11:54:55 | INFO | samsung_auto_trader | Token reuse: cached same-day token is valid.
2026-06-01 11:54:56 | INFO | samsung_auto_trader | Token reuse: cached same-day token is valid.
2026-06-01 11:54:58 | INFO | samsung_auto_trader | Token reuse: cached same-day token is valid.
2026-06-01 11:54:58 | INFO | samsung_auto_trader | Holdings after buy | cash_available=2259612 | total_eval_amount=9508743 | samsung_holding={'symbol': '005930', 'qty': 20, 'sellable_qty': 12, 'avg_price': 0}
2026-06-01 11:54:58 | INFO | samsung_auto_trader | 
====================================================================
[STATUS] 2026-06-01 11:54:58 KST
holding | symbol=005930 qty=20 sellable_qty=12 avg_price=0
inventory_limits | initial=12 min=3 max=25 effective_position=13
open_orders | buy_open=1 sell_open=8 total_open=9
 - side=buy order_no=0000022440 time=115448 qty=1 filled=0 unfilled=1 price=343500 branch=
 - side=sell order_no=0000022360 time=115342 qty=1 filled=0 unfilled=1 price=345500 branch=
 - side=sell order_no=0000022220 time=115206 qty=1 filled=0 unfilled=1 price=346000 branch=
 - side=sell order_no=0000022099 time=115027 qty=1 filled=0 unfilled=1 price=346500 branch=
 - side=sell order_no=0000021844 time=114736 qty=1 filled=0 unfilled=1 price=347000 branch=
 - side=sell order_no=0000021767 time=114625 qty=1 filled=0 unfilled=1 price=347500 branch=
 - side=sell order_no=0000021659 time=114454 qty=1 filled=0 unfilled=1 price=348000 branch=
 - side=sell order_no=0000021571 time=114340 qty=1 filled=0 unfilled=1 price=348000 branch=
 - side=sell order_no=0000021433 time=114214 qty=1 filled=0 unfilled=1 price=348000 branch=
====================================================================
2026-06-01 11:54:58 | INFO | samsung_auto_trader | Execution check for buy: before_qty=20, after_qty=20, executed=False
2026-06-01 11:54:59 | INFO | samsung_auto_trader | Token reuse: cached same-day token is valid.
2026-06-01 11:55:00 | INFO | samsung_auto_trader | Token reuse: cached same-day token is valid.
2026-06-01 11:55:00 | INFO | samsung_auto_trader | Sell order request: qty=1, price=346000 | sellable_qty=12 min_position=3
2026-06-01 11:55:01 | INFO | samsung_auto_trader | Token reuse: cached same-day token is valid.
2026-06-01 11:55:04 | INFO | samsung_auto_trader | Sell order accepted | order_no=00950 | order_time=115504 | qty=1 | price=346000
2026-06-01 11:55:04 | INFO | samsung_auto_trader | Waiting 5 seconds before post-sell balance check.
2026-06-01 11:55:09 | INFO | samsung_auto_trader | Token reuse: cached same-day token is valid.
2026-06-01 11:55:18 | INFO | samsung_auto_trader | Token reuse: cached same-day token is valid.
2026-06-01 11:55:26 | INFO | samsung_auto_trader | Token reuse: cached same-day token is valid.
2026-06-01 11:55:33 | INFO | samsung_auto_trader | Token reuse: cached same-day token is valid.
2026-06-01 11:55:40 | INFO | samsung_auto_trader | Holdings after sell | cash_available=2602353 | total_eval_amount=9513743 | samsung_holding={'symbol': '005930', 'qty': 20, 'sellable_qty': 11, 'avg_price': 0}
2026-06-01 11:55:40 | INFO | samsung_auto_trader | 
====================================================================
[STATUS] 2026-06-01 11:55:40 KST
holding | symbol=005930 qty=20 sellable_qty=11 avg_price=0
inventory_limits | initial=12 min=3 max=25 effective_position=15
open_orders | buy_open=1 sell_open=6 total_open=7
 - side=buy order_no=0000022440 time=115448 qty=1 filled=0 unfilled=1 price=343500 branch=
 - side=sell order_no=0000022099 time=115027 qty=1 filled=0 unfilled=1 price=346500 branch=
 - side=sell order_no=0000021844 time=114736 qty=1 filled=0 unfilled=1 price=347000 branch=
 - side=sell order_no=0000021767 time=114625 qty=1 filled=0 unfilled=1 price=347500 branch=
 - side=sell order_no=0000021659 time=114454 qty=1 filled=0 unfilled=1 price=348000 branch=
 - side=sell order_no=0000021571 time=114340 qty=1 filled=0 unfilled=1 price=348000 branch=
 - side=sell order_no=0000021433 time=114214 qty=1 filled=0 unfilled=1 price=348000 branch=
====================================================================
2026-06-01 11:55:40 | INFO | samsung_auto_trader | Execution check for sell: before_qty=20, after_qty=20, executed=False
2026-06-01 11:55:40 | INFO | samsung_auto_trader | Trade cycle finished.
2026-06-01 11:56:00 | INFO | samsung_auto_trader | Starting trade cycle.
2026-06-01 11:56:00 | INFO | samsung_auto_trader | Token reuse: cached same-day token is valid.
2026-06-01 11:56:04 | INFO | samsung_auto_trader | Current price: 346000 KRW | inferred_tick_size=500
2026-06-01 11:56:04 | INFO | samsung_auto_trader | Token reuse: cached same-day token is valid.
2026-06-01 11:56:12 | INFO | samsung_auto_trader | Token reuse: cached same-day token is valid.
2026-06-01 11:56:21 | INFO | samsung_auto_trader | Token reuse: cached same-day token is valid.
2026-06-01 11:56:22 | INFO | samsung_auto_trader | Token reuse: cached same-day token is valid.
2026-06-01 11:56:22 | INFO | samsung_auto_trader | Holdings before order | cash_available=3632561 | total_eval_amount=9531018 | samsung_holding={'symbol': '005930', 'qty': 17, 'sellable_qty': 11, 'avg_price': 0}
2026-06-01 11:56:22 | INFO | samsung_auto_trader | 
====================================================================
[STATUS] 2026-06-01 11:56:22 KST
holding | symbol=005930 qty=17 sellable_qty=11 avg_price=0
inventory_limits | initial=12 min=3 max=25 effective_position=13
open_orders | buy_open=1 sell_open=5 total_open=6
 - side=buy order_no=0000022440 time=115448 qty=1 filled=0 unfilled=1 price=343500 branch=
 - side=sell order_no=0000021844 time=114736 qty=1 filled=0 unfilled=1 price=347000 branch=
 - side=sell order_no=0000021767 time=114625 qty=1 filled=0 unfilled=1 price=347500 branch=
 - side=sell order_no=0000021659 time=114454 qty=1 filled=0 unfilled=1 price=348000 branch=
 - side=sell order_no=0000021571 time=114340 qty=1 filled=0 unfilled=1 price=348000 branch=
 - side=sell order_no=0000021433 time=114214 qty=1 filled=0 unfilled=1 price=348000 branch=
====================================================================
2026-06-01 11:56:22 | INFO | samsung_auto_trader | Price normalized by tick size | current=346000 tick=500 raw_buy=345000 buy=345000 raw_sell=347000 sell=347000
2026-06-01 11:56:22 | INFO | samsung_auto_trader | Buy order request: qty=1, price=345000
2026-06-01 11:56:23 | INFO | samsung_auto_trader | Token reuse: cached same-day token is valid.
2026-06-01 11:56:23 | INFO | samsung_auto_trader | Buy order accepted | order_no=00950 | order_time=115623 | qty=1 | price=345000
2026-06-01 11:56:23 | INFO | samsung_auto_trader | Waiting 5 seconds before post-buy balance check.
2026-06-01 11:56:28 | INFO | samsung_auto_trader | Token reuse: cached same-day token is valid.
2026-06-01 11:56:37 | INFO | samsung_auto_trader | Token reuse: cached same-day token is valid.
2026-06-01 11:56:45 | INFO | samsung_auto_trader | Token reuse: cached same-day token is valid.
2026-06-01 11:56:52 | INFO | samsung_auto_trader | Token reuse: cached same-day token is valid.
2026-06-01 11:56:59 | INFO | samsung_auto_trader | Holdings after buy | cash_available=3289286 | total_eval_amount=9538775 | samsung_holding={'symbol': '005930', 'qty': 16, 'sellable_qty': 11, 'avg_price': 0}
2026-06-01 11:56:59 | INFO | samsung_auto_trader | 
====================================================================
[STATUS] 2026-06-01 11:56:59 KST
holding | symbol=005930 qty=16 sellable_qty=11 avg_price=0
inventory_limits | initial=12 min=3 max=25 effective_position=14
open_orders | buy_open=2 sell_open=4 total_open=6
 - side=buy order_no=0000022549 time=115623 qty=1 filled=0 unfilled=1 price=345000 branch=
 - side=buy order_no=0000022440 time=115448 qty=1 filled=0 unfilled=1 price=343500 branch=
 - side=sell order_no=0000021767 time=114625 qty=1 filled=0 unfilled=1 price=347500 branch=
 - side=sell order_no=0000021659 time=114454 qty=1 filled=0 unfilled=1 price=348000 branch=
 - side=sell order_no=0000021571 time=114340 qty=1 filled=0 unfilled=1 price=348000 branch=
 - side=sell order_no=0000021433 time=114214 qty=1 filled=0 unfilled=1 price=348000 branch=
====================================================================
2026-06-01 11:56:59 | INFO | samsung_auto_trader | Execution check for buy: before_qty=17, after_qty=16, executed=False
2026-06-01 11:56:59 | INFO | samsung_auto_trader | Token reuse: cached same-day token is valid.
2026-06-01 11:57:06 | INFO | samsung_auto_trader | Token reuse: cached same-day token is valid.
2026-06-01 11:57:13 | INFO | samsung_auto_trader | Sell order request: qty=1, price=347000 | sellable_qty=11 min_position=3
2026-06-01 11:57:13 | INFO | samsung_auto_trader | Token reuse: cached same-day token is valid.
2026-06-01 11:57:19 | INFO | samsung_auto_trader | Sell order accepted | order_no=00950 | order_time=115719 | qty=1 | price=347000
2026-06-01 11:57:19 | INFO | samsung_auto_trader | Waiting 5 seconds before post-sell balance check.
2026-06-01 11:57:24 | INFO | samsung_auto_trader | Token reuse: cached same-day token is valid.
2026-06-01 11:57:31 | INFO | samsung_auto_trader | Token reuse: cached same-day token is valid.
2026-06-01 11:57:38 | INFO | samsung_auto_trader | Token reuse: cached same-day token is valid.
2026-06-01 11:57:43 | INFO | samsung_auto_trader | Token reuse: cached same-day token is valid.
2026-06-01 11:57:43 | INFO | samsung_auto_trader | Holdings after sell | cash_available=3977745 | total_eval_amount=9541787 | samsung_holding={'symbol': '005930', 'qty': 14, 'sellable_qty': 10, 'avg_price': 0}
2026-06-01 11:57:43 | INFO | samsung_auto_trader | 
====================================================================
[STATUS] 2026-06-01 11:57:43 KST
holding | symbol=005930 qty=14 sellable_qty=10 avg_price=0
inventory_limits | initial=12 min=3 max=25 effective_position=12
open_orders | buy_open=2 sell_open=4 total_open=6
 - side=buy order_no=0000022549 time=115623 qty=1 filled=0 unfilled=1 price=345000 branch=
 - side=buy order_no=0000022440 time=115448 qty=1 filled=0 unfilled=1 price=343500 branch=
 - side=sell order_no=0000021767 time=114625 qty=1 filled=0 unfilled=1 price=347500 branch=
 - side=sell order_no=0000021659 time=114454 qty=1 filled=0 unfilled=1 price=348000 branch=
 - side=sell order_no=0000021571 time=114340 qty=1 filled=0 unfilled=1 price=348000 branch=
 - side=sell order_no=0000021433 time=114214 qty=1 filled=0 unfilled=1 price=348000 branch=
====================================================================
2026-06-01 11:57:43 | INFO | samsung_auto_trader | Execution check for sell: before_qty=16, after_qty=14, executed=True
2026-06-01 11:57:43 | INFO | samsung_auto_trader | Trade cycle finished.
2026-06-01 11:58:03 | INFO | samsung_auto_trader | Starting trade cycle.
2026-06-01 11:58:03 | INFO | samsung_auto_trader | Token reuse: cached same-day token is valid.
2026-06-01 11:58:05 | INFO | samsung_auto_trader | Current price: 346500 KRW | inferred_tick_size=500
2026-06-01 11:58:05 | INFO | samsung_auto_trader | Token reuse: cached same-day token is valid.
2026-06-01 11:58:11 | INFO | samsung_auto_trader | Token reuse: cached same-day token is valid.
2026-06-01 11:58:16 | INFO | samsung_auto_trader | Token reuse: cached same-day token is valid.
2026-06-01 11:58:20 | INFO | samsung_auto_trader | Token reuse: cached same-day token is valid.
2026-06-01 11:58:24 | INFO | samsung_auto_trader | Holdings before order | cash_available=3977745 | total_eval_amount=9545287 | samsung_holding={'symbol': '005930', 'qty': 14, 'sellable_qty': 10, 'avg_price': 0}
2026-06-01 11:58:24 | INFO | samsung_auto_trader | 
====================================================================
[STATUS] 2026-06-01 11:58:24 KST
holding | symbol=005930 qty=14 sellable_qty=10 avg_price=0
inventory_limits | initial=12 min=3 max=25 effective_position=12
open_orders | buy_open=2 sell_open=4 total_open=6
 - side=buy order_no=0000022549 time=115623 qty=1 filled=0 unfilled=1 price=345000 branch=
 - side=buy order_no=0000022440 time=115448 qty=1 filled=0 unfilled=1 price=343500 branch=
 - side=sell order_no=0000021767 time=114625 qty=1 filled=0 unfilled=1 price=347500 branch=
 - side=sell order_no=0000021659 time=114454 qty=1 filled=0 unfilled=1 price=348000 branch=
 - side=sell order_no=0000021571 time=114340 qty=1 filled=0 unfilled=1 price=348000 branch=
 - side=sell order_no=0000021433 time=114214 qty=1 filled=0 unfilled=1 price=348000 branch=
====================================================================
2026-06-01 11:58:24 | INFO | samsung_auto_trader | Price normalized by tick size | current=346500 tick=500 raw_buy=345500 buy=345500 raw_sell=347500 sell=347500
2026-06-01 11:58:24 | INFO | samsung_auto_trader | Buy order request: qty=1, price=345500
2026-06-01 11:58:24 | INFO | samsung_auto_trader | Token reuse: cached same-day token is valid.
2026-06-01 11:58:27 | INFO | samsung_auto_trader | Buy order accepted | order_no=00950 | order_time=115827 | qty=1 | price=345500
2026-06-01 11:58:27 | INFO | samsung_auto_trader | Waiting 5 seconds before post-buy balance check.
2026-06-01 11:58:32 | INFO | samsung_auto_trader | Token reuse: cached same-day token is valid.
2026-06-01 11:58:37 | INFO | samsung_auto_trader | Token reuse: cached same-day token is valid.
2026-06-01 11:58:40 | INFO | samsung_auto_trader | Token reuse: cached same-day token is valid.
2026-06-01 11:58:43 | INFO | samsung_auto_trader | Token reuse: cached same-day token is valid.
2026-06-01 11:58:45 | INFO | samsung_auto_trader | Holdings after buy | cash_available=3633972 | total_eval_amount=9545287 | samsung_holding={'symbol': '005930', 'qty': 14, 'sellable_qty': 10, 'avg_price': 0}
2026-06-01 11:58:45 | INFO | samsung_auto_trader | 
====================================================================
[STATUS] 2026-06-01 11:58:45 KST
holding | symbol=005930 qty=14 sellable_qty=10 avg_price=0
inventory_limits | initial=12 min=3 max=25 effective_position=13
open_orders | buy_open=3 sell_open=4 total_open=7
 - side=buy order_no=0000022722 time=115827 qty=1 filled=0 unfilled=1 price=345500 branch=
 - side=buy order_no=0000022549 time=115623 qty=1 filled=0 unfilled=1 price=345000 branch=
 - side=buy order_no=0000022440 time=115448 qty=1 filled=0 unfilled=1 price=343500 branch=
 - side=sell order_no=0000021767 time=114625 qty=1 filled=0 unfilled=1 price=347500 branch=
 - side=sell order_no=0000021659 time=114454 qty=1 filled=0 unfilled=1 price=348000 branch=
 - side=sell order_no=0000021571 time=114340 qty=1 filled=0 unfilled=1 price=348000 branch=
 - side=sell order_no=0000021433 time=114214 qty=1 filled=0 unfilled=1 price=348000 branch=
====================================================================
2026-06-01 11:58:45 | INFO | samsung_auto_trader | Execution check for buy: before_qty=14, after_qty=14, executed=False
2026-06-01 11:58:45 | INFO | samsung_auto_trader | Token reuse: cached same-day token is valid.
2026-06-01 11:58:49 | INFO | samsung_auto_trader | Token reuse: cached same-day token is valid.
2026-06-01 11:58:53 | INFO | samsung_auto_trader | Sell order request: qty=1, price=347500 | sellable_qty=10 min_position=3
2026-06-01 11:58:53 | INFO | samsung_auto_trader | Token reuse: cached same-day token is valid.
2026-06-01 11:58:53 | INFO | samsung_auto_trader | Sell order accepted | order_no=00950 | order_time=115853 | qty=1 | price=347500
2026-06-01 11:58:53 | INFO | samsung_auto_trader | Waiting 5 seconds before post-sell balance check.
2026-06-01 11:58:58 | INFO | samsung_auto_trader | Token reuse: cached same-day token is valid.
2026-06-01 11:58:58 | WARNING | samsung_auto_trader | API request failed (GET /uapi/domestic-stock/v1/trading/inquire-balance, attempt 1/3): ('Connection aborted.', RemoteDisconnected('Remote end closed connection without response'))
2026-06-01 11:59:02 | INFO | samsung_auto_trader | Token reuse: cached same-day token is valid.
2026-06-01 11:59:07 | INFO | samsung_auto_trader | Token reuse: cached same-day token is valid.
2026-06-01 11:59:12 | INFO | samsung_auto_trader | Token reuse: cached same-day token is valid.
2026-06-01 11:59:17 | INFO | samsung_auto_trader | Holdings after sell | cash_available=3633972 | total_eval_amount=9541787 | samsung_holding={'symbol': '005930', 'qty': 14, 'sellable_qty': 9, 'avg_price': 0}
2026-06-01 11:59:17 | INFO | samsung_auto_trader | 
====================================================================
[STATUS] 2026-06-01 11:59:17 KST
holding | symbol=005930 qty=14 sellable_qty=9 avg_price=0
inventory_limits | initial=12 min=3 max=25 effective_position=12
open_orders | buy_open=3 sell_open=5 total_open=8
 - side=sell order_no=0000022759 time=115853 qty=1 filled=0 unfilled=1 price=347500 branch=
 - side=buy order_no=0000022722 time=115827 qty=1 filled=0 unfilled=1 price=345500 branch=
 - side=buy order_no=0000022549 time=115623 qty=1 filled=0 unfilled=1 price=345000 branch=
 - side=buy order_no=0000022440 time=115448 qty=1 filled=0 unfilled=1 price=343500 branch=
 - side=sell order_no=0000021767 time=114625 qty=1 filled=0 unfilled=1 price=347500 branch=
 - side=sell order_no=0000021659 time=114454 qty=1 filled=0 unfilled=1 price=348000 branch=
 - side=sell order_no=0000021571 time=114340 qty=1 filled=0 unfilled=1 price=348000 branch=
 - side=sell order_no=0000021433 time=114214 qty=1 filled=0 unfilled=1 price=348000 branch=
====================================================================
2026-06-01 11:59:17 | INFO | samsung_auto_trader | Execution check for sell: before_qty=14, after_qty=14, executed=False
2026-06-01 11:59:17 | INFO | samsung_auto_trader | Trade cycle finished.
2026-06-01 11:59:37 | INFO | samsung_auto_trader | Starting trade cycle.
2026-06-01 11:59:37 | INFO | samsung_auto_trader | Token reuse: cached same-day token is valid.
2026-06-01 11:59:37 | INFO | samsung_auto_trader | Current price: 346500 KRW | inferred_tick_size=500
2026-06-01 11:59:38 | INFO | samsung_auto_trader | Token reuse: cached same-day token is valid.
2026-06-01 11:59:41 | INFO | samsung_auto_trader | Token reuse: cached same-day token is valid.
2026-06-01 11:59:44 | INFO | samsung_auto_trader | Token reuse: cached same-day token is valid.
2026-06-01 11:59:47 | INFO | samsung_auto_trader | Token reuse: cached same-day token is valid.
2026-06-01 11:59:50 | INFO | samsung_auto_trader | Holdings before order | cash_available=3633972 | total_eval_amount=9545287 | samsung_holding={'symbol': '005930', 'qty': 14, 'sellable_qty': 9, 'avg_price': 0}
2026-06-01 11:59:50 | INFO | samsung_auto_trader | 
====================================================================
[STATUS] 2026-06-01 11:59:50 KST
holding | symbol=005930 qty=14 sellable_qty=9 avg_price=0
inventory_limits | initial=12 min=3 max=25 effective_position=12
open_orders | buy_open=3 sell_open=5 total_open=8
 - side=sell order_no=0000022759 time=115853 qty=1 filled=0 unfilled=1 price=347500 branch=
 - side=buy order_no=0000022722 time=115827 qty=1 filled=0 unfilled=1 price=345500 branch=
 - side=buy order_no=0000022549 time=115623 qty=1 filled=0 unfilled=1 price=345000 branch=
 - side=buy order_no=0000022440 time=115448 qty=1 filled=0 unfilled=1 price=343500 branch=
 - side=sell order_no=0000021767 time=114625 qty=1 filled=0 unfilled=1 price=347500 branch=
 - side=sell order_no=0000021659 time=114454 qty=1 filled=0 unfilled=1 price=348000 branch=
 - side=sell order_no=0000021571 time=114340 qty=1 filled=0 unfilled=1 price=348000 branch=
 - side=sell order_no=0000021433 time=114214 qty=1 filled=0 unfilled=1 price=348000 branch=
====================================================================
2026-06-01 11:59:50 | INFO | samsung_auto_trader | Price normalized by tick size | current=346500 tick=500 raw_buy=345500 buy=345500 raw_sell=347500 sell=347500
2026-06-01 11:59:50 | INFO | samsung_auto_trader | Buy order request: qty=1, price=345500
2026-06-01 11:59:50 | INFO | samsung_auto_trader | Token reuse: cached same-day token is valid.
2026-06-01 11:59:50 | INFO | samsung_auto_trader | Buy order accepted | order_no=00950 | order_time=115950 | qty=1 | price=345500
2026-06-01 11:59:50 | INFO | samsung_auto_trader | Waiting 5 seconds before post-buy balance check.
2026-06-01 11:59:55 | INFO | samsung_auto_trader | Token reuse: cached same-day token is valid.
2026-06-01 11:59:55 | WARNING | samsung_auto_trader | API request failed (GET /uapi/domestic-stock/v1/trading/inquire-balance, attempt 1/3): ('Connection aborted.', RemoteDisconnected('Remote end closed connection without response'))
2026-06-01 12:00:02 | INFO | samsung_auto_trader | Token reuse: cached same-day token is valid.
2026-06-01 12:00:07 | INFO | samsung_auto_trader | Token reuse: cached same-day token is valid.
2026-06-01 12:00:17 | INFO | samsung_auto_trader | Token reuse: cached same-day token is valid.
2026-06-01 12:00:27 | WARNING | samsung_auto_trader | API request failed (GET /uapi/domestic-stock/v1/trading/inquire-daily-ccld, attempt 1/3): HTTPSConnectionPool(host='openapivts.koreainvestment.com', port=29443): Read timed out. (read timeout=10)
2026-06-01 12:00:31 | INFO | samsung_auto_trader | Holdings after buy | cash_available=3290200 | total_eval_amount=9541787 | samsung_holding={'symbol': '005930', 'qty': 14, 'sellable_qty': 9, 'avg_price': 0}
2026-06-01 12:00:31 | INFO | samsung_auto_trader | 
====================================================================
[STATUS] 2026-06-01 12:00:31 KST
holding | symbol=005930 qty=14 sellable_qty=9 avg_price=0
inventory_limits | initial=12 min=3 max=25 effective_position=13
open_orders | buy_open=4 sell_open=5 total_open=9
 - side=buy order_no=0000022846 time=115950 qty=1 filled=0 unfilled=1 price=345500 branch=
 - side=sell order_no=0000022759 time=115853 qty=1 filled=0 unfilled=1 price=347500 branch=
 - side=buy order_no=0000022722 time=115827 qty=1 filled=0 unfilled=1 price=345500 branch=
 - side=buy order_no=0000022549 time=115623 qty=1 filled=0 unfilled=1 price=345000 branch=
 - side=buy order_no=0000022440 time=115448 qty=1 filled=0 unfilled=1 price=343500 branch=
 - side=sell order_no=0000021767 time=114625 qty=1 filled=0 unfilled=1 price=347500 branch=
 - side=sell order_no=0000021659 time=114454 qty=1 filled=0 unfilled=1 price=348000 branch=
 - side=sell order_no=0000021571 time=114340 qty=1 filled=0 unfilled=1 price=348000 branch=
 - side=sell order_no=0000021433 time=114214 qty=1 filled=0 unfilled=1 price=348000 branch=
====================================================================
2026-06-01 12:00:31 | INFO | samsung_auto_trader | Execution check for buy: before_qty=14, after_qty=14, executed=False
2026-06-01 12:00:31 | INFO | samsung_auto_trader | Token reuse: cached same-day token is valid.
2026-06-01 12:00:34 | INFO | samsung_auto_trader | Token reuse: cached same-day token is valid.
2026-06-01 12:00:37 | INFO | samsung_auto_trader | Sell order request: qty=1, price=347500 | sellable_qty=9 min_position=3
2026-06-01 12:00:37 | INFO | samsung_auto_trader | Token reuse: cached same-day token is valid.
2026-06-01 12:00:43 | INFO | samsung_auto_trader | Sell order accepted | order_no=00950 | order_time=120043 | qty=1 | price=347500
2026-06-01 12:00:43 | INFO | samsung_auto_trader | Waiting 5 seconds before post-sell balance check.
2026-06-01 12:00:48 | INFO | samsung_auto_trader | Token reuse: cached same-day token is valid.
2026-06-01 12:00:56 | INFO | samsung_auto_trader | Token reuse: cached same-day token is valid.
2026-06-01 12:00:56 | WARNING | samsung_auto_trader | API request failed (GET /uapi/domestic-stock/v1/trading/inquire-psbl-order, attempt 1/3): ('Connection aborted.', RemoteDisconnected('Remote end closed connection without response'))
2026-06-01 12:01:03 | INFO | samsung_auto_trader | Token reuse: cached same-day token is valid.
2026-06-01 12:01:05 | INFO | samsung_auto_trader | Token reuse: cached same-day token is valid.
2026-06-01 12:01:07 | INFO | samsung_auto_trader | Holdings after sell | cash_available=3290200 | total_eval_amount=9538287 | samsung_holding={'symbol': '005930', 'qty': 14, 'sellable_qty': 8, 'avg_price': 0}
2026-06-01 12:01:07 | INFO | samsung_auto_trader | 
====================================================================
[STATUS] 2026-06-01 12:01:07 KST
holding | symbol=005930 qty=14 sellable_qty=8 avg_price=0
inventory_limits | initial=12 min=3 max=25 effective_position=12
open_orders | buy_open=4 sell_open=6 total_open=10
 - side=sell order_no=0000022906 time=120043 qty=1 filled=0 unfilled=1 price=347500 branch=
 - side=buy order_no=0000022846 time=115950 qty=1 filled=0 unfilled=1 price=345500 branch=
 - side=sell order_no=0000022759 time=115853 qty=1 filled=0 unfilled=1 price=347500 branch=
 - side=buy order_no=0000022722 time=115827 qty=1 filled=0 unfilled=1 price=345500 branch=
 - side=buy order_no=0000022549 time=115623 qty=1 filled=0 unfilled=1 price=345000 branch=
 - side=buy order_no=0000022440 time=115448 qty=1 filled=0 unfilled=1 price=343500 branch=
 - side=sell order_no=0000021767 time=114625 qty=1 filled=0 unfilled=1 price=347500 branch=
 - side=sell order_no=0000021659 time=114454 qty=1 filled=0 unfilled=1 price=348000 branch=
 - side=sell order_no=0000021571 time=114340 qty=1 filled=0 unfilled=1 price=348000 branch=
 - side=sell order_no=0000021433 time=114214 qty=1 filled=0 unfilled=1 price=348000 branch=
====================================================================
2026-06-01 12:01:07 | INFO | samsung_auto_trader | Execution check for sell: before_qty=14, after_qty=14, executed=False
2026-06-01 12:01:07 | INFO | samsung_auto_trader | Trade cycle finished.
2026-06-01 12:01:27 | INFO | samsung_auto_trader | Starting trade cycle.
2026-06-01 12:01:27 | INFO | samsung_auto_trader | Token reuse: cached same-day token is valid.
2026-06-01 12:01:28 | INFO | samsung_auto_trader | Current price: 346500 KRW | inferred_tick_size=500
2026-06-01 12:01:28 | INFO | samsung_auto_trader | Token reuse: cached same-day token is valid.
2026-06-01 12:01:32 | INFO | samsung_auto_trader | Token reuse: cached same-day token is valid.
2026-06-01 12:01:37 | INFO | samsung_auto_trader | Token reuse: cached same-day token is valid.
2026-06-01 12:01:38 | INFO | samsung_auto_trader | Token reuse: cached same-day token is valid.
2026-06-01 12:01:38 | WARNING | samsung_auto_trader | API request failed (GET /uapi/domestic-stock/v1/trading/inquire-daily-ccld, attempt 1/3): ('Connection aborted.', RemoteDisconnected('Remote end closed connection without response'))
2026-06-01 12:01:45 | INFO | samsung_auto_trader | Holdings before order | cash_available=3290200 | total_eval_amount=9538287 | samsung_holding={'symbol': '005930', 'qty': 14, 'sellable_qty': 8, 'avg_price': 0}
2026-06-01 12:01:45 | INFO | samsung_auto_trader | 
====================================================================
[STATUS] 2026-06-01 12:01:45 KST
holding | symbol=005930 qty=14 sellable_qty=8 avg_price=0
inventory_limits | initial=12 min=3 max=25 effective_position=12
open_orders | buy_open=4 sell_open=6 total_open=10
 - side=sell order_no=0000022906 time=120043 qty=1 filled=0 unfilled=1 price=347500 branch=
 - side=buy order_no=0000022846 time=115950 qty=1 filled=0 unfilled=1 price=345500 branch=
 - side=sell order_no=0000022759 time=115853 qty=1 filled=0 unfilled=1 price=347500 branch=
 - side=buy order_no=0000022722 time=115827 qty=1 filled=0 unfilled=1 price=345500 branch=
 - side=buy order_no=0000022549 time=115623 qty=1 filled=0 unfilled=1 price=345000 branch=
 - side=buy order_no=0000022440 time=115448 qty=1 filled=0 unfilled=1 price=343500 branch=
 - side=sell order_no=0000021767 time=114625 qty=1 filled=0 unfilled=1 price=347500 branch=
 - side=sell order_no=0000021659 time=114454 qty=1 filled=0 unfilled=1 price=348000 branch=
 - side=sell order_no=0000021571 time=114340 qty=1 filled=0 unfilled=1 price=348000 branch=
 - side=sell order_no=0000021433 time=114214 qty=1 filled=0 unfilled=1 price=348000 branch=
====================================================================
2026-06-01 12:01:45 | INFO | samsung_auto_trader | Price normalized by tick size | current=346500 tick=500 raw_buy=345500 buy=345500 raw_sell=347500 sell=347500
2026-06-01 12:01:45 | INFO | samsung_auto_trader | Buy order request: qty=1, price=345500
2026-06-01 12:01:45 | INFO | samsung_auto_trader | Token reuse: cached same-day token is valid.
2026-06-01 12:01:50 | INFO | samsung_auto_trader | Buy order accepted | order_no=00950 | order_time=120151 | qty=1 | price=345500
2026-06-01 12:01:50 | INFO | samsung_auto_trader | Waiting 5 seconds before post-buy balance check.
2026-06-01 12:01:55 | INFO | samsung_auto_trader | Token reuse: cached same-day token is valid.
2026-06-01 12:01:55 | WARNING | samsung_auto_trader | API request failed (GET /uapi/domestic-stock/v1/trading/inquire-balance, attempt 1/3): ('Connection aborted.', RemoteDisconnected('Remote end closed connection without response'))
2026-06-01 12:02:03 | INFO | samsung_auto_trader | Token reuse: cached same-day token is valid.
2026-06-01 12:02:11 | INFO | samsung_auto_trader | Token reuse: cached same-day token is valid.
2026-06-01 12:02:12 | INFO | samsung_auto_trader | Token reuse: cached same-day token is valid.
2026-06-01 12:02:13 | INFO | samsung_auto_trader | Holdings after buy | cash_available=2946427 | total_eval_amount=9545287 | samsung_holding={'symbol': '005930', 'qty': 14, 'sellable_qty': 8, 'avg_price': 0}
2026-06-01 12:02:13 | INFO | samsung_auto_trader | 
====================================================================
[STATUS] 2026-06-01 12:02:13 KST
holding | symbol=005930 qty=14 sellable_qty=8 avg_price=0
inventory_limits | initial=12 min=3 max=25 effective_position=13
open_orders | buy_open=5 sell_open=6 total_open=11
 - side=buy order_no=0000023033 time=120151 qty=1 filled=0 unfilled=1 price=345500 branch=
 - side=sell order_no=0000022906 time=120043 qty=1 filled=0 unfilled=1 price=347500 branch=
 - side=buy order_no=0000022846 time=115950 qty=1 filled=0 unfilled=1 price=345500 branch=
 - side=sell order_no=0000022759 time=115853 qty=1 filled=0 unfilled=1 price=347500 branch=
 - side=buy order_no=0000022722 time=115827 qty=1 filled=0 unfilled=1 price=345500 branch=
 - side=buy order_no=0000022549 time=115623 qty=1 filled=0 unfilled=1 price=345000 branch=
 - side=buy order_no=0000022440 time=115448 qty=1 filled=0 unfilled=1 price=343500 branch=
 - side=sell order_no=0000021767 time=114625 qty=1 filled=0 unfilled=1 price=347500 branch=
 - side=sell order_no=0000021659 time=114454 qty=1 filled=0 unfilled=1 price=348000 branch=
 - side=sell order_no=0000021571 time=114340 qty=1 filled=0 unfilled=1 price=348000 branch=
 - side=sell order_no=0000021433 time=114214 qty=1 filled=0 unfilled=1 price=348000 branch=
====================================================================
2026-06-01 12:02:13 | INFO | samsung_auto_trader | Execution check for buy: before_qty=14, after_qty=14, executed=False
2026-06-01 12:02:13 | INFO | samsung_auto_trader | Token reuse: cached same-day token is valid.
2026-06-01 12:02:14 | INFO | samsung_auto_trader | Token reuse: cached same-day token is valid.
2026-06-01 12:02:14 | WARNING | samsung_auto_trader | API request failed (GET /uapi/domestic-stock/v1/trading/inquire-daily-ccld, attempt 1/3): Retryable HTTP 500: {"rt_cd":"1","msg1":"초당 거래건수를 초과하였습니다.","msg_cd":"EGW00201","message":"EGW00201"}
2026-06-01 12:02:16 | INFO | samsung_auto_trader | Sell order request: qty=1, price=347500 | sellable_qty=8 min_position=3
2026-06-01 12:02:16 | INFO | samsung_auto_trader | Token reuse: cached same-day token is valid.
2026-06-01 12:02:20 | INFO | samsung_auto_trader | Sell order accepted | order_no=00950 | order_time=120220 | qty=1 | price=347500
2026-06-01 12:02:20 | INFO | samsung_auto_trader | Waiting 5 seconds before post-sell balance check.
2026-06-01 12:02:25 | INFO | samsung_auto_trader | Token reuse: cached same-day token is valid.
2026-06-01 12:02:25 | WARNING | samsung_auto_trader | API request failed (GET /uapi/domestic-stock/v1/trading/inquire-balance, attempt 1/3): ('Connection aborted.', RemoteDisconnected('Remote end closed connection without response'))
2026-06-01 12:02:33 | INFO | samsung_auto_trader | Token reuse: cached same-day token is valid.
2026-06-01 12:02:37 | INFO | samsung_auto_trader | Token reuse: cached same-day token is valid.
2026-06-01 12:02:38 | INFO | samsung_auto_trader | Token reuse: cached same-day token is valid.
2026-06-01 12:02:39 | INFO | samsung_auto_trader | Holdings after sell | cash_available=2946427 | total_eval_amount=9541787 | samsung_holding={'symbol': '005930', 'qty': 14, 'sellable_qty': 7, 'avg_price': 0}
2026-06-01 12:02:39 | INFO | samsung_auto_trader | 
====================================================================
[STATUS] 2026-06-01 12:02:39 KST
holding | symbol=005930 qty=14 sellable_qty=7 avg_price=0
inventory_limits | initial=12 min=3 max=25 effective_position=12
open_orders | buy_open=5 sell_open=7 total_open=12
 - side=sell order_no=0000023069 time=120220 qty=1 filled=0 unfilled=1 price=347500 branch=
 - side=buy order_no=0000023033 time=120151 qty=1 filled=0 unfilled=1 price=345500 branch=
 - side=sell order_no=0000022906 time=120043 qty=1 filled=0 unfilled=1 price=347500 branch=
 - side=buy order_no=0000022846 time=115950 qty=1 filled=0 unfilled=1 price=345500 branch=
 - side=sell order_no=0000022759 time=115853 qty=1 filled=0 unfilled=1 price=347500 branch=
 - side=buy order_no=0000022722 time=115827 qty=1 filled=0 unfilled=1 price=345500 branch=
 - side=buy order_no=0000022549 time=115623 qty=1 filled=0 unfilled=1 price=345000 branch=
 - side=buy order_no=0000022440 time=115448 qty=1 filled=0 unfilled=1 price=343500 branch=
 - side=sell order_no=0000021767 time=114625 qty=1 filled=0 unfilled=1 price=347500 branch=
 - side=sell order_no=0000021659 time=114454 qty=1 filled=0 unfilled=1 price=348000 branch=
 - side=sell order_no=0000021571 time=114340 qty=1 filled=0 unfilled=1 price=348000 branch=
 - side=sell order_no=0000021433 time=114214 qty=1 filled=0 unfilled=1 price=348000 branch=
====================================================================
2026-06-01 12:02:39 | INFO | samsung_auto_trader | Execution check for sell: before_qty=14, after_qty=14, executed=False
2026-06-01 12:02:39 | INFO | samsung_auto_trader | Trade cycle finished.
2026-06-01 12:02:59 | INFO | samsung_auto_trader | Starting trade cycle.
2026-06-01 12:02:59 | INFO | samsung_auto_trader | Token reuse: cached same-day token is valid.
2026-06-01 12:03:01 | INFO | samsung_auto_trader | Current price: 346750 KRW | inferred_tick_size=500
2026-06-01 12:03:01 | INFO | samsung_auto_trader | Token reuse: cached same-day token is valid.
2026-06-01 12:03:06 | INFO | samsung_auto_trader | Token reuse: cached same-day token is valid.
2026-06-01 12:03:12 | INFO | samsung_auto_trader | Token reuse: cached same-day token is valid.
2026-06-01 12:03:17 | INFO | samsung_auto_trader | Token reuse: cached same-day token is valid.
2026-06-01 12:03:22 | INFO | samsung_auto_trader | Holdings before order | cash_available=2946427 | total_eval_amount=9545287 | samsung_holding={'symbol': '005930', 'qty': 14, 'sellable_qty': 7, 'avg_price': 0}
2026-06-01 12:03:22 | INFO | samsung_auto_trader | 
====================================================================
[STATUS] 2026-06-01 12:03:22 KST
holding | symbol=005930 qty=14 sellable_qty=7 avg_price=0
inventory_limits | initial=12 min=3 max=25 effective_position=12
open_orders | buy_open=5 sell_open=7 total_open=12
 - side=sell order_no=0000023069 time=120220 qty=1 filled=0 unfilled=1 price=347500 branch=
 - side=buy order_no=0000023033 time=120151 qty=1 filled=0 unfilled=1 price=345500 branch=
 - side=sell order_no=0000022906 time=120043 qty=1 filled=0 unfilled=1 price=347500 branch=
 - side=buy order_no=0000022846 time=115950 qty=1 filled=0 unfilled=1 price=345500 branch=
 - side=sell order_no=0000022759 time=115853 qty=1 filled=0 unfilled=1 price=347500 branch=
 - side=buy order_no=0000022722 time=115827 qty=1 filled=0 unfilled=1 price=345500 branch=
 - side=buy order_no=0000022549 time=115623 qty=1 filled=0 unfilled=1 price=345000 branch=
 - side=buy order_no=0000022440 time=115448 qty=1 filled=0 unfilled=1 price=343500 branch=
 - side=sell order_no=0000021767 time=114625 qty=1 filled=0 unfilled=1 price=347500 branch=
 - side=sell order_no=0000021659 time=114454 qty=1 filled=0 unfilled=1 price=348000 branch=
 - side=sell order_no=0000021571 time=114340 qty=1 filled=0 unfilled=1 price=348000 branch=
 - side=sell order_no=0000021433 time=114214 qty=1 filled=0 unfilled=1 price=348000 branch=
====================================================================
2026-06-01 12:03:22 | INFO | samsung_auto_trader | Price normalized by tick size | current=346750 tick=500 raw_buy=345750 buy=345500 raw_sell=347750 sell=348000
2026-06-01 12:03:22 | INFO | samsung_auto_trader | Buy order request: qty=1, price=345500
2026-06-01 12:03:22 | INFO | samsung_auto_trader | Token reuse: cached same-day token is valid.
2026-06-01 12:03:24 | INFO | samsung_auto_trader | Buy order accepted | order_no=00950 | order_time=120324 | qty=1 | price=345500
2026-06-01 12:03:24 | INFO | samsung_auto_trader | Waiting 5 seconds before post-buy balance check.
2026-06-01 12:03:29 | INFO | samsung_auto_trader | Token reuse: cached same-day token is valid.
2026-06-01 12:03:33 | INFO | samsung_auto_trader | Token reuse: cached same-day token is valid.
2026-06-01 12:03:37 | INFO | samsung_auto_trader | Token reuse: cached same-day token is valid.
2026-06-01 12:03:41 | INFO | samsung_auto_trader | Token reuse: cached same-day token is valid.
2026-06-01 12:03:46 | INFO | samsung_auto_trader | Holdings after buy | cash_available=3981558 | total_eval_amount=9545287 | samsung_holding={'symbol': '005930', 'qty': 14, 'sellable_qty': 7, 'avg_price': 0}
2026-06-01 12:03:46 | INFO | samsung_auto_trader | 
====================================================================
[STATUS] 2026-06-01 12:03:46 KST
holding | symbol=005930 qty=14 sellable_qty=7 avg_price=0
inventory_limits | initial=12 min=3 max=25 effective_position=17
open_orders | buy_open=6 sell_open=3 total_open=9
 - side=buy order_no=0000023150 time=120324 qty=1 filled=0 unfilled=1 price=345500 branch=
 - side=buy order_no=0000023033 time=120151 qty=1 filled=0 unfilled=1 price=345500 branch=
 - side=buy order_no=0000022846 time=115950 qty=1 filled=0 unfilled=1 price=345500 branch=
 - side=buy order_no=0000022722 time=115827 qty=1 filled=0 unfilled=1 price=345500 branch=
 - side=buy order_no=0000022549 time=115623 qty=1 filled=0 unfilled=1 price=345000 branch=
 - side=buy order_no=0000022440 time=115448 qty=1 filled=0 unfilled=1 price=343500 branch=
 - side=sell order_no=0000021659 time=114454 qty=1 filled=0 unfilled=1 price=348000 branch=
 - side=sell order_no=0000021571 time=114340 qty=1 filled=0 unfilled=1 price=348000 branch=
 - side=sell order_no=0000021433 time=114214 qty=1 filled=0 unfilled=1 price=348000 branch=
====================================================================
2026-06-01 12:03:46 | INFO | samsung_auto_trader | Execution check for buy: before_qty=14, after_qty=14, executed=False
2026-06-01 12:03:46 | INFO | samsung_auto_trader | Token reuse: cached same-day token is valid.
2026-06-01 12:03:50 | INFO | samsung_auto_trader | Token reuse: cached same-day token is valid.
2026-06-01 12:03:55 | INFO | samsung_auto_trader | Sell order request: qty=1, price=348000 | sellable_qty=7 min_position=3
2026-06-01 12:03:55 | INFO | samsung_auto_trader | Token reuse: cached same-day token is valid.
2026-06-01 12:03:57 | INFO | samsung_auto_trader | Sell order accepted | order_no=00950 | order_time=120357 | qty=1 | price=348000
2026-06-01 12:03:57 | INFO | samsung_auto_trader | Waiting 5 seconds before post-sell balance check.
2026-06-01 12:04:02 | INFO | samsung_auto_trader | Token reuse: cached same-day token is valid.
2026-06-01 12:04:07 | INFO | samsung_auto_trader | Token reuse: cached same-day token is valid.
2026-06-01 12:04:13 | INFO | samsung_auto_trader | Token reuse: cached same-day token is valid.
2026-06-01 12:04:18 | INFO | samsung_auto_trader | Token reuse: cached same-day token is valid.
2026-06-01 12:04:24 | INFO | samsung_auto_trader | Token reuse: cached same-day token is valid.
2026-06-01 12:04:28 | INFO | samsung_auto_trader | Holdings after sell | cash_available=3981558 | total_eval_amount=9546807 | samsung_holding={'symbol': '005930', 'qty': 10, 'sellable_qty': 6, 'avg_price': 0}
2026-06-01 12:04:28 | INFO | samsung_auto_trader | 
====================================================================
[STATUS] 2026-06-01 12:04:28 KST
holding | symbol=005930 qty=10 sellable_qty=6 avg_price=0
inventory_limits | initial=12 min=3 max=25 effective_position=12
open_orders | buy_open=6 sell_open=4 total_open=10
 - side=sell order_no=0000023186 time=120357 qty=1 filled=0 unfilled=1 price=348000 branch=
 - side=buy order_no=0000023150 time=120324 qty=1 filled=0 unfilled=1 price=345500 branch=
 - side=buy order_no=0000023033 time=120151 qty=1 filled=0 unfilled=1 price=345500 branch=
 - side=buy order_no=0000022846 time=115950 qty=1 filled=0 unfilled=1 price=345500 branch=
 - side=buy order_no=0000022722 time=115827 qty=1 filled=0 unfilled=1 price=345500 branch=
 - side=buy order_no=0000022549 time=115623 qty=1 filled=0 unfilled=1 price=345000 branch=
 - side=buy order_no=0000022440 time=115448 qty=1 filled=0 unfilled=1 price=343500 branch=
 - side=sell order_no=0000021659 time=114454 qty=1 filled=0 unfilled=1 price=348000 branch=
 - side=sell order_no=0000021571 time=114340 qty=1 filled=0 unfilled=1 price=348000 branch=
 - side=sell order_no=0000021433 time=114214 qty=1 filled=0 unfilled=1 price=348000 branch=
====================================================================
2026-06-01 12:04:28 | INFO | samsung_auto_trader | Execution check for sell: before_qty=14, after_qty=10, executed=True
2026-06-01 12:04:28 | INFO | samsung_auto_trader | Trade cycle finished.
2026-06-01 12:04:48 | INFO | samsung_auto_trader | Starting trade cycle.
2026-06-01 12:04:48 | INFO | samsung_auto_trader | Token reuse: cached same-day token is valid.
2026-06-01 12:04:48 | INFO | samsung_auto_trader | Current price: 347750 KRW | inferred_tick_size=500
2026-06-01 12:04:49 | INFO | samsung_auto_trader | Token reuse: cached same-day token is valid.
2026-06-01 12:04:49 | WARNING | samsung_auto_trader | API request failed (GET /uapi/domestic-stock/v1/trading/inquire-balance, attempt 1/3): Retryable HTTP 500: {"rt_cd":"1","msg1":"초당 거래건수를 초과하였습니다.","msg_cd":"EGW00201","message":"EGW00201"}
2026-06-01 12:04:55 | INFO | samsung_auto_trader | Token reuse: cached same-day token is valid.
2026-06-01 12:04:58 | INFO | samsung_auto_trader | Token reuse: cached same-day token is valid.
2026-06-01 12:05:01 | INFO | samsung_auto_trader | Token reuse: cached same-day token is valid.
2026-06-01 12:05:07 | INFO | samsung_auto_trader | Token reuse: cached same-day token is valid.
2026-06-01 12:05:15 | INFO | samsung_auto_trader | Holdings before order | cash_available=5362443 | total_eval_amount=9549833 | samsung_holding={'symbol': '005930', 'qty': 6, 'sellable_qty': 6, 'avg_price': 0}
2026-06-01 12:05:15 | INFO | samsung_auto_trader | 
====================================================================
[STATUS] 2026-06-01 12:05:15 KST
holding | symbol=005930 qty=6 sellable_qty=6 avg_price=0
inventory_limits | initial=12 min=3 max=25 effective_position=12
open_orders | buy_open=6 sell_open=0 total_open=6
 - side=buy order_no=0000023150 time=120324 qty=1 filled=0 unfilled=1 price=345500 branch=
 - side=buy order_no=0000023033 time=120151 qty=1 filled=0 unfilled=1 price=345500 branch=
 - side=buy order_no=0000022846 time=115950 qty=1 filled=0 unfilled=1 price=345500 branch=
 - side=buy order_no=0000022722 time=115827 qty=1 filled=0 unfilled=1 price=345500 branch=
 - side=buy order_no=0000022549 time=115623 qty=1 filled=0 unfilled=1 price=345000 branch=
 - side=buy order_no=0000022440 time=115448 qty=1 filled=0 unfilled=1 price=343500 branch=
====================================================================
2026-06-01 12:05:15 | INFO | samsung_auto_trader | Price normalized by tick size | current=347750 tick=500 raw_buy=346750 buy=346500 raw_sell=348750 sell=349000
2026-06-01 12:05:15 | INFO | samsung_auto_trader | Buy order request: qty=1, price=346500
2026-06-01 12:05:15 | INFO | samsung_auto_trader | Token reuse: cached same-day token is valid.
2026-06-01 12:05:21 | INFO | samsung_auto_trader | Buy order accepted | order_no=00950 | order_time=120521 | qty=1 | price=346500
2026-06-01 12:05:21 | INFO | samsung_auto_trader | Waiting 5 seconds before post-buy balance check.
2026-06-01 12:05:26 | INFO | samsung_auto_trader | Token reuse: cached same-day token is valid.
2026-06-01 12:05:32 | INFO | samsung_auto_trader | Token reuse: cached same-day token is valid.
2026-06-01 12:05:38 | INFO | samsung_auto_trader | Token reuse: cached same-day token is valid.
2026-06-01 12:05:40 | INFO | samsung_auto_trader | Token reuse: cached same-day token is valid.
2026-06-01 12:05:42 | INFO | samsung_auto_trader | Token reuse: cached same-day token is valid.
2026-06-01 12:05:44 | INFO | samsung_auto_trader | Holdings after buy | cash_available=5017675 | total_eval_amount=9551333 | samsung_holding={'symbol': '005930', 'qty': 6, 'sellable_qty': 6, 'avg_price': 0}
2026-06-01 12:05:44 | INFO | samsung_auto_trader | 
====================================================================
[STATUS] 2026-06-01 12:05:44 KST
holding | symbol=005930 qty=6 sellable_qty=6 avg_price=0
inventory_limits | initial=12 min=3 max=25 effective_position=13
open_orders | buy_open=7 sell_open=0 total_open=7
 - side=buy order_no=0000023265 time=120521 qty=1 filled=0 unfilled=1 price=346500 branch=
 - side=buy order_no=0000023150 time=120324 qty=1 filled=0 unfilled=1 price=345500 branch=
 - side=buy order_no=0000023033 time=120151 qty=1 filled=0 unfilled=1 price=345500 branch=
 - side=buy order_no=0000022846 time=115950 qty=1 filled=0 unfilled=1 price=345500 branch=
 - side=buy order_no=0000022722 time=115827 qty=1 filled=0 unfilled=1 price=345500 branch=
 - side=buy order_no=0000022549 time=115623 qty=1 filled=0 unfilled=1 price=345000 branch=
 - side=buy order_no=0000022440 time=115448 qty=1 filled=0 unfilled=1 price=343500 branch=
====================================================================
2026-06-01 12:05:44 | INFO | samsung_auto_trader | Execution check for buy: before_qty=6, after_qty=6, executed=False
2026-06-01 12:05:44 | INFO | samsung_auto_trader | Token reuse: cached same-day token is valid.
2026-06-01 12:05:46 | INFO | samsung_auto_trader | Token reuse: cached same-day token is valid.
2026-06-01 12:05:47 | INFO | samsung_auto_trader | Token reuse: cached same-day token is valid.
2026-06-01 12:05:52 | INFO | samsung_auto_trader | Sell order request: qty=1, price=349000 | sellable_qty=6 min_position=3
2026-06-01 12:05:52 | INFO | samsung_auto_trader | Token reuse: cached same-day token is valid.
2026-06-01 12:05:54 | INFO | samsung_auto_trader | Sell order accepted | order_no=00950 | order_time=120553 | qty=1 | price=349000
2026-06-01 12:05:54 | INFO | samsung_auto_trader | Waiting 5 seconds before post-sell balance check.
2026-06-01 12:05:59 | INFO | samsung_auto_trader | Token reuse: cached same-day token is valid.
2026-06-01 12:06:04 | INFO | samsung_auto_trader | Token reuse: cached same-day token is valid.
2026-06-01 12:06:12 | INFO | samsung_auto_trader | Token reuse: cached same-day token is valid.
2026-06-01 12:06:20 | INFO | samsung_auto_trader | Token reuse: cached same-day token is valid.
2026-06-01 12:06:28 | INFO | samsung_auto_trader | Token reuse: cached same-day token is valid.
2026-06-01 12:06:35 | INFO | samsung_auto_trader | Holdings after sell | cash_available=5017675 | total_eval_amount=9551333 | samsung_holding={'symbol': '005930', 'qty': 6, 'sellable_qty': 5, 'avg_price': 0}
2026-06-01 12:06:35 | INFO | samsung_auto_trader | 
====================================================================
[STATUS] 2026-06-01 12:06:35 KST
holding | symbol=005930 qty=6 sellable_qty=5 avg_price=0
inventory_limits | initial=12 min=3 max=25 effective_position=12
open_orders | buy_open=7 sell_open=1 total_open=8
 - side=sell order_no=0000023314 time=120553 qty=1 filled=0 unfilled=1 price=349000 branch=
 - side=buy order_no=0000023265 time=120521 qty=1 filled=0 unfilled=1 price=346500 branch=
 - side=buy order_no=0000023150 time=120324 qty=1 filled=0 unfilled=1 price=345500 branch=
 - side=buy order_no=0000023033 time=120151 qty=1 filled=0 unfilled=1 price=345500 branch=
 - side=buy order_no=0000022846 time=115950 qty=1 filled=0 unfilled=1 price=345500 branch=
 - side=buy order_no=0000022722 time=115827 qty=1 filled=0 unfilled=1 price=345500 branch=
 - side=buy order_no=0000022549 time=115623 qty=1 filled=0 unfilled=1 price=345000 branch=
 - side=buy order_no=0000022440 time=115448 qty=1 filled=0 unfilled=1 price=343500 branch=
====================================================================
2026-06-01 12:06:35 | INFO | samsung_auto_trader | Execution check for sell: before_qty=6, after_qty=6, executed=False
2026-06-01 12:06:35 | INFO | samsung_auto_trader | Trade cycle finished.
2026-06-01 12:06:55 | INFO | samsung_auto_trader | Starting trade cycle.
2026-06-01 12:06:55 | INFO | samsung_auto_trader | Token reuse: cached same-day token is valid.
2026-06-01 12:06:58 | INFO | samsung_auto_trader | Current price: 348000 KRW | inferred_tick_size=500
2026-06-01 12:06:58 | INFO | samsung_auto_trader | Token reuse: cached same-day token is valid.
2026-06-01 12:07:04 | INFO | samsung_auto_trader | Token reuse: cached same-day token is valid.
2026-06-01 12:07:13 | INFO | samsung_auto_trader | Token reuse: cached same-day token is valid.
2026-06-01 12:07:21 | INFO | samsung_auto_trader | Token reuse: cached same-day token is valid.
2026-06-01 12:07:29 | INFO | samsung_auto_trader | Token reuse: cached same-day token is valid.
2026-06-01 12:07:36 | INFO | samsung_auto_trader | Holdings before order | cash_available=5017675 | total_eval_amount=9548333 | samsung_holding={'symbol': '005930', 'qty': 6, 'sellable_qty': 5, 'avg_price': 0}
2026-06-01 12:07:36 | INFO | samsung_auto_trader | 
====================================================================
[STATUS] 2026-06-01 12:07:36 KST
holding | symbol=005930 qty=6 sellable_qty=5 avg_price=0
inventory_limits | initial=12 min=3 max=25 effective_position=12
open_orders | buy_open=7 sell_open=1 total_open=8
 - side=sell order_no=0000023314 time=120553 qty=1 filled=0 unfilled=1 price=349000 branch=
 - side=buy order_no=0000023265 time=120521 qty=1 filled=0 unfilled=1 price=346500 branch=
 - side=buy order_no=0000023150 time=120324 qty=1 filled=0 unfilled=1 price=345500 branch=
 - side=buy order_no=0000023033 time=120151 qty=1 filled=0 unfilled=1 price=345500 branch=
 - side=buy order_no=0000022846 time=115950 qty=1 filled=0 unfilled=1 price=345500 branch=
 - side=buy order_no=0000022722 time=115827 qty=1 filled=0 unfilled=1 price=345500 branch=
 - side=buy order_no=0000022549 time=115623 qty=1 filled=0 unfilled=1 price=345000 branch=
 - side=buy order_no=0000022440 time=115448 qty=1 filled=0 unfilled=1 price=343500 branch=
====================================================================
2026-06-01 12:07:36 | INFO | samsung_auto_trader | Price normalized by tick size | current=348000 tick=500 raw_buy=347000 buy=347000 raw_sell=349000 sell=349000
2026-06-01 12:07:36 | INFO | samsung_auto_trader | Buy order request: qty=1, price=347000
2026-06-01 12:07:36 | INFO | samsung_auto_trader | Token reuse: cached same-day token is valid.
2026-06-01 12:07:39 | INFO | samsung_auto_trader | Buy order accepted | order_no=00950 | order_time=120739 | qty=1 | price=347000
2026-06-01 12:07:39 | INFO | samsung_auto_trader | Waiting 5 seconds before post-buy balance check.
2026-06-01 12:07:44 | INFO | samsung_auto_trader | Token reuse: cached same-day token is valid.
2026-06-01 12:07:50 | INFO | samsung_auto_trader | Token reuse: cached same-day token is valid.
2026-06-01 12:07:55 | INFO | samsung_auto_trader | Token reuse: cached same-day token is valid.
2026-06-01 12:08:00 | INFO | samsung_auto_trader | Token reuse: cached same-day token is valid.
2026-06-01 12:08:07 | INFO | samsung_auto_trader | Token reuse: cached same-day token is valid.
2026-06-01 12:08:15 | INFO | samsung_auto_trader | Holdings after buy | cash_available=4672410 | total_eval_amount=9551333 | samsung_holding={'symbol': '005930', 'qty': 6, 'sellable_qty': 5, 'avg_price': 0}
2026-06-01 12:08:15 | INFO | samsung_auto_trader | 
====================================================================
[STATUS] 2026-06-01 12:08:15 KST
holding | symbol=005930 qty=6 sellable_qty=5 avg_price=0
inventory_limits | initial=12 min=3 max=25 effective_position=13
open_orders | buy_open=8 sell_open=1 total_open=9
 - side=buy order_no=0000023385 time=120739 qty=1 filled=0 unfilled=1 price=347000 branch=
 - side=sell order_no=0000023314 time=120553 qty=1 filled=0 unfilled=1 price=349000 branch=
 - side=buy order_no=0000023265 time=120521 qty=1 filled=0 unfilled=1 price=346500 branch=
 - side=buy order_no=0000023150 time=120324 qty=1 filled=0 unfilled=1 price=345500 branch=
 - side=buy order_no=0000023033 time=120151 qty=1 filled=0 unfilled=1 price=345500 branch=
 - side=buy order_no=0000022846 time=115950 qty=1 filled=0 unfilled=1 price=345500 branch=
 - side=buy order_no=0000022722 time=115827 qty=1 filled=0 unfilled=1 price=345500 branch=
 - side=buy order_no=0000022549 time=115623 qty=1 filled=0 unfilled=1 price=345000 branch=
 - side=buy order_no=0000022440 time=115448 qty=1 filled=0 unfilled=1 price=343500 branch=
====================================================================
2026-06-01 12:08:15 | INFO | samsung_auto_trader | Execution check for buy: before_qty=6, after_qty=6, executed=False
2026-06-01 12:08:15 | INFO | samsung_auto_trader | Token reuse: cached same-day token is valid.
2026-06-01 12:08:24 | INFO | samsung_auto_trader | Token reuse: cached same-day token is valid.
2026-06-01 12:08:31 | INFO | samsung_auto_trader | Token reuse: cached same-day token is valid.
2026-06-01 12:08:39 | INFO | samsung_auto_trader | Sell order request: qty=1, price=349000 | sellable_qty=5 min_position=3
2026-06-01 12:08:39 | INFO | samsung_auto_trader | Token reuse: cached same-day token is valid.
2026-06-01 12:08:39 | WARNING | samsung_auto_trader | API request failed (POST /uapi/domestic-stock/v1/trading/order-cash, attempt 1/3): ('Connection aborted.', RemoteDisconnected('Remote end closed connection without response'))
2026-06-01 12:08:40 | INFO | samsung_auto_trader | Sell order accepted | order_no=00950 | order_time=120841 | qty=1 | price=349000
2026-06-01 12:08:40 | INFO | samsung_auto_trader | Waiting 5 seconds before post-sell balance check.
2026-06-01 12:08:45 | INFO | samsung_auto_trader | Token reuse: cached same-day token is valid.
2026-06-01 12:08:45 | WARNING | samsung_auto_trader | API request failed (GET /uapi/domestic-stock/v1/trading/inquire-balance, attempt 1/3): ('Connection aborted.', RemoteDisconnected('Remote end closed connection without response'))
2026-06-01 12:08:49 | INFO | samsung_auto_trader | Token reuse: cached same-day token is valid.
2026-06-01 12:08:50 | INFO | samsung_auto_trader | Token reuse: cached same-day token is valid.
2026-06-01 12:08:51 | INFO | samsung_auto_trader | Token reuse: cached same-day token is valid.
2026-06-01 12:08:52 | INFO | samsung_auto_trader | Token reuse: cached same-day token is valid.
2026-06-01 12:08:53 | INFO | samsung_auto_trader | Holdings after sell | cash_available=4672410 | total_eval_amount=9548783 | samsung_holding={'symbol': '005930', 'qty': 7, 'sellable_qty': 5, 'avg_price': 0}
2026-06-01 12:08:53 | INFO | samsung_auto_trader | 
====================================================================
[STATUS] 2026-06-01 12:08:53 KST
holding | symbol=005930 qty=7 sellable_qty=5 avg_price=0
inventory_limits | initial=12 min=3 max=25 effective_position=12
open_orders | buy_open=7 sell_open=2 total_open=9
 - side=sell order_no=0000023436 time=120841 qty=1 filled=0 unfilled=1 price=349000 branch=
 - side=sell order_no=0000023314 time=120553 qty=1 filled=0 unfilled=1 price=349000 branch=
 - side=buy order_no=0000023265 time=120521 qty=1 filled=0 unfilled=1 price=346500 branch=
 - side=buy order_no=0000023150 time=120324 qty=1 filled=0 unfilled=1 price=345500 branch=
 - side=buy order_no=0000023033 time=120151 qty=1 filled=0 unfilled=1 price=345500 branch=
 - side=buy order_no=0000022846 time=115950 qty=1 filled=0 unfilled=1 price=345500 branch=
 - side=buy order_no=0000022722 time=115827 qty=1 filled=0 unfilled=1 price=345500 branch=
 - side=buy order_no=0000022549 time=115623 qty=1 filled=0 unfilled=1 price=345000 branch=
 - side=buy order_no=0000022440 time=115448 qty=1 filled=0 unfilled=1 price=343500 branch=
====================================================================
2026-06-01 12:08:53 | INFO | samsung_auto_trader | Execution check for sell: before_qty=6, after_qty=7, executed=False
2026-06-01 12:08:53 | INFO | samsung_auto_trader | Trade cycle finished.
2026-06-01 12:09:13 | INFO | samsung_auto_trader | Starting trade cycle.
2026-06-01 12:09:13 | INFO | samsung_auto_trader | Token reuse: cached same-day token is valid.
2026-06-01 12:09:13 | INFO | samsung_auto_trader | Current price: 347000 KRW | inferred_tick_size=500
2026-06-01 12:09:14 | INFO | samsung_auto_trader | Token reuse: cached same-day token is valid.
2026-06-01 12:09:17 | INFO | samsung_auto_trader | Token reuse: cached same-day token is valid.
2026-06-01 12:09:21 | INFO | samsung_auto_trader | Token reuse: cached same-day token is valid.
2026-06-01 12:09:22 | INFO | samsung_auto_trader | Token reuse: cached same-day token is valid.
2026-06-01 12:09:23 | INFO | samsung_auto_trader | Token reuse: cached same-day token is valid.
2026-06-01 12:09:23 | INFO | samsung_auto_trader | Holdings before order | cash_available=4672410 | total_eval_amount=9548783 | samsung_holding={'symbol': '005930', 'qty': 7, 'sellable_qty': 5, 'avg_price': 0}
2026-06-01 12:09:23 | INFO | samsung_auto_trader | 
====================================================================
[STATUS] 2026-06-01 12:09:23 KST
holding | symbol=005930 qty=7 sellable_qty=5 avg_price=0
inventory_limits | initial=12 min=3 max=25 effective_position=12
open_orders | buy_open=7 sell_open=2 total_open=9
 - side=sell order_no=0000023436 time=120841 qty=1 filled=0 unfilled=1 price=349000 branch=
 - side=sell order_no=0000023314 time=120553 qty=1 filled=0 unfilled=1 price=349000 branch=
 - side=buy order_no=0000023265 time=120521 qty=1 filled=0 unfilled=1 price=346500 branch=
 - side=buy order_no=0000023150 time=120324 qty=1 filled=0 unfilled=1 price=345500 branch=
 - side=buy order_no=0000023033 time=120151 qty=1 filled=0 unfilled=1 price=345500 branch=
 - side=buy order_no=0000022846 time=115950 qty=1 filled=0 unfilled=1 price=345500 branch=
 - side=buy order_no=0000022722 time=115827 qty=1 filled=0 unfilled=1 price=345500 branch=
 - side=buy order_no=0000022549 time=115623 qty=1 filled=0 unfilled=1 price=345000 branch=
 - side=buy order_no=0000022440 time=115448 qty=1 filled=0 unfilled=1 price=343500 branch=
====================================================================
2026-06-01 12:09:23 | INFO | samsung_auto_trader | Price normalized by tick size | current=347000 tick=500 raw_buy=346000 buy=346000 raw_sell=348000 sell=348000
2026-06-01 12:09:23 | INFO | samsung_auto_trader | Buy order request: qty=1, price=346000
2026-06-01 12:09:24 | INFO | samsung_auto_trader | Token reuse: cached same-day token is valid.
2026-06-01 12:09:27 | INFO | samsung_auto_trader | Buy order accepted | order_no=00950 | order_time=120927 | qty=1 | price=346000
2026-06-01 12:09:27 | INFO | samsung_auto_trader | Waiting 5 seconds before post-buy balance check.
2026-06-01 12:09:32 | INFO | samsung_auto_trader | Token reuse: cached same-day token is valid.
2026-06-01 12:09:32 | WARNING | samsung_auto_trader | API request failed (GET /uapi/domestic-stock/v1/trading/inquire-balance, attempt 1/3): ('Connection aborted.', RemoteDisconnected('Remote end closed connection without response'))
2026-06-01 12:09:41 | INFO | samsung_auto_trader | Token reuse: cached same-day token is valid.
2026-06-01 12:09:46 | INFO | samsung_auto_trader | Token reuse: cached same-day token is valid.
2026-06-01 12:09:53 | INFO | samsung_auto_trader | Token reuse: cached same-day token is valid.
2026-06-01 12:09:59 | INFO | samsung_auto_trader | Token reuse: cached same-day token is valid.
2026-06-01 12:10:06 | INFO | samsung_auto_trader | Holdings after buy | cash_available=4328140 | total_eval_amount=9548783 | samsung_holding={'symbol': '005930', 'qty': 7, 'sellable_qty': 5, 'avg_price': 0}
2026-06-01 12:10:06 | INFO | samsung_auto_trader | 
====================================================================
[STATUS] 2026-06-01 12:10:06 KST
holding | symbol=005930 qty=7 sellable_qty=5 avg_price=0
inventory_limits | initial=12 min=3 max=25 effective_position=13
open_orders | buy_open=8 sell_open=2 total_open=10
 - side=buy order_no=0000023481 time=120927 qty=1 filled=0 unfilled=1 price=346000 branch=
 - side=sell order_no=0000023436 time=120841 qty=1 filled=0 unfilled=1 price=349000 branch=
 - side=sell order_no=0000023314 time=120553 qty=1 filled=0 unfilled=1 price=349000 branch=
 - side=buy order_no=0000023265 time=120521 qty=1 filled=0 unfilled=1 price=346500 branch=
 - side=buy order_no=0000023150 time=120324 qty=1 filled=0 unfilled=1 price=345500 branch=
 - side=buy order_no=0000023033 time=120151 qty=1 filled=0 unfilled=1 price=345500 branch=
 - side=buy order_no=0000022846 time=115950 qty=1 filled=0 unfilled=1 price=345500 branch=
 - side=buy order_no=0000022722 time=115827 qty=1 filled=0 unfilled=1 price=345500 branch=
 - side=buy order_no=0000022549 time=115623 qty=1 filled=0 unfilled=1 price=345000 branch=
 - side=buy order_no=0000022440 time=115448 qty=1 filled=0 unfilled=1 price=343500 branch=
====================================================================
2026-06-01 12:10:06 | INFO | samsung_auto_trader | Execution check for buy: before_qty=7, after_qty=7, executed=False
2026-06-01 12:10:06 | INFO | samsung_auto_trader | Token reuse: cached same-day token is valid.
2026-06-01 12:10:15 | INFO | samsung_auto_trader | Token reuse: cached same-day token is valid.
2026-06-01 12:10:25 | INFO | samsung_auto_trader | Token reuse: cached same-day token is valid.
2026-06-01 12:10:33 | INFO | samsung_auto_trader | Sell order request: qty=1, price=348000 | sellable_qty=5 min_position=3
2026-06-01 12:10:33 | INFO | samsung_auto_trader | Token reuse: cached same-day token is valid.
2026-06-01 12:10:40 | INFO | samsung_auto_trader | Sell order accepted | order_no=00950 | order_time=121040 | qty=1 | price=348000
2026-06-01 12:10:40 | INFO | samsung_auto_trader | Waiting 5 seconds before post-sell balance check.
2026-06-01 12:10:45 | INFO | samsung_auto_trader | Token reuse: cached same-day token is valid.
2026-06-01 12:10:53 | INFO | samsung_auto_trader | Token reuse: cached same-day token is valid.
2026-06-01 12:11:00 | INFO | samsung_auto_trader | Token reuse: cached same-day token is valid.
2026-06-01 12:11:08 | INFO | samsung_auto_trader | Token reuse: cached same-day token is valid.
2026-06-01 12:11:18 | INFO | samsung_auto_trader | Token reuse: cached same-day token is valid.
2026-06-01 12:11:26 | INFO | samsung_auto_trader | Holdings after sell | cash_available=4328140 | total_eval_amount=9548783 | samsung_holding={'symbol': '005930', 'qty': 7, 'sellable_qty': 4, 'avg_price': 0}
2026-06-01 12:11:26 | INFO | samsung_auto_trader | 
====================================================================
[STATUS] 2026-06-01 12:11:26 KST
holding | symbol=005930 qty=7 sellable_qty=4 avg_price=0
inventory_limits | initial=12 min=3 max=25 effective_position=12
open_orders | buy_open=8 sell_open=3 total_open=11
 - side=sell order_no=0000023532 time=121040 qty=1 filled=0 unfilled=1 price=348000 branch=
 - side=buy order_no=0000023481 time=120927 qty=1 filled=0 unfilled=1 price=346000 branch=
 - side=sell order_no=0000023436 time=120841 qty=1 filled=0 unfilled=1 price=349000 branch=
 - side=sell order_no=0000023314 time=120553 qty=1 filled=0 unfilled=1 price=349000 branch=
 - side=buy order_no=0000023265 time=120521 qty=1 filled=0 unfilled=1 price=346500 branch=
 - side=buy order_no=0000023150 time=120324 qty=1 filled=0 unfilled=1 price=345500 branch=
 - side=buy order_no=0000023033 time=120151 qty=1 filled=0 unfilled=1 price=345500 branch=
 - side=buy order_no=0000022846 time=115950 qty=1 filled=0 unfilled=1 price=345500 branch=
 - side=buy order_no=0000022722 time=115827 qty=1 filled=0 unfilled=1 price=345500 branch=
 - side=buy order_no=0000022549 time=115623 qty=1 filled=0 unfilled=1 price=345000 branch=
 - side=buy order_no=0000022440 time=115448 qty=1 filled=0 unfilled=1 price=343500 branch=
====================================================================
2026-06-01 12:11:26 | INFO | samsung_auto_trader | Execution check for sell: before_qty=7, after_qty=7, executed=False
2026-06-01 12:11:26 | INFO | samsung_auto_trader | Trade cycle finished.
2026-06-01 12:11:46 | INFO | samsung_auto_trader | Starting trade cycle.
2026-06-01 12:11:46 | INFO | samsung_auto_trader | Token reuse: cached same-day token is valid.
2026-06-01 12:11:49 | INFO | samsung_auto_trader | Current price: 347750 KRW | inferred_tick_size=500
2026-06-01 12:11:49 | INFO | samsung_auto_trader | Token reuse: cached same-day token is valid.
2026-06-01 12:11:56 | INFO | samsung_auto_trader | Token reuse: cached same-day token is valid.
2026-06-01 12:12:02 | INFO | samsung_auto_trader | Token reuse: cached same-day token is valid.
2026-06-01 12:12:10 | INFO | samsung_auto_trader | Token reuse: cached same-day token is valid.
2026-06-01 12:12:17 | INFO | samsung_auto_trader | Token reuse: cached same-day token is valid.
2026-06-01 12:12:23 | INFO | samsung_auto_trader | Holdings before order | cash_available=4673361 | total_eval_amount=9548537 | samsung_holding={'symbol': '005930', 'qty': 6, 'sellable_qty': 4, 'avg_price': 0}
2026-06-01 12:12:23 | INFO | samsung_auto_trader | 
====================================================================
[STATUS] 2026-06-01 12:12:23 KST
holding | symbol=005930 qty=6 sellable_qty=4 avg_price=0
inventory_limits | initial=12 min=3 max=25 effective_position=12
open_orders | buy_open=8 sell_open=2 total_open=10
 - side=buy order_no=0000023481 time=120927 qty=1 filled=0 unfilled=1 price=346000 branch=
 - side=sell order_no=0000023436 time=120841 qty=1 filled=0 unfilled=1 price=349000 branch=
 - side=sell order_no=0000023314 time=120553 qty=1 filled=0 unfilled=1 price=349000 branch=
 - side=buy order_no=0000023265 time=120521 qty=1 filled=0 unfilled=1 price=346500 branch=
 - side=buy order_no=0000023150 time=120324 qty=1 filled=0 unfilled=1 price=345500 branch=
 - side=buy order_no=0000023033 time=120151 qty=1 filled=0 unfilled=1 price=345500 branch=
 - side=buy order_no=0000022846 time=115950 qty=1 filled=0 unfilled=1 price=345500 branch=
 - side=buy order_no=0000022722 time=115827 qty=1 filled=0 unfilled=1 price=345500 branch=
 - side=buy order_no=0000022549 time=115623 qty=1 filled=0 unfilled=1 price=345000 branch=
 - side=buy order_no=0000022440 time=115448 qty=1 filled=0 unfilled=1 price=343500 branch=
====================================================================
2026-06-01 12:12:23 | INFO | samsung_auto_trader | Price normalized by tick size | current=347750 tick=500 raw_buy=346750 buy=346500 raw_sell=348750 sell=349000
2026-06-01 12:12:23 | INFO | samsung_auto_trader | Buy order request: qty=1, price=346500
2026-06-01 12:12:23 | INFO | samsung_auto_trader | Token reuse: cached same-day token is valid.
2026-06-01 12:12:26 | INFO | samsung_auto_trader | Buy order accepted | order_no=00950 | order_time=121226 | qty=1 | price=346500
2026-06-01 12:12:26 | INFO | samsung_auto_trader | Waiting 5 seconds before post-buy balance check.
2026-06-01 12:12:31 | INFO | samsung_auto_trader | Token reuse: cached same-day token is valid.
2026-06-01 12:12:31 | WARNING | samsung_auto_trader | API request failed (GET /uapi/domestic-stock/v1/trading/inquire-balance, attempt 1/3): ('Connection aborted.', RemoteDisconnected('Remote end closed connection without response'))
2026-06-01 12:12:38 | INFO | samsung_auto_trader | Token reuse: cached same-day token is valid.
2026-06-01 12:12:43 | INFO | samsung_auto_trader | Token reuse: cached same-day token is valid.
2026-06-01 12:12:44 | INFO | samsung_auto_trader | Token reuse: cached same-day token is valid.
2026-06-01 12:12:45 | INFO | samsung_auto_trader | Token reuse: cached same-day token is valid.
2026-06-01 12:12:45 | INFO | samsung_auto_trader | Holdings after buy | cash_available=4328594 | total_eval_amount=9548537 | samsung_holding={'symbol': '005930', 'qty': 6, 'sellable_qty': 4, 'avg_price': 0}
2026-06-01 12:12:45 | INFO | samsung_auto_trader | 
====================================================================
[STATUS] 2026-06-01 12:12:45 KST
holding | symbol=005930 qty=6 sellable_qty=4 avg_price=0
inventory_limits | initial=12 min=3 max=25 effective_position=13
open_orders | buy_open=9 sell_open=2 total_open=11
 - side=buy order_no=0000023629 time=121226 qty=1 filled=0 unfilled=1 price=346500 branch=
 - side=buy order_no=0000023481 time=120927 qty=1 filled=0 unfilled=1 price=346000 branch=
 - side=sell order_no=0000023436 time=120841 qty=1 filled=0 unfilled=1 price=349000 branch=
 - side=sell order_no=0000023314 time=120553 qty=1 filled=0 unfilled=1 price=349000 branch=
 - side=buy order_no=0000023265 time=120521 qty=1 filled=0 unfilled=1 price=346500 branch=
 - side=buy order_no=0000023150 time=120324 qty=1 filled=0 unfilled=1 price=345500 branch=
 - side=buy order_no=0000023033 time=120151 qty=1 filled=0 unfilled=1 price=345500 branch=
 - side=buy order_no=0000022846 time=115950 qty=1 filled=0 unfilled=1 price=345500 branch=
 - side=buy order_no=0000022722 time=115827 qty=1 filled=0 unfilled=1 price=345500 branch=
 - side=buy order_no=0000022549 time=115623 qty=1 filled=0 unfilled=1 price=345000 branch=
 - side=buy order_no=0000022440 time=115448 qty=1 filled=0 unfilled=1 price=343500 branch=
====================================================================
2026-06-01 12:12:45 | INFO | samsung_auto_trader | Execution check for buy: before_qty=6, after_qty=6, executed=False
2026-06-01 12:12:46 | INFO | samsung_auto_trader | Token reuse: cached same-day token is valid.
2026-06-01 12:12:47 | INFO | samsung_auto_trader | Token reuse: cached same-day token is valid.
2026-06-01 12:12:48 | INFO | samsung_auto_trader | Token reuse: cached same-day token is valid.
2026-06-01 12:12:48 | INFO | samsung_auto_trader | Sell order request: qty=1, price=349000 | sellable_qty=4 min_position=3
2026-06-01 12:12:49 | INFO | samsung_auto_trader | Token reuse: cached same-day token is valid.
2026-06-01 12:12:50 | INFO | samsung_auto_trader | Sell order accepted | order_no=00950 | order_time=121250 | qty=1 | price=349000
2026-06-01 12:12:50 | INFO | samsung_auto_trader | Waiting 5 seconds before post-sell balance check.
2026-06-01 12:12:55 | INFO | samsung_auto_trader | Token reuse: cached same-day token is valid.
2026-06-01 12:12:59 | INFO | samsung_auto_trader | Token reuse: cached same-day token is valid.
2026-06-01 12:13:03 | INFO | samsung_auto_trader | Token reuse: cached same-day token is valid.
2026-06-01 12:13:08 | INFO | samsung_auto_trader | Token reuse: cached same-day token is valid.
2026-06-01 12:13:15 | INFO | samsung_auto_trader | Token reuse: cached same-day token is valid.
2026-06-01 12:13:21 | INFO | samsung_auto_trader | Holdings after sell | cash_available=4328594 | total_eval_amount=9551537 | samsung_holding={'symbol': '005930', 'qty': 6, 'sellable_qty': 3, 'avg_price': 0}
2026-06-01 12:13:21 | INFO | samsung_auto_trader | 
====================================================================
[STATUS] 2026-06-01 12:13:21 KST
holding | symbol=005930 qty=6 sellable_qty=3 avg_price=0
inventory_limits | initial=12 min=3 max=25 effective_position=12
open_orders | buy_open=9 sell_open=3 total_open=12
 - side=sell order_no=0000023643 time=121250 qty=1 filled=0 unfilled=1 price=349000 branch=
 - side=buy order_no=0000023629 time=121226 qty=1 filled=0 unfilled=1 price=346500 branch=
 - side=buy order_no=0000023481 time=120927 qty=1 filled=0 unfilled=1 price=346000 branch=
 - side=sell order_no=0000023436 time=120841 qty=1 filled=0 unfilled=1 price=349000 branch=
 - side=sell order_no=0000023314 time=120553 qty=1 filled=0 unfilled=1 price=349000 branch=
 - side=buy order_no=0000023265 time=120521 qty=1 filled=0 unfilled=1 price=346500 branch=
 - side=buy order_no=0000023150 time=120324 qty=1 filled=0 unfilled=1 price=345500 branch=
 - side=buy order_no=0000023033 time=120151 qty=1 filled=0 unfilled=1 price=345500 branch=
 - side=buy order_no=0000022846 time=115950 qty=1 filled=0 unfilled=1 price=345500 branch=
 - side=buy order_no=0000022722 time=115827 qty=1 filled=0 unfilled=1 price=345500 branch=
 - side=buy order_no=0000022549 time=115623 qty=1 filled=0 unfilled=1 price=345000 branch=
 - side=buy order_no=0000022440 time=115448 qty=1 filled=0 unfilled=1 price=343500 branch=
====================================================================
2026-06-01 12:13:21 | INFO | samsung_auto_trader | Execution check for sell: before_qty=6, after_qty=6, executed=False
2026-06-01 12:13:21 | INFO | samsung_auto_trader | Trade cycle finished.
2026-06-01 12:13:41 | INFO | samsung_auto_trader | Starting trade cycle.
2026-06-01 12:13:41 | INFO | samsung_auto_trader | Token reuse: cached same-day token is valid.
2026-06-01 12:13:41 | INFO | samsung_auto_trader | Current price: 348000 KRW | inferred_tick_size=500
2026-06-01 12:13:42 | INFO | samsung_auto_trader | Token reuse: cached same-day token is valid.
2026-06-01 12:13:42 | WARNING | samsung_auto_trader | API request failed (GET /uapi/domestic-stock/v1/trading/inquire-balance, attempt 1/3): Retryable HTTP 500: {"rt_cd":"1","msg1":"초당 거래건수를 초과하였습니다.","msg_cd":"EGW00201","message":"EGW00201"}
2026-06-01 12:13:47 | INFO | samsung_auto_trader | Token reuse: cached same-day token is valid.
2026-06-01 12:13:50 | INFO | samsung_auto_trader | Token reuse: cached same-day token is valid.
2026-06-01 12:13:53 | INFO | samsung_auto_trader | Token reuse: cached same-day token is valid.
2026-06-01 12:13:56 | INFO | samsung_auto_trader | Token reuse: cached same-day token is valid.
2026-06-01 12:13:59 | INFO | samsung_auto_trader | Holdings before order | cash_available=4328594 | total_eval_amount=9548537 | samsung_holding={'symbol': '005930', 'qty': 6, 'sellable_qty': 3, 'avg_price': 0}
2026-06-01 12:13:59 | INFO | samsung_auto_trader | 
====================================================================
[STATUS] 2026-06-01 12:13:59 KST
holding | symbol=005930 qty=6 sellable_qty=3 avg_price=0
inventory_limits | initial=12 min=3 max=25 effective_position=12
open_orders | buy_open=9 sell_open=3 total_open=12
 - side=sell order_no=0000023643 time=121250 qty=1 filled=0 unfilled=1 price=349000 branch=
 - side=buy order_no=0000023629 time=121226 qty=1 filled=0 unfilled=1 price=346500 branch=
 - side=buy order_no=0000023481 time=120927 qty=1 filled=0 unfilled=1 price=346000 branch=
 - side=sell order_no=0000023436 time=120841 qty=1 filled=0 unfilled=1 price=349000 branch=
 - side=sell order_no=0000023314 time=120553 qty=1 filled=0 unfilled=1 price=349000 branch=
 - side=buy order_no=0000023265 time=120521 qty=1 filled=0 unfilled=1 price=346500 branch=
 - side=buy order_no=0000023150 time=120324 qty=1 filled=0 unfilled=1 price=345500 branch=
 - side=buy order_no=0000023033 time=120151 qty=1 filled=0 unfilled=1 price=345500 branch=
 - side=buy order_no=0000022846 time=115950 qty=1 filled=0 unfilled=1 price=345500 branch=
 - side=buy order_no=0000022722 time=115827 qty=1 filled=0 unfilled=1 price=345500 branch=
 - side=buy order_no=0000022549 time=115623 qty=1 filled=0 unfilled=1 price=345000 branch=
 - side=buy order_no=0000022440 time=115448 qty=1 filled=0 unfilled=1 price=343500 branch=
====================================================================
2026-06-01 12:13:59 | INFO | samsung_auto_trader | Price normalized by tick size | current=348000 tick=500 raw_buy=347000 buy=347000 raw_sell=349000 sell=349000
2026-06-01 12:13:59 | INFO | samsung_auto_trader | Skipping sell this cycle | holding_qty=6 sell_open=3 min_position=3
2026-06-01 12:13:59 | INFO | samsung_auto_trader | Buy order request: qty=1, price=347000
2026-06-01 12:13:59 | INFO | samsung_auto_trader | Token reuse: cached same-day token is valid.
2026-06-01 12:13:59 | INFO | samsung_auto_trader | Buy order accepted | order_no=00950 | order_time=121359 | qty=1 | price=347000
2026-06-01 12:13:59 | INFO | samsung_auto_trader | Waiting 5 seconds before post-buy balance check.
2026-06-01 12:14:04 | INFO | samsung_auto_trader | Token reuse: cached same-day token is valid.
2026-06-01 12:14:04 | WARNING | samsung_auto_trader | API request failed (GET /uapi/domestic-stock/v1/trading/inquire-balance, attempt 1/3): ('Connection aborted.', RemoteDisconnected('Remote end closed connection without response'))
2026-06-01 12:14:13 | INFO | samsung_auto_trader | Token reuse: cached same-day token is valid.
2026-06-01 12:14:21 | INFO | samsung_auto_trader | Token reuse: cached same-day token is valid.
2026-06-01 12:14:23 | INFO | samsung_auto_trader | Token reuse: cached same-day token is valid.
2026-06-01 12:14:25 | INFO | samsung_auto_trader | Token reuse: cached same-day token is valid.
2026-06-01 12:14:27 | INFO | samsung_auto_trader | Holdings after buy | cash_available=3983329 | total_eval_amount=9551537 | samsung_holding={'symbol': '005930', 'qty': 6, 'sellable_qty': 3, 'avg_price': 0}
2026-06-01 12:14:27 | INFO | samsung_auto_trader | 
====================================================================
[STATUS] 2026-06-01 12:14:27 KST
holding | symbol=005930 qty=6 sellable_qty=3 avg_price=0
inventory_limits | initial=12 min=3 max=25 effective_position=13
open_orders | buy_open=10 sell_open=3 total_open=13
 - side=buy order_no=0000023720 time=121359 qty=1 filled=0 unfilled=1 price=347000 branch=
 - side=sell order_no=0000023643 time=121250 qty=1 filled=0 unfilled=1 price=349000 branch=
 - side=buy order_no=0000023629 time=121226 qty=1 filled=0 unfilled=1 price=346500 branch=
 - side=buy order_no=0000023481 time=120927 qty=1 filled=0 unfilled=1 price=346000 branch=
 - side=sell order_no=0000023436 time=120841 qty=1 filled=0 unfilled=1 price=349000 branch=
 - side=sell order_no=0000023314 time=120553 qty=1 filled=0 unfilled=1 price=349000 branch=
 - side=buy order_no=0000023265 time=120521 qty=1 filled=0 unfilled=1 price=346500 branch=
 - side=buy order_no=0000023150 time=120324 qty=1 filled=0 unfilled=1 price=345500 branch=
 - side=buy order_no=0000023033 time=120151 qty=1 filled=0 unfilled=1 price=345500 branch=
 - side=buy order_no=0000022846 time=115950 qty=1 filled=0 unfilled=1 price=345500 branch=
 - side=buy order_no=0000022722 time=115827 qty=1 filled=0 unfilled=1 price=345500 branch=
 - side=buy order_no=0000022549 time=115623 qty=1 filled=0 unfilled=1 price=345000 branch=
 - side=buy order_no=0000022440 time=115448 qty=1 filled=0 unfilled=1 price=343500 branch=
====================================================================
2026-06-01 12:14:27 | INFO | samsung_auto_trader | Execution check for buy: before_qty=6, after_qty=6, executed=False
2026-06-01 12:14:27 | INFO | samsung_auto_trader | Token reuse: cached same-day token is valid.
2026-06-01 12:14:29 | INFO | samsung_auto_trader | Token reuse: cached same-day token is valid.
2026-06-01 12:14:31 | INFO | samsung_auto_trader | Token reuse: cached same-day token is valid.
2026-06-01 12:14:33 | INFO | samsung_auto_trader | Skipping sell this cycle | holding_qty=6 sell_open=3 min_position=3
2026-06-01 12:14:33 | INFO | samsung_auto_trader | Trade cycle finished.
2026-06-01 12:14:53 | INFO | samsung_auto_trader | Starting trade cycle.
2026-06-01 12:14:53 | INFO | samsung_auto_trader | Token reuse: cached same-day token is valid.
2026-06-01 12:14:55 | INFO | samsung_auto_trader | Current price: 347750 KRW | inferred_tick_size=500
2026-06-01 12:14:55 | INFO | samsung_auto_trader | Token reuse: cached same-day token is valid.
2026-06-01 12:15:01 | INFO | samsung_auto_trader | Token reuse: cached same-day token is valid.
2026-06-01 12:15:09 | INFO | samsung_auto_trader | Token reuse: cached same-day token is valid.
2026-06-01 12:15:13 | INFO | samsung_auto_trader | Token reuse: cached same-day token is valid.
2026-06-01 12:15:16 | INFO | samsung_auto_trader | Token reuse: cached same-day token is valid.
2026-06-01 12:15:20 | INFO | samsung_auto_trader | Holdings before order | cash_available=3983329 | total_eval_amount=9550037 | samsung_holding={'symbol': '005930', 'qty': 6, 'sellable_qty': 3, 'avg_price': 0}
2026-06-01 12:15:20 | INFO | samsung_auto_trader | 
====================================================================
[STATUS] 2026-06-01 12:15:20 KST
holding | symbol=005930 qty=6 sellable_qty=3 avg_price=0
inventory_limits | initial=12 min=3 max=25 effective_position=13
open_orders | buy_open=10 sell_open=3 total_open=13
 - side=buy order_no=0000023720 time=121359 qty=1 filled=0 unfilled=1 price=347000 branch=
 - side=sell order_no=0000023643 time=121250 qty=1 filled=0 unfilled=1 price=349000 branch=
 - side=buy order_no=0000023629 time=121226 qty=1 filled=0 unfilled=1 price=346500 branch=
 - side=buy order_no=0000023481 time=120927 qty=1 filled=0 unfilled=1 price=346000 branch=
 - side=sell order_no=0000023436 time=120841 qty=1 filled=0 unfilled=1 price=349000 branch=
 - side=sell order_no=0000023314 time=120553 qty=1 filled=0 unfilled=1 price=349000 branch=
 - side=buy order_no=0000023265 time=120521 qty=1 filled=0 unfilled=1 price=346500 branch=
 - side=buy order_no=0000023150 time=120324 qty=1 filled=0 unfilled=1 price=345500 branch=
 - side=buy order_no=0000023033 time=120151 qty=1 filled=0 unfilled=1 price=345500 branch=
 - side=buy order_no=0000022846 time=115950 qty=1 filled=0 unfilled=1 price=345500 branch=
 - side=buy order_no=0000022722 time=115827 qty=1 filled=0 unfilled=1 price=345500 branch=
 - side=buy order_no=0000022549 time=115623 qty=1 filled=0 unfilled=1 price=345000 branch=
 - side=buy order_no=0000022440 time=115448 qty=1 filled=0 unfilled=1 price=343500 branch=
====================================================================
2026-06-01 12:15:20 | INFO | samsung_auto_trader | Price normalized by tick size | current=347750 tick=500 raw_buy=346750 buy=346500 raw_sell=348750 sell=349000
2026-06-01 12:15:20 | INFO | samsung_auto_trader | Skipping sell this cycle | holding_qty=6 sell_open=3 min_position=3
2026-06-01 12:15:20 | INFO | samsung_auto_trader | Buy order request: qty=1, price=346500
2026-06-01 12:15:20 | INFO | samsung_auto_trader | Token reuse: cached same-day token is valid.
2026-06-01 12:15:26 | INFO | samsung_auto_trader | Buy order accepted | order_no=00950 | order_time=121526 | qty=1 | price=346500
2026-06-01 12:15:26 | INFO | samsung_auto_trader | Waiting 5 seconds before post-buy balance check.
2026-06-01 12:15:31 | INFO | samsung_auto_trader | Token reuse: cached same-day token is valid.
2026-06-01 12:15:38 | INFO | samsung_auto_trader | Token reuse: cached same-day token is valid.
2026-06-01 12:15:44 | INFO | samsung_auto_trader | Token reuse: cached same-day token is valid.
2026-06-01 12:15:47 | INFO | samsung_auto_trader | Token reuse: cached same-day token is valid.
2026-06-01 12:15:48 | INFO | samsung_auto_trader | Token reuse: cached same-day token is valid.
2026-06-01 12:15:50 | INFO | samsung_auto_trader | Holdings after buy | cash_available=3638561 | total_eval_amount=9548987 | samsung_holding={'symbol': '005930', 'qty': 7, 'sellable_qty': 4, 'avg_price': 0}
2026-06-01 12:15:50 | INFO | samsung_auto_trader | 
====================================================================
[STATUS] 2026-06-01 12:15:50 KST
holding | symbol=005930 qty=7 sellable_qty=4 avg_price=0
inventory_limits | initial=12 min=3 max=25 effective_position=14
open_orders | buy_open=10 sell_open=3 total_open=13
 - side=buy order_no=0000023797 time=121526 qty=1 filled=0 unfilled=1 price=346500 branch=
 - side=sell order_no=0000023643 time=121250 qty=1 filled=0 unfilled=1 price=349000 branch=
 - side=buy order_no=0000023629 time=121226 qty=1 filled=0 unfilled=1 price=346500 branch=
 - side=buy order_no=0000023481 time=120927 qty=1 filled=0 unfilled=1 price=346000 branch=
 - side=sell order_no=0000023436 time=120841 qty=1 filled=0 unfilled=1 price=349000 branch=
 - side=sell order_no=0000023314 time=120553 qty=1 filled=0 unfilled=1 price=349000 branch=
 - side=buy order_no=0000023265 time=120521 qty=1 filled=0 unfilled=1 price=346500 branch=
 - side=buy order_no=0000023150 time=120324 qty=1 filled=0 unfilled=1 price=345500 branch=
 - side=buy order_no=0000023033 time=120151 qty=1 filled=0 unfilled=1 price=345500 branch=
 - side=buy order_no=0000022846 time=115950 qty=1 filled=0 unfilled=1 price=345500 branch=
 - side=buy order_no=0000022722 time=115827 qty=1 filled=0 unfilled=1 price=345500 branch=
 - side=buy order_no=0000022549 time=115623 qty=1 filled=0 unfilled=1 price=345000 branch=
 - side=buy order_no=0000022440 time=115448 qty=1 filled=0 unfilled=1 price=343500 branch=
====================================================================
2026-06-01 12:15:50 | INFO | samsung_auto_trader | Execution check for buy: before_qty=6, after_qty=7, executed=True
2026-06-01 12:15:50 | INFO | samsung_auto_trader | Token reuse: cached same-day token is valid.
2026-06-01 12:15:51 | INFO | samsung_auto_trader | Token reuse: cached same-day token is valid.
2026-06-01 12:15:52 | INFO | samsung_auto_trader | Token reuse: cached same-day token is valid.
2026-06-01 12:15:54 | INFO | samsung_auto_trader | Sell order request: qty=1, price=349000 | sellable_qty=4 min_position=3
2026-06-01 12:15:54 | INFO | samsung_auto_trader | Token reuse: cached same-day token is valid.
2026-06-01 12:15:57 | INFO | samsung_auto_trader | Sell order accepted | order_no=00950 | order_time=121557 | qty=1 | price=349000
2026-06-01 12:15:57 | INFO | samsung_auto_trader | Waiting 5 seconds before post-sell balance check.
2026-06-01 12:16:02 | INFO | samsung_auto_trader | Token reuse: cached same-day token is valid.
2026-06-01 12:16:07 | INFO | samsung_auto_trader | Token reuse: cached same-day token is valid.
2026-06-01 12:16:14 | INFO | samsung_auto_trader | Token reuse: cached same-day token is valid.
2026-06-01 12:16:15 | INFO | samsung_auto_trader | Token reuse: cached same-day token is valid.
2026-06-01 12:16:17 | INFO | samsung_auto_trader | Token reuse: cached same-day token is valid.
2026-06-01 12:16:19 | INFO | samsung_auto_trader | Holdings after sell | cash_available=3638561 | total_eval_amount=9548987 | samsung_holding={'symbol': '005930', 'qty': 7, 'sellable_qty': 3, 'avg_price': 0}
2026-06-01 12:16:19 | INFO | samsung_auto_trader | 
====================================================================
[STATUS] 2026-06-01 12:16:19 KST
holding | symbol=005930 qty=7 sellable_qty=3 avg_price=0
inventory_limits | initial=12 min=3 max=25 effective_position=13
open_orders | buy_open=10 sell_open=4 total_open=14
 - side=sell order_no=0000023826 time=121557 qty=1 filled=0 unfilled=1 price=349000 branch=
 - side=buy order_no=0000023797 time=121526 qty=1 filled=0 unfilled=1 price=346500 branch=
 - side=sell order_no=0000023643 time=121250 qty=1 filled=0 unfilled=1 price=349000 branch=
 - side=buy order_no=0000023629 time=121226 qty=1 filled=0 unfilled=1 price=346500 branch=
 - side=buy order_no=0000023481 time=120927 qty=1 filled=0 unfilled=1 price=346000 branch=
 - side=sell order_no=0000023436 time=120841 qty=1 filled=0 unfilled=1 price=349000 branch=
 - side=sell order_no=0000023314 time=120553 qty=1 filled=0 unfilled=1 price=349000 branch=
 - side=buy order_no=0000023265 time=120521 qty=1 filled=0 unfilled=1 price=346500 branch=
 - side=buy order_no=0000023150 time=120324 qty=1 filled=0 unfilled=1 price=345500 branch=
 - side=buy order_no=0000023033 time=120151 qty=1 filled=0 unfilled=1 price=345500 branch=
 - side=buy order_no=0000022846 time=115950 qty=1 filled=0 unfilled=1 price=345500 branch=
 - side=buy order_no=0000022722 time=115827 qty=1 filled=0 unfilled=1 price=345500 branch=
 - side=buy order_no=0000022549 time=115623 qty=1 filled=0 unfilled=1 price=345000 branch=
 - side=buy order_no=0000022440 time=115448 qty=1 filled=0 unfilled=1 price=343500 branch=
====================================================================
2026-06-01 12:16:19 | INFO | samsung_auto_trader | Execution check for sell: before_qty=7, after_qty=7, executed=False
2026-06-01 12:16:19 | INFO | samsung_auto_trader | Trade cycle finished.
2026-06-01 12:16:39 | INFO | samsung_auto_trader | Starting trade cycle.
2026-06-01 12:16:39 | INFO | samsung_auto_trader | Token reuse: cached same-day token is valid.
2026-06-01 12:16:41 | INFO | samsung_auto_trader | Current price: 347750 KRW | inferred_tick_size=500
2026-06-01 12:16:41 | INFO | samsung_auto_trader | Token reuse: cached same-day token is valid.
2026-06-01 12:16:48 | INFO | samsung_auto_trader | Token reuse: cached same-day token is valid.
2026-06-01 12:16:54 | INFO | samsung_auto_trader | Token reuse: cached same-day token is valid.
2026-06-01 12:16:56 | INFO | samsung_auto_trader | Token reuse: cached same-day token is valid.
2026-06-01 12:16:59 | INFO | samsung_auto_trader | Token reuse: cached same-day token is valid.
2026-06-01 12:17:01 | INFO | samsung_auto_trader | Holdings before order | cash_available=3638561 | total_eval_amount=9552487 | samsung_holding={'symbol': '005930', 'qty': 7, 'sellable_qty': 3, 'avg_price': 0}
2026-06-01 12:17:01 | INFO | samsung_auto_trader | 
====================================================================
[STATUS] 2026-06-01 12:17:01 KST
holding | symbol=005930 qty=7 sellable_qty=3 avg_price=0
inventory_limits | initial=12 min=3 max=25 effective_position=13
open_orders | buy_open=10 sell_open=4 total_open=14
 - side=sell order_no=0000023826 time=121557 qty=1 filled=0 unfilled=1 price=349000 branch=
 - side=buy order_no=0000023797 time=121526 qty=1 filled=0 unfilled=1 price=346500 branch=
 - side=sell order_no=0000023643 time=121250 qty=1 filled=0 unfilled=1 price=349000 branch=
 - side=buy order_no=0000023629 time=121226 qty=1 filled=0 unfilled=1 price=346500 branch=
 - side=buy order_no=0000023481 time=120927 qty=1 filled=0 unfilled=1 price=346000 branch=
 - side=sell order_no=0000023436 time=120841 qty=1 filled=0 unfilled=1 price=349000 branch=
 - side=sell order_no=0000023314 time=120553 qty=1 filled=0 unfilled=1 price=349000 branch=
 - side=buy order_no=0000023265 time=120521 qty=1 filled=0 unfilled=1 price=346500 branch=
 - side=buy order_no=0000023150 time=120324 qty=1 filled=0 unfilled=1 price=345500 branch=
 - side=buy order_no=0000023033 time=120151 qty=1 filled=0 unfilled=1 price=345500 branch=
 - side=buy order_no=0000022846 time=115950 qty=1 filled=0 unfilled=1 price=345500 branch=
 - side=buy order_no=0000022722 time=115827 qty=1 filled=0 unfilled=1 price=345500 branch=
 - side=buy order_no=0000022549 time=115623 qty=1 filled=0 unfilled=1 price=345000 branch=
 - side=buy order_no=0000022440 time=115448 qty=1 filled=0 unfilled=1 price=343500 branch=
====================================================================
2026-06-01 12:17:01 | INFO | samsung_auto_trader | Price normalized by tick size | current=347750 tick=500 raw_buy=346750 buy=346500 raw_sell=348750 sell=349000
2026-06-01 12:17:01 | INFO | samsung_auto_trader | Skipping sell this cycle | holding_qty=7 sell_open=4 min_position=3
2026-06-01 12:17:01 | INFO | samsung_auto_trader | Buy order request: qty=1, price=346500
2026-06-01 12:17:01 | INFO | samsung_auto_trader | Token reuse: cached same-day token is valid.
2026-06-01 12:17:04 | INFO | samsung_auto_trader | Buy order accepted | order_no=00950 | order_time=121704 | qty=1 | price=346500
2026-06-01 12:17:04 | INFO | samsung_auto_trader | Waiting 5 seconds before post-buy balance check.
2026-06-01 12:17:09 | INFO | samsung_auto_trader | Token reuse: cached same-day token is valid.
2026-06-01 12:17:13 | INFO | samsung_auto_trader | Token reuse: cached same-day token is valid.
2026-06-01 12:17:16 | INFO | samsung_auto_trader | Token reuse: cached same-day token is valid.
2026-06-01 12:17:20 | INFO | samsung_auto_trader | Token reuse: cached same-day token is valid.
2026-06-01 12:17:24 | INFO | samsung_auto_trader | Token reuse: cached same-day token is valid.
2026-06-01 12:17:27 | INFO | samsung_auto_trader | Holdings after buy | cash_available=3293794 | total_eval_amount=9552487 | samsung_holding={'symbol': '005930', 'qty': 7, 'sellable_qty': 3, 'avg_price': 0}
2026-06-01 12:17:27 | INFO | samsung_auto_trader | 
====================================================================
[STATUS] 2026-06-01 12:17:27 KST
holding | symbol=005930 qty=7 sellable_qty=3 avg_price=0
inventory_limits | initial=12 min=3 max=25 effective_position=14
open_orders | buy_open=11 sell_open=4 total_open=15
 - side=buy order_no=0000023865 time=121704 qty=1 filled=0 unfilled=1 price=346500 branch=
 - side=sell order_no=0000023826 time=121557 qty=1 filled=0 unfilled=1 price=349000 branch=
 - side=buy order_no=0000023797 time=121526 qty=1 filled=0 unfilled=1 price=346500 branch=
 - side=sell order_no=0000023643 time=121250 qty=1 filled=0 unfilled=1 price=349000 branch=
 - side=buy order_no=0000023629 time=121226 qty=1 filled=0 unfilled=1 price=346500 branch=
 - side=buy order_no=0000023481 time=120927 qty=1 filled=0 unfilled=1 price=346000 branch=
 - side=sell order_no=0000023436 time=120841 qty=1 filled=0 unfilled=1 price=349000 branch=
 - side=sell order_no=0000023314 time=120553 qty=1 filled=0 unfilled=1 price=349000 branch=
 - side=buy order_no=0000023265 time=120521 qty=1 filled=0 unfilled=1 price=346500 branch=
 - side=buy order_no=0000023150 time=120324 qty=1 filled=0 unfilled=1 price=345500 branch=
 - side=buy order_no=0000023033 time=120151 qty=1 filled=0 unfilled=1 price=345500 branch=
 - side=buy order_no=0000022846 time=115950 qty=1 filled=0 unfilled=1 price=345500 branch=
 - side=buy order_no=0000022722 time=115827 qty=1 filled=0 unfilled=1 price=345500 branch=
 - side=buy order_no=0000022549 time=115623 qty=1 filled=0 unfilled=1 price=345000 branch=
 - side=buy order_no=0000022440 time=115448 qty=1 filled=0 unfilled=1 price=343500 branch=
====================================================================
2026-06-01 12:17:27 | INFO | samsung_auto_trader | Execution check for buy: before_qty=7, after_qty=7, executed=False
2026-06-01 12:17:27 | INFO | samsung_auto_trader | Token reuse: cached same-day token is valid.
2026-06-01 12:17:30 | INFO | samsung_auto_trader | Token reuse: cached same-day token is valid.
2026-06-01 12:17:33 | INFO | samsung_auto_trader | Token reuse: cached same-day token is valid.
2026-06-01 12:17:35 | INFO | samsung_auto_trader | Skipping sell this cycle | holding_qty=7 sell_open=4 min_position=3
2026-06-01 12:17:35 | INFO | samsung_auto_trader | Trade cycle finished.
2026-06-01 12:17:55 | INFO | samsung_auto_trader | Starting trade cycle.
2026-06-01 12:17:55 | INFO | samsung_auto_trader | Token reuse: cached same-day token is valid.
2026-06-01 12:17:56 | INFO | samsung_auto_trader | Current price: 348000 KRW | inferred_tick_size=500
2026-06-01 12:17:56 | INFO | samsung_auto_trader | Token reuse: cached same-day token is valid.
2026-06-01 12:18:01 | INFO | samsung_auto_trader | Token reuse: cached same-day token is valid.
2026-06-01 12:18:06 | INFO | samsung_auto_trader | Token reuse: cached same-day token is valid.
2026-06-01 12:18:08 | INFO | samsung_auto_trader | Token reuse: cached same-day token is valid.
2026-06-01 12:18:10 | INFO | samsung_auto_trader | Token reuse: cached same-day token is valid.
2026-06-01 12:18:12 | INFO | samsung_auto_trader | Holdings before order | cash_available=3293794 | total_eval_amount=9552487 | samsung_holding={'symbol': '005930', 'qty': 7, 'sellable_qty': 3, 'avg_price': 0}
2026-06-01 12:18:12 | INFO | samsung_auto_trader | 
====================================================================
[STATUS] 2026-06-01 12:18:12 KST
holding | symbol=005930 qty=7 sellable_qty=3 avg_price=0
inventory_limits | initial=12 min=3 max=25 effective_position=14
open_orders | buy_open=11 sell_open=4 total_open=15
 - side=buy order_no=0000023865 time=121704 qty=1 filled=0 unfilled=1 price=346500 branch=
 - side=sell order_no=0000023826 time=121557 qty=1 filled=0 unfilled=1 price=349000 branch=
 - side=buy order_no=0000023797 time=121526 qty=1 filled=0 unfilled=1 price=346500 branch=
 - side=sell order_no=0000023643 time=121250 qty=1 filled=0 unfilled=1 price=349000 branch=
 - side=buy order_no=0000023629 time=121226 qty=1 filled=0 unfilled=1 price=346500 branch=
 - side=buy order_no=0000023481 time=120927 qty=1 filled=0 unfilled=1 price=346000 branch=
 - side=sell order_no=0000023436 time=120841 qty=1 filled=0 unfilled=1 price=349000 branch=
 - side=sell order_no=0000023314 time=120553 qty=1 filled=0 unfilled=1 price=349000 branch=
 - side=buy order_no=0000023265 time=120521 qty=1 filled=0 unfilled=1 price=346500 branch=
 - side=buy order_no=0000023150 time=120324 qty=1 filled=0 unfilled=1 price=345500 branch=
 - side=buy order_no=0000023033 time=120151 qty=1 filled=0 unfilled=1 price=345500 branch=
 - side=buy order_no=0000022846 time=115950 qty=1 filled=0 unfilled=1 price=345500 branch=
 - side=buy order_no=0000022722 time=115827 qty=1 filled=0 unfilled=1 price=345500 branch=
 - side=buy order_no=0000022549 time=115623 qty=1 filled=0 unfilled=1 price=345000 branch=
 - side=buy order_no=0000022440 time=115448 qty=1 filled=0 unfilled=1 price=343500 branch=
====================================================================
2026-06-01 12:18:12 | INFO | samsung_auto_trader | Price normalized by tick size | current=348000 tick=500 raw_buy=347000 buy=347000 raw_sell=349000 sell=349000
2026-06-01 12:18:12 | INFO | samsung_auto_trader | Skipping sell this cycle | holding_qty=7 sell_open=4 min_position=3
2026-06-01 12:18:12 | INFO | samsung_auto_trader | Buy order request: qty=1, price=347000
2026-06-01 12:18:12 | INFO | samsung_auto_trader | Token reuse: cached same-day token is valid.
2026-06-01 12:18:16 | INFO | samsung_auto_trader | Buy order accepted | order_no=00950 | order_time=121816 | qty=1 | price=347000
2026-06-01 12:18:16 | INFO | samsung_auto_trader | Waiting 5 seconds before post-buy balance check.
2026-06-01 12:18:21 | INFO | samsung_auto_trader | Token reuse: cached same-day token is valid.
2026-06-01 12:18:26 | INFO | samsung_auto_trader | Token reuse: cached same-day token is valid.
2026-06-01 12:18:30 | INFO | samsung_auto_trader | Token reuse: cached same-day token is valid.
2026-06-01 12:18:34 | INFO | samsung_auto_trader | Token reuse: cached same-day token is valid.
2026-06-01 12:18:37 | INFO | samsung_auto_trader | Token reuse: cached same-day token is valid.
2026-06-01 12:18:41 | INFO | samsung_auto_trader | Holdings after buy | cash_available=2948529 | total_eval_amount=9547447 | samsung_holding={'symbol': '005930', 'qty': 8, 'sellable_qty': 4, 'avg_price': 0}
2026-06-01 12:18:41 | INFO | samsung_auto_trader | 
====================================================================
[STATUS] 2026-06-01 12:18:41 KST
holding | symbol=005930 qty=8 sellable_qty=4 avg_price=0
inventory_limits | initial=12 min=3 max=25 effective_position=15
open_orders | buy_open=11 sell_open=4 total_open=15
 - side=buy order_no=0000023865 time=121704 qty=1 filled=0 unfilled=1 price=346500 branch=
 - side=sell order_no=0000023826 time=121557 qty=1 filled=0 unfilled=1 price=349000 branch=
 - side=buy order_no=0000023797 time=121526 qty=1 filled=0 unfilled=1 price=346500 branch=
 - side=sell order_no=0000023643 time=121250 qty=1 filled=0 unfilled=1 price=349000 branch=
 - side=buy order_no=0000023629 time=121226 qty=1 filled=0 unfilled=1 price=346500 branch=
 - side=buy order_no=0000023481 time=120927 qty=1 filled=0 unfilled=1 price=346000 branch=
 - side=sell order_no=0000023436 time=120841 qty=1 filled=0 unfilled=1 price=349000 branch=
 - side=sell order_no=0000023314 time=120553 qty=1 filled=0 unfilled=1 price=349000 branch=
 - side=buy order_no=0000023265 time=120521 qty=1 filled=0 unfilled=1 price=346500 branch=
 - side=buy order_no=0000023150 time=120324 qty=1 filled=0 unfilled=1 price=345500 branch=
 - side=buy order_no=0000023033 time=120151 qty=1 filled=0 unfilled=1 price=345500 branch=
 - side=buy order_no=0000022846 time=115950 qty=1 filled=0 unfilled=1 price=345500 branch=
 - side=buy order_no=0000022722 time=115827 qty=1 filled=0 unfilled=1 price=345500 branch=
 - side=buy order_no=0000022549 time=115623 qty=1 filled=0 unfilled=1 price=345000 branch=
 - side=buy order_no=0000022440 time=115448 qty=1 filled=0 unfilled=1 price=343500 branch=
====================================================================
2026-06-01 12:18:41 | INFO | samsung_auto_trader | Execution check for buy: before_qty=7, after_qty=8, executed=True
2026-06-01 12:18:41 | INFO | samsung_auto_trader | Token reuse: cached same-day token is valid.
2026-06-01 12:18:46 | INFO | samsung_auto_trader | Token reuse: cached same-day token is valid.
2026-06-01 12:18:51 | INFO | samsung_auto_trader | Token reuse: cached same-day token is valid.
2026-06-01 12:18:57 | INFO | samsung_auto_trader | Sell order request: qty=1, price=349000 | sellable_qty=4 min_position=3
2026-06-01 12:18:57 | INFO | samsung_auto_trader | Token reuse: cached same-day token is valid.
2026-06-01 12:19:00 | INFO | samsung_auto_trader | Sell order accepted | order_no=00950 | order_time=121859 | qty=1 | price=349000
2026-06-01 12:19:00 | INFO | samsung_auto_trader | Waiting 5 seconds before post-sell balance check.
2026-06-01 12:19:05 | INFO | samsung_auto_trader | Token reuse: cached same-day token is valid.
2026-06-01 12:19:13 | INFO | samsung_auto_trader | Token reuse: cached same-day token is valid.
2026-06-01 12:19:20 | INFO | samsung_auto_trader | Token reuse: cached same-day token is valid.
2026-06-01 12:19:27 | INFO | samsung_auto_trader | Token reuse: cached same-day token is valid.
2026-06-01 12:19:33 | INFO | samsung_auto_trader | Token reuse: cached same-day token is valid.
2026-06-01 12:19:40 | INFO | samsung_auto_trader | Holdings after sell | cash_available=2948529 | total_eval_amount=9549447 | samsung_holding={'symbol': '005930', 'qty': 8, 'sellable_qty': 3, 'avg_price': 0}
2026-06-01 12:19:40 | INFO | samsung_auto_trader | 
====================================================================
[STATUS] 2026-06-01 12:19:40 KST
holding | symbol=005930 qty=8 sellable_qty=3 avg_price=0
inventory_limits | initial=12 min=3 max=25 effective_position=14
open_orders | buy_open=11 sell_open=5 total_open=16
 - side=sell order_no=0000024032 time=121859 qty=1 filled=0 unfilled=1 price=349000 branch=
 - side=buy order_no=0000023865 time=121704 qty=1 filled=0 unfilled=1 price=346500 branch=
 - side=sell order_no=0000023826 time=121557 qty=1 filled=0 unfilled=1 price=349000 branch=
 - side=buy order_no=0000023797 time=121526 qty=1 filled=0 unfilled=1 price=346500 branch=
 - side=sell order_no=0000023643 time=121250 qty=1 filled=0 unfilled=1 price=349000 branch=
 - side=buy order_no=0000023629 time=121226 qty=1 filled=0 unfilled=1 price=346500 branch=
 - side=buy order_no=0000023481 time=120927 qty=1 filled=0 unfilled=1 price=346000 branch=
 - side=sell order_no=0000023436 time=120841 qty=1 filled=0 unfilled=1 price=349000 branch=
 - side=sell order_no=0000023314 time=120553 qty=1 filled=0 unfilled=1 price=349000 branch=
 - side=buy order_no=0000023265 time=120521 qty=1 filled=0 unfilled=1 price=346500 branch=
 - side=buy order_no=0000023150 time=120324 qty=1 filled=0 unfilled=1 price=345500 branch=
 - side=buy order_no=0000023033 time=120151 qty=1 filled=0 unfilled=1 price=345500 branch=
 - side=buy order_no=0000022846 time=115950 qty=1 filled=0 unfilled=1 price=345500 branch=
 - side=buy order_no=0000022722 time=115827 qty=1 filled=0 unfilled=1 price=345500 branch=
 - side=buy order_no=0000022549 time=115623 qty=1 filled=0 unfilled=1 price=345000 branch=
 - side=buy order_no=0000022440 time=115448 qty=1 filled=0 unfilled=1 price=343500 branch=
====================================================================
2026-06-01 12:19:40 | INFO | samsung_auto_trader | Execution check for sell: before_qty=8, after_qty=8, executed=False
2026-06-01 12:19:40 | INFO | samsung_auto_trader | Trade cycle finished.
2026-06-01 12:20:00 | INFO | samsung_auto_trader | Starting trade cycle.
2026-06-01 12:20:00 | INFO | samsung_auto_trader | Token reuse: cached same-day token is valid.
2026-06-01 12:20:00 | INFO | samsung_auto_trader | Current price: 347500 KRW | inferred_tick_size=500
2026-06-01 12:20:01 | INFO | samsung_auto_trader | Token reuse: cached same-day token is valid.
2026-06-01 12:20:06 | INFO | samsung_auto_trader | Token reuse: cached same-day token is valid.
2026-06-01 12:20:13 | INFO | samsung_auto_trader | Token reuse: cached same-day token is valid.
2026-06-01 12:20:16 | INFO | samsung_auto_trader | Token reuse: cached same-day token is valid.
2026-06-01 12:20:18 | INFO | samsung_auto_trader | Token reuse: cached same-day token is valid.
2026-06-01 12:20:27 | INFO | samsung_auto_trader | Holdings before order | cash_available=2948529 | total_eval_amount=9549447 | samsung_holding={'symbol': '005930', 'qty': 8, 'sellable_qty': 3, 'avg_price': 0}
2026-06-01 12:20:27 | INFO | samsung_auto_trader | 
====================================================================
[STATUS] 2026-06-01 12:20:27 KST
holding | symbol=005930 qty=8 sellable_qty=3 avg_price=0
inventory_limits | initial=12 min=3 max=25 effective_position=14
open_orders | buy_open=11 sell_open=5 total_open=16
 - side=sell order_no=0000024032 time=121859 qty=1 filled=0 unfilled=1 price=349000 branch=
 - side=buy order_no=0000023865 time=121704 qty=1 filled=0 unfilled=1 price=346500 branch=
 - side=sell order_no=0000023826 time=121557 qty=1 filled=0 unfilled=1 price=349000 branch=
 - side=buy order_no=0000023797 time=121526 qty=1 filled=0 unfilled=1 price=346500 branch=
 - side=sell order_no=0000023643 time=121250 qty=1 filled=0 unfilled=1 price=349000 branch=
 - side=buy order_no=0000023629 time=121226 qty=1 filled=0 unfilled=1 price=346500 branch=
 - side=buy order_no=0000023481 time=120927 qty=1 filled=0 unfilled=1 price=346000 branch=
 - side=sell order_no=0000023436 time=120841 qty=1 filled=0 unfilled=1 price=349000 branch=
 - side=sell order_no=0000023314 time=120553 qty=1 filled=0 unfilled=1 price=349000 branch=
 - side=buy order_no=0000023265 time=120521 qty=1 filled=0 unfilled=1 price=346500 branch=
 - side=buy order_no=0000023150 time=120324 qty=1 filled=0 unfilled=1 price=345500 branch=
 - side=buy order_no=0000023033 time=120151 qty=1 filled=0 unfilled=1 price=345500 branch=
 - side=buy order_no=0000022846 time=115950 qty=1 filled=0 unfilled=1 price=345500 branch=
 - side=buy order_no=0000022722 time=115827 qty=1 filled=0 unfilled=1 price=345500 branch=
 - side=buy order_no=0000022549 time=115623 qty=1 filled=0 unfilled=1 price=345000 branch=
 - side=buy order_no=0000022440 time=115448 qty=1 filled=0 unfilled=1 price=343500 branch=
====================================================================
2026-06-01 12:20:27 | INFO | samsung_auto_trader | Price normalized by tick size | current=347500 tick=500 raw_buy=346500 buy=346500 raw_sell=348500 sell=348500
2026-06-01 12:20:27 | INFO | samsung_auto_trader | Skipping sell this cycle | holding_qty=8 sell_open=5 min_position=3
2026-06-01 12:20:27 | INFO | samsung_auto_trader | Buy order request: qty=1, price=346500
2026-06-01 12:20:27 | INFO | samsung_auto_trader | Token reuse: cached same-day token is valid.
2026-06-01 12:20:33 | INFO | samsung_auto_trader | Buy order accepted | order_no=00950 | order_time=122033 | qty=1 | price=346500
2026-06-01 12:20:33 | INFO | samsung_auto_trader | Waiting 5 seconds before post-buy balance check.
2026-06-01 12:20:38 | INFO | samsung_auto_trader | Token reuse: cached same-day token is valid.
2026-06-01 12:20:46 | INFO | samsung_auto_trader | Token reuse: cached same-day token is valid.
2026-06-01 12:20:51 | INFO | samsung_auto_trader | Token reuse: cached same-day token is valid.
2026-06-01 12:20:53 | INFO | samsung_auto_trader | Token reuse: cached same-day token is valid.
2026-06-01 12:20:54 | INFO | samsung_auto_trader | Token reuse: cached same-day token is valid.
2026-06-01 12:20:56 | INFO | samsung_auto_trader | Token reuse: cached same-day token is valid.
2026-06-01 12:20:58 | INFO | samsung_auto_trader | Holdings after buy | cash_available=2603761 | total_eval_amount=9551447 | samsung_holding={'symbol': '005930', 'qty': 8, 'sellable_qty': 3, 'avg_price': 0}
2026-06-01 12:20:58 | INFO | samsung_auto_trader | 
====================================================================
[STATUS] 2026-06-01 12:20:58 KST
holding | symbol=005930 qty=8 sellable_qty=3 avg_price=0
inventory_limits | initial=12 min=3 max=25 effective_position=15
open_orders | buy_open=12 sell_open=5 total_open=17
 - side=buy order_no=0000024109 time=122033 qty=1 filled=0 unfilled=1 price=346500 branch=
 - side=sell order_no=0000024032 time=121859 qty=1 filled=0 unfilled=1 price=349000 branch=
 - side=buy order_no=0000023865 time=121704 qty=1 filled=0 unfilled=1 price=346500 branch=
 - side=sell order_no=0000023826 time=121557 qty=1 filled=0 unfilled=1 price=349000 branch=
 - side=buy order_no=0000023797 time=121526 qty=1 filled=0 unfilled=1 price=346500 branch=
 - side=sell order_no=0000023643 time=121250 qty=1 filled=0 unfilled=1 price=349000 branch=
 - side=buy order_no=0000023629 time=121226 qty=1 filled=0 unfilled=1 price=346500 branch=
 - side=buy order_no=0000023481 time=120927 qty=1 filled=0 unfilled=1 price=346000 branch=
 - side=sell order_no=0000023436 time=120841 qty=1 filled=0 unfilled=1 price=349000 branch=
 - side=sell order_no=0000023314 time=120553 qty=1 filled=0 unfilled=1 price=349000 branch=
 - side=buy order_no=0000023265 time=120521 qty=1 filled=0 unfilled=1 price=346500 branch=
 - side=buy order_no=0000023150 time=120324 qty=1 filled=0 unfilled=1 price=345500 branch=
 - side=buy order_no=0000023033 time=120151 qty=1 filled=0 unfilled=1 price=345500 branch=
 - side=buy order_no=0000022846 time=115950 qty=1 filled=0 unfilled=1 price=345500 branch=
 - side=buy order_no=0000022722 time=115827 qty=1 filled=0 unfilled=1 price=345500 branch=
 - side=buy order_no=0000022549 time=115623 qty=1 filled=0 unfilled=1 price=345000 branch=
 - side=buy order_no=0000022440 time=115448 qty=1 filled=0 unfilled=1 price=343500 branch=
====================================================================
2026-06-01 12:20:58 | INFO | samsung_auto_trader | Execution check for buy: before_qty=8, after_qty=8, executed=False
2026-06-01 12:20:58 | INFO | samsung_auto_trader | Token reuse: cached same-day token is valid.
2026-06-01 12:21:00 | INFO | samsung_auto_trader | Token reuse: cached same-day token is valid.
2026-06-01 12:21:02 | INFO | samsung_auto_trader | Token reuse: cached same-day token is valid.
2026-06-01 12:21:04 | INFO | samsung_auto_trader | Token reuse: cached same-day token is valid.
2026-06-01 12:21:07 | INFO | samsung_auto_trader | Skipping sell this cycle | holding_qty=8 sell_open=5 min_position=3
2026-06-01 12:21:07 | INFO | samsung_auto_trader | Trade cycle finished.
2026-06-01 12:21:27 | INFO | samsung_auto_trader | Starting trade cycle.
2026-06-01 12:21:27 | INFO | samsung_auto_trader | Token reuse: cached same-day token is valid.
2026-06-01 12:21:30 | INFO | samsung_auto_trader | Current price: 347750 KRW | inferred_tick_size=500
2026-06-01 12:21:30 | INFO | samsung_auto_trader | Token reuse: cached same-day token is valid.
2026-06-01 12:21:37 | INFO | samsung_auto_trader | Token reuse: cached same-day token is valid.
2026-06-01 12:21:45 | INFO | samsung_auto_trader | Token reuse: cached same-day token is valid.
2026-06-01 12:21:52 | INFO | samsung_auto_trader | Token reuse: cached same-day token is valid.
2026-06-01 12:21:58 | INFO | samsung_auto_trader | Token reuse: cached same-day token is valid.
2026-06-01 12:22:06 | INFO | samsung_auto_trader | Token reuse: cached same-day token is valid.
2026-06-01 12:22:15 | INFO | samsung_auto_trader | Holdings before order | cash_available=2603761 | total_eval_amount=9551447 | samsung_holding={'symbol': '005930', 'qty': 8, 'sellable_qty': 3, 'avg_price': 0}
2026-06-01 12:22:15 | INFO | samsung_auto_trader | 
====================================================================
[STATUS] 2026-06-01 12:22:15 KST
holding | symbol=005930 qty=8 sellable_qty=3 avg_price=0
inventory_limits | initial=12 min=3 max=25 effective_position=15
open_orders | buy_open=12 sell_open=5 total_open=17
 - side=buy order_no=0000024109 time=122033 qty=1 filled=0 unfilled=1 price=346500 branch=
 - side=sell order_no=0000024032 time=121859 qty=1 filled=0 unfilled=1 price=349000 branch=
 - side=buy order_no=0000023865 time=121704 qty=1 filled=0 unfilled=1 price=346500 branch=
 - side=sell order_no=0000023826 time=121557 qty=1 filled=0 unfilled=1 price=349000 branch=
 - side=buy order_no=0000023797 time=121526 qty=1 filled=0 unfilled=1 price=346500 branch=
 - side=sell order_no=0000023643 time=121250 qty=1 filled=0 unfilled=1 price=349000 branch=
 - side=buy order_no=0000023629 time=121226 qty=1 filled=0 unfilled=1 price=346500 branch=
 - side=buy order_no=0000023481 time=120927 qty=1 filled=0 unfilled=1 price=346000 branch=
 - side=sell order_no=0000023436 time=120841 qty=1 filled=0 unfilled=1 price=349000 branch=
 - side=sell order_no=0000023314 time=120553 qty=1 filled=0 unfilled=1 price=349000 branch=
 - side=buy order_no=0000023265 time=120521 qty=1 filled=0 unfilled=1 price=346500 branch=
 - side=buy order_no=0000023150 time=120324 qty=1 filled=0 unfilled=1 price=345500 branch=
 - side=buy order_no=0000023033 time=120151 qty=1 filled=0 unfilled=1 price=345500 branch=
 - side=buy order_no=0000022846 time=115950 qty=1 filled=0 unfilled=1 price=345500 branch=
 - side=buy order_no=0000022722 time=115827 qty=1 filled=0 unfilled=1 price=345500 branch=
 - side=buy order_no=0000022549 time=115623 qty=1 filled=0 unfilled=1 price=345000 branch=
 - side=buy order_no=0000022440 time=115448 qty=1 filled=0 unfilled=1 price=343500 branch=
====================================================================
2026-06-01 12:22:15 | INFO | samsung_auto_trader | Price normalized by tick size | current=347750 tick=500 raw_buy=346750 buy=346500 raw_sell=348750 sell=349000
2026-06-01 12:22:15 | INFO | samsung_auto_trader | Skipping sell this cycle | holding_qty=8 sell_open=5 min_position=3
2026-06-01 12:22:15 | INFO | samsung_auto_trader | Buy order request: qty=1, price=346500
2026-06-01 12:22:15 | INFO | samsung_auto_trader | Token reuse: cached same-day token is valid.
2026-06-01 12:22:24 | INFO | samsung_auto_trader | Buy order accepted | order_no=00950 | order_time=122224 | qty=1 | price=346500
2026-06-01 12:22:24 | INFO | samsung_auto_trader | Waiting 5 seconds before post-buy balance check.
2026-06-01 12:22:29 | INFO | samsung_auto_trader | Token reuse: cached same-day token is valid.
2026-06-01 12:22:32 | INFO | samsung_auto_trader | Token reuse: cached same-day token is valid.
2026-06-01 12:22:36 | INFO | samsung_auto_trader | Token reuse: cached same-day token is valid.
2026-06-01 12:22:37 | INFO | samsung_auto_trader | Token reuse: cached same-day token is valid.
2026-06-01 12:22:38 | INFO | samsung_auto_trader | Token reuse: cached same-day token is valid.
2026-06-01 12:22:39 | INFO | samsung_auto_trader | Token reuse: cached same-day token is valid.
2026-06-01 12:22:39 | INFO | samsung_auto_trader | Holdings after buy | cash_available=2258994 | total_eval_amount=9551447 | samsung_holding={'symbol': '005930', 'qty': 8, 'sellable_qty': 3, 'avg_price': 0}
2026-06-01 12:22:39 | INFO | samsung_auto_trader | 
====================================================================
[STATUS] 2026-06-01 12:22:39 KST
holding | symbol=005930 qty=8 sellable_qty=3 avg_price=0
inventory_limits | initial=12 min=3 max=25 effective_position=16
open_orders | buy_open=13 sell_open=5 total_open=18
 - side=buy order_no=0000024193 time=122224 qty=1 filled=0 unfilled=1 price=346500 branch=
 - side=buy order_no=0000024109 time=122033 qty=1 filled=0 unfilled=1 price=346500 branch=
 - side=sell order_no=0000024032 time=121859 qty=1 filled=0 unfilled=1 price=349000 branch=
 - side=buy order_no=0000023865 time=121704 qty=1 filled=0 unfilled=1 price=346500 branch=
 - side=sell order_no=0000023826 time=121557 qty=1 filled=0 unfilled=1 price=349000 branch=
 - side=buy order_no=0000023797 time=121526 qty=1 filled=0 unfilled=1 price=346500 branch=
 - side=sell order_no=0000023643 time=121250 qty=1 filled=0 unfilled=1 price=349000 branch=
 - side=buy order_no=0000023629 time=121226 qty=1 filled=0 unfilled=1 price=346500 branch=
 - side=buy order_no=0000023481 time=120927 qty=1 filled=0 unfilled=1 price=346000 branch=
 - side=sell order_no=0000023436 time=120841 qty=1 filled=0 unfilled=1 price=349000 branch=
 - side=sell order_no=0000023314 time=120553 qty=1 filled=0 unfilled=1 price=349000 branch=
 - side=buy order_no=0000023265 time=120521 qty=1 filled=0 unfilled=1 price=346500 branch=
 - side=buy order_no=0000023150 time=120324 qty=1 filled=0 unfilled=1 price=345500 branch=
 - side=buy order_no=0000023033 time=120151 qty=1 filled=0 unfilled=1 price=345500 branch=
 - side=buy order_no=0000022846 time=115950 qty=1 filled=0 unfilled=1 price=345500 branch=
 - side=buy order_no=0000022722 time=115827 qty=1 filled=0 unfilled=1 price=345500 branch=
 - side=buy order_no=0000022549 time=115623 qty=1 filled=0 unfilled=1 price=345000 branch=
 - side=buy order_no=0000022440 time=115448 qty=1 filled=0 unfilled=1 price=343500 branch=
====================================================================
2026-06-01 12:22:39 | INFO | samsung_auto_trader | Execution check for buy: before_qty=8, after_qty=8, executed=False
2026-06-01 12:22:40 | INFO | samsung_auto_trader | Token reuse: cached same-day token is valid.
2026-06-01 12:22:41 | INFO | samsung_auto_trader | Token reuse: cached same-day token is valid.
2026-06-01 12:22:42 | INFO | samsung_auto_trader | Token reuse: cached same-day token is valid.
2026-06-01 12:22:43 | INFO | samsung_auto_trader | Token reuse: cached same-day token is valid.
2026-06-01 12:22:44 | INFO | samsung_auto_trader | Skipping sell this cycle | holding_qty=8 sell_open=5 min_position=3
2026-06-01 12:22:44 | INFO | samsung_auto_trader | Trade cycle finished.
2026-06-01 12:23:04 | INFO | samsung_auto_trader | Starting trade cycle.
2026-06-01 12:23:04 | INFO | samsung_auto_trader | Token reuse: cached same-day token is valid.
2026-06-01 12:23:06 | INFO | samsung_auto_trader | Current price: 347750 KRW | inferred_tick_size=500
2026-06-01 12:23:06 | INFO | samsung_auto_trader | Token reuse: cached same-day token is valid.
2026-06-01 12:23:13 | INFO | samsung_auto_trader | Token reuse: cached same-day token is valid.
2026-06-01 12:23:21 | INFO | samsung_auto_trader | Token reuse: cached same-day token is valid.
2026-06-01 12:23:23 | INFO | samsung_auto_trader | Token reuse: cached same-day token is valid.
2026-06-01 12:23:25 | INFO | samsung_auto_trader | Token reuse: cached same-day token is valid.
2026-06-01 12:23:27 | INFO | samsung_auto_trader | Token reuse: cached same-day token is valid.
2026-06-01 12:23:29 | INFO | samsung_auto_trader | Holdings before order | cash_available=2258994 | total_eval_amount=9553447 | samsung_holding={'symbol': '005930', 'qty': 8, 'sellable_qty': 3, 'avg_price': 0}
2026-06-01 12:23:29 | INFO | samsung_auto_trader | 
====================================================================
[STATUS] 2026-06-01 12:23:29 KST
holding | symbol=005930 qty=8 sellable_qty=3 avg_price=0
inventory_limits | initial=12 min=3 max=25 effective_position=16
open_orders | buy_open=13 sell_open=5 total_open=18
 - side=buy order_no=0000024193 time=122224 qty=1 filled=0 unfilled=1 price=346500 branch=
 - side=buy order_no=0000024109 time=122033 qty=1 filled=0 unfilled=1 price=346500 branch=
 - side=sell order_no=0000024032 time=121859 qty=1 filled=0 unfilled=1 price=349000 branch=
 - side=buy order_no=0000023865 time=121704 qty=1 filled=0 unfilled=1 price=346500 branch=
 - side=sell order_no=0000023826 time=121557 qty=1 filled=0 unfilled=1 price=349000 branch=
 - side=buy order_no=0000023797 time=121526 qty=1 filled=0 unfilled=1 price=346500 branch=
 - side=sell order_no=0000023643 time=121250 qty=1 filled=0 unfilled=1 price=349000 branch=
 - side=buy order_no=0000023629 time=121226 qty=1 filled=0 unfilled=1 price=346500 branch=
 - side=buy order_no=0000023481 time=120927 qty=1 filled=0 unfilled=1 price=346000 branch=
 - side=sell order_no=0000023436 time=120841 qty=1 filled=0 unfilled=1 price=349000 branch=
 - side=sell order_no=0000023314 time=120553 qty=1 filled=0 unfilled=1 price=349000 branch=
 - side=buy order_no=0000023265 time=120521 qty=1 filled=0 unfilled=1 price=346500 branch=
 - side=buy order_no=0000023150 time=120324 qty=1 filled=0 unfilled=1 price=345500 branch=
 - side=buy order_no=0000023033 time=120151 qty=1 filled=0 unfilled=1 price=345500 branch=
 - side=buy order_no=0000022846 time=115950 qty=1 filled=0 unfilled=1 price=345500 branch=
 - side=buy order_no=0000022722 time=115827 qty=1 filled=0 unfilled=1 price=345500 branch=
 - side=buy order_no=0000022549 time=115623 qty=1 filled=0 unfilled=1 price=345000 branch=
 - side=buy order_no=0000022440 time=115448 qty=1 filled=0 unfilled=1 price=343500 branch=
====================================================================
2026-06-01 12:23:29 | INFO | samsung_auto_trader | Price normalized by tick size | current=347750 tick=500 raw_buy=346750 buy=346500 raw_sell=348750 sell=349000
2026-06-01 12:23:29 | INFO | samsung_auto_trader | Skipping sell this cycle | holding_qty=8 sell_open=5 min_position=3
2026-06-01 12:23:29 | INFO | samsung_auto_trader | Buy order request: qty=1, price=346500
2026-06-01 12:23:29 | INFO | samsung_auto_trader | Token reuse: cached same-day token is valid.
2026-06-01 12:23:32 | INFO | samsung_auto_trader | Buy order accepted | order_no=00950 | order_time=122333 | qty=1 | price=346500
2026-06-01 12:23:32 | INFO | samsung_auto_trader | Waiting 5 seconds before post-buy balance check.
2026-06-01 12:23:37 | INFO | samsung_auto_trader | Token reuse: cached same-day token is valid.
2026-06-01 12:23:37 | WARNING | samsung_auto_trader | API request failed (GET /uapi/domestic-stock/v1/trading/inquire-balance, attempt 1/3): ('Connection aborted.', RemoteDisconnected('Remote end closed connection without response'))
2026-06-01 12:23:44 | INFO | samsung_auto_trader | Token reuse: cached same-day token is valid.
2026-06-01 12:23:48 | INFO | samsung_auto_trader | Token reuse: cached same-day token is valid.
2026-06-01 12:23:49 | INFO | samsung_auto_trader | Token reuse: cached same-day token is valid.
2026-06-01 12:23:50 | INFO | samsung_auto_trader | Token reuse: cached same-day token is valid.
2026-06-01 12:23:51 | INFO | samsung_auto_trader | Token reuse: cached same-day token is valid.
2026-06-01 12:23:52 | INFO | samsung_auto_trader | Holdings after buy | cash_available=1914226 | total_eval_amount=9555447 | samsung_holding={'symbol': '005930', 'qty': 8, 'sellable_qty': 3, 'avg_price': 0}
2026-06-01 12:23:52 | INFO | samsung_auto_trader | 
====================================================================
[STATUS] 2026-06-01 12:23:52 KST
holding | symbol=005930 qty=8 sellable_qty=3 avg_price=0
inventory_limits | initial=12 min=3 max=25 effective_position=17
open_orders | buy_open=14 sell_open=5 total_open=19
 - side=buy order_no=0000024249 time=122333 qty=1 filled=0 unfilled=1 price=346500 branch=
 - side=buy order_no=0000024193 time=122224 qty=1 filled=0 unfilled=1 price=346500 branch=
 - side=buy order_no=0000024109 time=122033 qty=1 filled=0 unfilled=1 price=346500 branch=
 - side=sell order_no=0000024032 time=121859 qty=1 filled=0 unfilled=1 price=349000 branch=
 - side=buy order_no=0000023865 time=121704 qty=1 filled=0 unfilled=1 price=346500 branch=
 - side=sell order_no=0000023826 time=121557 qty=1 filled=0 unfilled=1 price=349000 branch=
 - side=buy order_no=0000023797 time=121526 qty=1 filled=0 unfilled=1 price=346500 branch=
 - side=sell order_no=0000023643 time=121250 qty=1 filled=0 unfilled=1 price=349000 branch=
 - side=buy order_no=0000023629 time=121226 qty=1 filled=0 unfilled=1 price=346500 branch=
 - side=buy order_no=0000023481 time=120927 qty=1 filled=0 unfilled=1 price=346000 branch=
 - side=sell order_no=0000023436 time=120841 qty=1 filled=0 unfilled=1 price=349000 branch=
 - side=sell order_no=0000023314 time=120553 qty=1 filled=0 unfilled=1 price=349000 branch=
 - side=buy order_no=0000023265 time=120521 qty=1 filled=0 unfilled=1 price=346500 branch=
 - side=buy order_no=0000023150 time=120324 qty=1 filled=0 unfilled=1 price=345500 branch=
 - side=buy order_no=0000023033 time=120151 qty=1 filled=0 unfilled=1 price=345500 branch=
 - side=buy order_no=0000022846 time=115950 qty=1 filled=0 unfilled=1 price=345500 branch=
 - side=buy order_no=0000022722 time=115827 qty=1 filled=0 unfilled=1 price=345500 branch=
 - side=buy order_no=0000022549 time=115623 qty=1 filled=0 unfilled=1 price=345000 branch=
 - side=buy order_no=0000022440 time=115448 qty=1 filled=0 unfilled=1 price=343500 branch=
====================================================================
2026-06-01 12:23:52 | INFO | samsung_auto_trader | Execution check for buy: before_qty=8, after_qty=8, executed=False
2026-06-01 12:23:52 | INFO | samsung_auto_trader | Token reuse: cached same-day token is valid.
2026-06-01 12:23:53 | INFO | samsung_auto_trader | Token reuse: cached same-day token is valid.
2026-06-01 12:23:53 | WARNING | samsung_auto_trader | API request failed (GET /uapi/domestic-stock/v1/trading/inquire-daily-ccld, attempt 1/3): Retryable HTTP 500: {"rt_cd":"1","msg1":"초당 거래건수를 초과하였습니다.","msg_cd":"EGW00201","message":"EGW00201"}
2026-06-01 12:24:00 | INFO | samsung_auto_trader | Token reuse: cached same-day token is valid.
2026-06-01 12:24:07 | INFO | samsung_auto_trader | Token reuse: cached same-day token is valid.
2026-06-01 12:24:16 | INFO | samsung_auto_trader | Skipping sell this cycle | holding_qty=8 sell_open=5 min_position=3
2026-06-01 12:24:16 | INFO | samsung_auto_trader | Trade cycle finished.
2026-06-01 12:24:36 | INFO | samsung_auto_trader | Starting trade cycle.
2026-06-01 12:24:36 | INFO | samsung_auto_trader | Token reuse: cached same-day token is valid.
2026-06-01 12:24:39 | INFO | samsung_auto_trader | Current price: 348000 KRW | inferred_tick_size=500
2026-06-01 12:24:39 | INFO | samsung_auto_trader | Token reuse: cached same-day token is valid.
2026-06-01 12:24:46 | INFO | samsung_auto_trader | Token reuse: cached same-day token is valid.
2026-06-01 12:24:53 | INFO | samsung_auto_trader | Token reuse: cached same-day token is valid.
2026-06-01 12:24:59 | INFO | samsung_auto_trader | Token reuse: cached same-day token is valid.
2026-06-01 12:25:05 | INFO | samsung_auto_trader | Token reuse: cached same-day token is valid.
2026-06-01 12:25:14 | INFO | samsung_auto_trader | Token reuse: cached same-day token is valid.
2026-06-01 12:25:22 | INFO | samsung_auto_trader | Holdings before order | cash_available=1914226 | total_eval_amount=9555447 | samsung_holding={'symbol': '005930', 'qty': 8, 'sellable_qty': 3, 'avg_price': 0}
2026-06-01 12:25:22 | INFO | samsung_auto_trader | 
====================================================================
[STATUS] 2026-06-01 12:25:22 KST
holding | symbol=005930 qty=8 sellable_qty=3 avg_price=0
inventory_limits | initial=12 min=3 max=25 effective_position=17
open_orders | buy_open=14 sell_open=5 total_open=19
 - side=buy order_no=0000024249 time=122333 qty=1 filled=0 unfilled=1 price=346500 branch=
 - side=buy order_no=0000024193 time=122224 qty=1 filled=0 unfilled=1 price=346500 branch=
 - side=buy order_no=0000024109 time=122033 qty=1 filled=0 unfilled=1 price=346500 branch=
 - side=sell order_no=0000024032 time=121859 qty=1 filled=0 unfilled=1 price=349000 branch=
 - side=buy order_no=0000023865 time=121704 qty=1 filled=0 unfilled=1 price=346500 branch=
 - side=sell order_no=0000023826 time=121557 qty=1 filled=0 unfilled=1 price=349000 branch=
 - side=buy order_no=0000023797 time=121526 qty=1 filled=0 unfilled=1 price=346500 branch=
 - side=sell order_no=0000023643 time=121250 qty=1 filled=0 unfilled=1 price=349000 branch=
 - side=buy order_no=0000023629 time=121226 qty=1 filled=0 unfilled=1 price=346500 branch=
 - side=buy order_no=0000023481 time=120927 qty=1 filled=0 unfilled=1 price=346000 branch=
 - side=sell order_no=0000023436 time=120841 qty=1 filled=0 unfilled=1 price=349000 branch=
 - side=sell order_no=0000023314 time=120553 qty=1 filled=0 unfilled=1 price=349000 branch=
 - side=buy order_no=0000023265 time=120521 qty=1 filled=0 unfilled=1 price=346500 branch=
 - side=buy order_no=0000023150 time=120324 qty=1 filled=0 unfilled=1 price=345500 branch=
 - side=buy order_no=0000023033 time=120151 qty=1 filled=0 unfilled=1 price=345500 branch=
 - side=buy order_no=0000022846 time=115950 qty=1 filled=0 unfilled=1 price=345500 branch=
 - side=buy order_no=0000022722 time=115827 qty=1 filled=0 unfilled=1 price=345500 branch=
 - side=buy order_no=0000022549 time=115623 qty=1 filled=0 unfilled=1 price=345000 branch=
 - side=buy order_no=0000022440 time=115448 qty=1 filled=0 unfilled=1 price=343500 branch=
====================================================================
2026-06-01 12:25:22 | INFO | samsung_auto_trader | Price normalized by tick size | current=348000 tick=500 raw_buy=347000 buy=347000 raw_sell=349000 sell=349000
2026-06-01 12:25:22 | INFO | samsung_auto_trader | Skipping sell this cycle | holding_qty=8 sell_open=5 min_position=3
2026-06-01 12:25:22 | INFO | samsung_auto_trader | Buy order request: qty=1, price=347000
2026-06-01 12:25:22 | INFO | samsung_auto_trader | Token reuse: cached same-day token is valid.
2026-06-01 12:25:28 | INFO | samsung_auto_trader | Buy order accepted | order_no=00950 | order_time=122528 | qty=1 | price=347000
2026-06-01 12:25:28 | INFO | samsung_auto_trader | Waiting 5 seconds before post-buy balance check.
2026-06-01 12:25:33 | INFO | samsung_auto_trader | Token reuse: cached same-day token is valid.
2026-06-01 12:25:37 | INFO | samsung_auto_trader | Token reuse: cached same-day token is valid.
2026-06-01 12:25:42 | INFO | samsung_auto_trader | Token reuse: cached same-day token is valid.
2026-06-01 12:25:43 | INFO | samsung_auto_trader | Token reuse: cached same-day token is valid.
2026-06-01 12:25:44 | INFO | samsung_auto_trader | Token reuse: cached same-day token is valid.
2026-06-01 12:25:45 | INFO | samsung_auto_trader | Token reuse: cached same-day token is valid.
2026-06-01 12:25:46 | INFO | samsung_auto_trader | Holdings after buy | cash_available=1568961 | total_eval_amount=9553447 | samsung_holding={'symbol': '005930', 'qty': 8, 'sellable_qty': 3, 'avg_price': 0}
2026-06-01 12:25:46 | INFO | samsung_auto_trader | 
====================================================================
[STATUS] 2026-06-01 12:25:46 KST
holding | symbol=005930 qty=8 sellable_qty=3 avg_price=0
inventory_limits | initial=12 min=3 max=25 effective_position=18
open_orders | buy_open=15 sell_open=5 total_open=20
 - side=buy order_no=0000024344 time=122528 qty=1 filled=0 unfilled=1 price=347000 branch=
 - side=buy order_no=0000024249 time=122333 qty=1 filled=0 unfilled=1 price=346500 branch=
 - side=buy order_no=0000024193 time=122224 qty=1 filled=0 unfilled=1 price=346500 branch=
 - side=buy order_no=0000024109 time=122033 qty=1 filled=0 unfilled=1 price=346500 branch=
 - side=sell order_no=0000024032 time=121859 qty=1 filled=0 unfilled=1 price=349000 branch=
 - side=buy order_no=0000023865 time=121704 qty=1 filled=0 unfilled=1 price=346500 branch=
 - side=sell order_no=0000023826 time=121557 qty=1 filled=0 unfilled=1 price=349000 branch=
 - side=buy order_no=0000023797 time=121526 qty=1 filled=0 unfilled=1 price=346500 branch=
 - side=sell order_no=0000023643 time=121250 qty=1 filled=0 unfilled=1 price=349000 branch=
 - side=buy order_no=0000023629 time=121226 qty=1 filled=0 unfilled=1 price=346500 branch=
 - side=buy order_no=0000023481 time=120927 qty=1 filled=0 unfilled=1 price=346000 branch=
 - side=sell order_no=0000023436 time=120841 qty=1 filled=0 unfilled=1 price=349000 branch=
 - side=sell order_no=0000023314 time=120553 qty=1 filled=0 unfilled=1 price=349000 branch=
 - side=buy order_no=0000023265 time=120521 qty=1 filled=0 unfilled=1 price=346500 branch=
 - side=buy order_no=0000023150 time=120324 qty=1 filled=0 unfilled=1 price=345500 branch=
 - side=buy order_no=0000023033 time=120151 qty=1 filled=0 unfilled=1 price=345500 branch=
 - side=buy order_no=0000022846 time=115950 qty=1 filled=0 unfilled=1 price=345500 branch=
 - side=buy order_no=0000022722 time=115827 qty=1 filled=0 unfilled=1 price=345500 branch=
 - side=buy order_no=0000022549 time=115623 qty=1 filled=0 unfilled=1 price=345000 branch=
 - side=buy order_no=0000022440 time=115448 qty=1 filled=0 unfilled=1 price=343500 branch=
====================================================================
2026-06-01 12:25:46 | INFO | samsung_auto_trader | Execution check for buy: before_qty=8, after_qty=8, executed=False
2026-06-01 12:25:46 | INFO | samsung_auto_trader | Token reuse: cached same-day token is valid.
2026-06-01 12:25:47 | INFO | samsung_auto_trader | Token reuse: cached same-day token is valid.
2026-06-01 12:25:48 | INFO | samsung_auto_trader | Token reuse: cached same-day token is valid.
2026-06-01 12:25:49 | INFO | samsung_auto_trader | Token reuse: cached same-day token is valid.
2026-06-01 12:25:49 | WARNING | samsung_auto_trader | API request failed (GET /uapi/domestic-stock/v1/trading/inquire-daily-ccld, attempt 1/3): Retryable HTTP 500: {"rt_cd":"1","msg1":"초당 거래건수를 초과하였습니다.","msg_cd":"EGW00201","message":"EGW00201"}
2026-06-01 12:25:55 | INFO | samsung_auto_trader | Skipping sell this cycle | holding_qty=8 sell_open=5 min_position=3
2026-06-01 12:25:55 | INFO | samsung_auto_trader | Trade cycle finished.
2026-06-01 12:26:15 | INFO | samsung_auto_trader | Starting trade cycle.
2026-06-01 12:26:15 | INFO | samsung_auto_trader | Token reuse: cached same-day token is valid.
2026-06-01 12:26:19 | INFO | samsung_auto_trader | Current price: 348250 KRW | inferred_tick_size=500
2026-06-01 12:26:19 | INFO | samsung_auto_trader | Token reuse: cached same-day token is valid.
2026-06-01 12:26:26 | INFO | samsung_auto_trader | Token reuse: cached same-day token is valid.
2026-06-01 12:26:32 | INFO | samsung_auto_trader | Token reuse: cached same-day token is valid.
2026-06-01 12:26:38 | INFO | samsung_auto_trader | Token reuse: cached same-day token is valid.
2026-06-01 12:26:42 | INFO | samsung_auto_trader | Token reuse: cached same-day token is valid.
2026-06-01 12:26:46 | INFO | samsung_auto_trader | Token reuse: cached same-day token is valid.
2026-06-01 12:26:51 | INFO | samsung_auto_trader | Holdings before order | cash_available=1568961 | total_eval_amount=9553447 | samsung_holding={'symbol': '005930', 'qty': 8, 'sellable_qty': 3, 'avg_price': 0}
2026-06-01 12:26:51 | INFO | samsung_auto_trader | 
====================================================================
[STATUS] 2026-06-01 12:26:51 KST
holding | symbol=005930 qty=8 sellable_qty=3 avg_price=0
inventory_limits | initial=12 min=3 max=25 effective_position=18
open_orders | buy_open=15 sell_open=5 total_open=20
 - side=buy order_no=0000024344 time=122528 qty=1 filled=0 unfilled=1 price=347000 branch=
 - side=buy order_no=0000024249 time=122333 qty=1 filled=0 unfilled=1 price=346500 branch=
 - side=buy order_no=0000024193 time=122224 qty=1 filled=0 unfilled=1 price=346500 branch=
 - side=buy order_no=0000024109 time=122033 qty=1 filled=0 unfilled=1 price=346500 branch=
 - side=sell order_no=0000024032 time=121859 qty=1 filled=0 unfilled=1 price=349000 branch=
 - side=buy order_no=0000023865 time=121704 qty=1 filled=0 unfilled=1 price=346500 branch=
 - side=sell order_no=0000023826 time=121557 qty=1 filled=0 unfilled=1 price=349000 branch=
 - side=buy order_no=0000023797 time=121526 qty=1 filled=0 unfilled=1 price=346500 branch=
 - side=sell order_no=0000023643 time=121250 qty=1 filled=0 unfilled=1 price=349000 branch=
 - side=buy order_no=0000023629 time=121226 qty=1 filled=0 unfilled=1 price=346500 branch=
 - side=buy order_no=0000023481 time=120927 qty=1 filled=0 unfilled=1 price=346000 branch=
 - side=sell order_no=0000023436 time=120841 qty=1 filled=0 unfilled=1 price=349000 branch=
 - side=sell order_no=0000023314 time=120553 qty=1 filled=0 unfilled=1 price=349000 branch=
 - side=buy order_no=0000023265 time=120521 qty=1 filled=0 unfilled=1 price=346500 branch=
 - side=buy order_no=0000023150 time=120324 qty=1 filled=0 unfilled=1 price=345500 branch=
 - side=buy order_no=0000023033 time=120151 qty=1 filled=0 unfilled=1 price=345500 branch=
 - side=buy order_no=0000022846 time=115950 qty=1 filled=0 unfilled=1 price=345500 branch=
 - side=buy order_no=0000022722 time=115827 qty=1 filled=0 unfilled=1 price=345500 branch=
 - side=buy order_no=0000022549 time=115623 qty=1 filled=0 unfilled=1 price=345000 branch=
 - side=buy order_no=0000022440 time=115448 qty=1 filled=0 unfilled=1 price=343500 branch=
====================================================================
2026-06-01 12:26:51 | INFO | samsung_auto_trader | Price normalized by tick size | current=348250 tick=500 raw_buy=347250 buy=347000 raw_sell=349250 sell=349500
2026-06-01 12:26:51 | INFO | samsung_auto_trader | Skipping sell this cycle | holding_qty=8 sell_open=5 min_position=3
2026-06-01 12:26:51 | INFO | samsung_auto_trader | Buy order request: qty=1, price=347000
2026-06-01 12:26:51 | INFO | samsung_auto_trader | Token reuse: cached same-day token is valid.
2026-06-01 12:26:51 | INFO | samsung_auto_trader | Buy order accepted | order_no=00950 | order_time=122651 | qty=1 | price=347000
2026-06-01 12:26:51 | INFO | samsung_auto_trader | Waiting 5 seconds before post-buy balance check.
2026-06-01 12:26:56 | INFO | samsung_auto_trader | Token reuse: cached same-day token is valid.
2026-06-01 12:26:58 | INFO | samsung_auto_trader | Token reuse: cached same-day token is valid.
2026-06-01 12:27:01 | INFO | samsung_auto_trader | Token reuse: cached same-day token is valid.
2026-06-01 12:27:06 | INFO | samsung_auto_trader | Token reuse: cached same-day token is valid.
2026-06-01 12:27:11 | INFO | samsung_auto_trader | Token reuse: cached same-day token is valid.
2026-06-01 12:27:15 | INFO | samsung_auto_trader | Token reuse: cached same-day token is valid.
2026-06-01 12:27:20 | INFO | samsung_auto_trader | Holdings after buy | cash_available=1223696 | total_eval_amount=9557447 | samsung_holding={'symbol': '005930', 'qty': 8, 'sellable_qty': 3, 'avg_price': 0}
2026-06-01 12:27:20 | INFO | samsung_auto_trader | 
====================================================================
[STATUS] 2026-06-01 12:27:20 KST
holding | symbol=005930 qty=8 sellable_qty=3 avg_price=0
inventory_limits | initial=12 min=3 max=25 effective_position=19
open_orders | buy_open=16 sell_open=5 total_open=21
 - side=buy order_no=0000024418 time=122651 qty=1 filled=0 unfilled=1 price=347000 branch=
 - side=buy order_no=0000024344 time=122528 qty=1 filled=0 unfilled=1 price=347000 branch=
 - side=buy order_no=0000024249 time=122333 qty=1 filled=0 unfilled=1 price=346500 branch=
 - side=buy order_no=0000024193 time=122224 qty=1 filled=0 unfilled=1 price=346500 branch=
 - side=buy order_no=0000024109 time=122033 qty=1 filled=0 unfilled=1 price=346500 branch=
 - side=sell order_no=0000024032 time=121859 qty=1 filled=0 unfilled=1 price=349000 branch=
 - side=buy order_no=0000023865 time=121704 qty=1 filled=0 unfilled=1 price=346500 branch=
 - side=sell order_no=0000023826 time=121557 qty=1 filled=0 unfilled=1 price=349000 branch=
 - side=buy order_no=0000023797 time=121526 qty=1 filled=0 unfilled=1 price=346500 branch=
 - side=sell order_no=0000023643 time=121250 qty=1 filled=0 unfilled=1 price=349000 branch=
 - side=buy order_no=0000023629 time=121226 qty=1 filled=0 unfilled=1 price=346500 branch=
 - side=buy order_no=0000023481 time=120927 qty=1 filled=0 unfilled=1 price=346000 branch=
 - side=sell order_no=0000023436 time=120841 qty=1 filled=0 unfilled=1 price=349000 branch=
 - side=sell order_no=0000023314 time=120553 qty=1 filled=0 unfilled=1 price=349000 branch=
 - side=buy order_no=0000023265 time=120521 qty=1 filled=0 unfilled=1 price=346500 branch=
 - side=buy order_no=0000023150 time=120324 qty=1 filled=0 unfilled=1 price=345500 branch=
 - side=buy order_no=0000023033 time=120151 qty=1 filled=0 unfilled=1 price=345500 branch=
 - side=buy order_no=0000022846 time=115950 qty=1 filled=0 unfilled=1 price=345500 branch=
 - side=buy order_no=0000022722 time=115827 qty=1 filled=0 unfilled=1 price=345500 branch=
 - side=buy order_no=0000022549 time=115623 qty=1 filled=0 unfilled=1 price=345000 branch=
 - side=buy order_no=0000022440 time=115448 qty=1 filled=0 unfilled=1 price=343500 branch=
====================================================================
2026-06-01 12:27:20 | INFO | samsung_auto_trader | Execution check for buy: before_qty=8, after_qty=8, executed=False
2026-06-01 12:27:20 | INFO | samsung_auto_trader | Token reuse: cached same-day token is valid.
2026-06-01 12:27:24 | INFO | samsung_auto_trader | Token reuse: cached same-day token is valid.
2026-06-01 12:27:27 | INFO | samsung_auto_trader | Token reuse: cached same-day token is valid.
2026-06-01 12:27:30 | INFO | samsung_auto_trader | Token reuse: cached same-day token is valid.
2026-06-01 12:27:34 | INFO | samsung_auto_trader | Skipping sell this cycle | holding_qty=8 sell_open=5 min_position=3
2026-06-01 12:27:34 | INFO | samsung_auto_trader | Trade cycle finished.
2026-06-01 12:27:54 | INFO | samsung_auto_trader | Starting trade cycle.
2026-06-01 12:27:54 | INFO | samsung_auto_trader | Token reuse: cached same-day token is valid.
2026-06-01 12:27:54 | INFO | samsung_auto_trader | Current price: 348250 KRW | inferred_tick_size=500
2026-06-01 12:27:55 | INFO | samsung_auto_trader | Token reuse: cached same-day token is valid.
2026-06-01 12:27:58 | INFO | samsung_auto_trader | Token reuse: cached same-day token is valid.
2026-06-01 12:28:02 | INFO | samsung_auto_trader | Token reuse: cached same-day token is valid.
2026-06-01 12:28:06 | INFO | samsung_auto_trader | Token reuse: cached same-day token is valid.
2026-06-01 12:28:11 | INFO | samsung_auto_trader | Token reuse: cached same-day token is valid.
2026-06-01 12:28:16 | INFO | samsung_auto_trader | Token reuse: cached same-day token is valid.
2026-06-01 12:28:21 | INFO | samsung_auto_trader | Holdings before order | cash_available=1223696 | total_eval_amount=9557447 | samsung_holding={'symbol': '005930', 'qty': 8, 'sellable_qty': 3, 'avg_price': 0}
2026-06-01 12:28:21 | INFO | samsung_auto_trader | 
====================================================================
[STATUS] 2026-06-01 12:28:21 KST
holding | symbol=005930 qty=8 sellable_qty=3 avg_price=0
inventory_limits | initial=12 min=3 max=25 effective_position=19
open_orders | buy_open=16 sell_open=5 total_open=21
 - side=buy order_no=0000024418 time=122651 qty=1 filled=0 unfilled=1 price=347000 branch=
 - side=buy order_no=0000024344 time=122528 qty=1 filled=0 unfilled=1 price=347000 branch=
 - side=buy order_no=0000024249 time=122333 qty=1 filled=0 unfilled=1 price=346500 branch=
 - side=buy order_no=0000024193 time=122224 qty=1 filled=0 unfilled=1 price=346500 branch=
 - side=buy order_no=0000024109 time=122033 qty=1 filled=0 unfilled=1 price=346500 branch=
 - side=sell order_no=0000024032 time=121859 qty=1 filled=0 unfilled=1 price=349000 branch=
 - side=buy order_no=0000023865 time=121704 qty=1 filled=0 unfilled=1 price=346500 branch=
 - side=sell order_no=0000023826 time=121557 qty=1 filled=0 unfilled=1 price=349000 branch=
 - side=buy order_no=0000023797 time=121526 qty=1 filled=0 unfilled=1 price=346500 branch=
 - side=sell order_no=0000023643 time=121250 qty=1 filled=0 unfilled=1 price=349000 branch=
 - side=buy order_no=0000023629 time=121226 qty=1 filled=0 unfilled=1 price=346500 branch=
 - side=buy order_no=0000023481 time=120927 qty=1 filled=0 unfilled=1 price=346000 branch=
 - side=sell order_no=0000023436 time=120841 qty=1 filled=0 unfilled=1 price=349000 branch=
 - side=sell order_no=0000023314 time=120553 qty=1 filled=0 unfilled=1 price=349000 branch=
 - side=buy order_no=0000023265 time=120521 qty=1 filled=0 unfilled=1 price=346500 branch=
 - side=buy order_no=0000023150 time=120324 qty=1 filled=0 unfilled=1 price=345500 branch=
 - side=buy order_no=0000023033 time=120151 qty=1 filled=0 unfilled=1 price=345500 branch=
 - side=buy order_no=0000022846 time=115950 qty=1 filled=0 unfilled=1 price=345500 branch=
 - side=buy order_no=0000022722 time=115827 qty=1 filled=0 unfilled=1 price=345500 branch=
 - side=buy order_no=0000022549 time=115623 qty=1 filled=0 unfilled=1 price=345000 branch=
 - side=buy order_no=0000022440 time=115448 qty=1 filled=0 unfilled=1 price=343500 branch=
====================================================================
2026-06-01 12:28:21 | INFO | samsung_auto_trader | Price normalized by tick size | current=348250 tick=500 raw_buy=347250 buy=347000 raw_sell=349250 sell=349500
2026-06-01 12:28:21 | INFO | samsung_auto_trader | Skipping sell this cycle | holding_qty=8 sell_open=5 min_position=3
2026-06-01 12:28:21 | INFO | samsung_auto_trader | Buy order request: qty=1, price=347000
2026-06-01 12:28:21 | INFO | samsung_auto_trader | Token reuse: cached same-day token is valid.
2026-06-01 12:28:23 | INFO | samsung_auto_trader | Buy order accepted | order_no=00950 | order_time=122823 | qty=1 | price=347000
2026-06-01 12:28:23 | INFO | samsung_auto_trader | Waiting 5 seconds before post-buy balance check.
2026-06-01 12:28:28 | INFO | samsung_auto_trader | Token reuse: cached same-day token is valid.
2026-06-01 12:28:33 | INFO | samsung_auto_trader | Token reuse: cached same-day token is valid.
2026-06-01 12:28:37 | INFO | samsung_auto_trader | Token reuse: cached same-day token is valid.
2026-06-01 12:28:41 | INFO | samsung_auto_trader | Token reuse: cached same-day token is valid.
2026-06-01 12:28:45 | INFO | samsung_auto_trader | Token reuse: cached same-day token is valid.
2026-06-01 12:28:49 | INFO | samsung_auto_trader | Token reuse: cached same-day token is valid.
2026-06-01 12:28:53 | INFO | samsung_auto_trader | Holdings after buy | cash_available=878431 | total_eval_amount=9555447 | samsung_holding={'symbol': '005930', 'qty': 8, 'sellable_qty': 3, 'avg_price': 0}
2026-06-01 12:28:53 | INFO | samsung_auto_trader | 
====================================================================
[STATUS] 2026-06-01 12:28:53 KST
holding | symbol=005930 qty=8 sellable_qty=3 avg_price=0
inventory_limits | initial=12 min=3 max=25 effective_position=20
open_orders | buy_open=17 sell_open=5 total_open=22
 - side=buy order_no=0000024504 time=122823 qty=1 filled=0 unfilled=1 price=347000 branch=
 - side=buy order_no=0000024418 time=122651 qty=1 filled=0 unfilled=1 price=347000 branch=
 - side=buy order_no=0000024344 time=122528 qty=1 filled=0 unfilled=1 price=347000 branch=
 - side=buy order_no=0000024249 time=122333 qty=1 filled=0 unfilled=1 price=346500 branch=
 - side=buy order_no=0000024193 time=122224 qty=1 filled=0 unfilled=1 price=346500 branch=
 - side=buy order_no=0000024109 time=122033 qty=1 filled=0 unfilled=1 price=346500 branch=
 - side=sell order_no=0000024032 time=121859 qty=1 filled=0 unfilled=1 price=349000 branch=
 - side=buy order_no=0000023865 time=121704 qty=1 filled=0 unfilled=1 price=346500 branch=
 - side=sell order_no=0000023826 time=121557 qty=1 filled=0 unfilled=1 price=349000 branch=
 - side=buy order_no=0000023797 time=121526 qty=1 filled=0 unfilled=1 price=346500 branch=
 - side=sell order_no=0000023643 time=121250 qty=1 filled=0 unfilled=1 price=349000 branch=
 - side=buy order_no=0000023629 time=121226 qty=1 filled=0 unfilled=1 price=346500 branch=
 - side=buy order_no=0000023481 time=120927 qty=1 filled=0 unfilled=1 price=346000 branch=
 - side=sell order_no=0000023436 time=120841 qty=1 filled=0 unfilled=1 price=349000 branch=
 - side=sell order_no=0000023314 time=120553 qty=1 filled=0 unfilled=1 price=349000 branch=
 - side=buy order_no=0000023265 time=120521 qty=1 filled=0 unfilled=1 price=346500 branch=
 - side=buy order_no=0000023150 time=120324 qty=1 filled=0 unfilled=1 price=345500 branch=
 - side=buy order_no=0000023033 time=120151 qty=1 filled=0 unfilled=1 price=345500 branch=
 - side=buy order_no=0000022846 time=115950 qty=1 filled=0 unfilled=1 price=345500 branch=
 - side=buy order_no=0000022722 time=115827 qty=1 filled=0 unfilled=1 price=345500 branch=
 - side=buy order_no=0000022549 time=115623 qty=1 filled=0 unfilled=1 price=345000 branch=
 - side=buy order_no=0000022440 time=115448 qty=1 filled=0 unfilled=1 price=343500 branch=
====================================================================
2026-06-01 12:28:53 | INFO | samsung_auto_trader | Execution check for buy: before_qty=8, after_qty=8, executed=False
2026-06-01 12:28:53 | INFO | samsung_auto_trader | Token reuse: cached same-day token is valid.
2026-06-01 12:28:57 | INFO | samsung_auto_trader | Token reuse: cached same-day token is valid.
2026-06-01 12:29:02 | INFO | samsung_auto_trader | Token reuse: cached same-day token is valid.
2026-06-01 12:29:09 | INFO | samsung_auto_trader | Token reuse: cached same-day token is valid.
2026-06-01 12:29:18 | INFO | samsung_auto_trader | Skipping sell this cycle | holding_qty=8 sell_open=5 min_position=3
2026-06-01 12:29:18 | INFO | samsung_auto_trader | Trade cycle finished.
2026-06-01 12:29:38 | INFO | samsung_auto_trader | Starting trade cycle.
2026-06-01 12:29:38 | INFO | samsung_auto_trader | Token reuse: cached same-day token is valid.
2026-06-01 12:29:40 | INFO | samsung_auto_trader | Current price: 348750 KRW | inferred_tick_size=500
2026-06-01 12:29:40 | INFO | samsung_auto_trader | Token reuse: cached same-day token is valid.
2026-06-01 12:29:46 | INFO | samsung_auto_trader | Token reuse: cached same-day token is valid.
2026-06-01 12:29:51 | INFO | samsung_auto_trader | Token reuse: cached same-day token is valid.
2026-06-01 12:29:56 | INFO | samsung_auto_trader | Token reuse: cached same-day token is valid.
2026-06-01 12:30:02 | INFO | samsung_auto_trader | Token reuse: cached same-day token is valid.
2026-06-01 12:30:11 | INFO | samsung_auto_trader | Token reuse: cached same-day token is valid.
2026-06-01 12:30:15 | INFO | samsung_auto_trader | Holdings before order | cash_available=2609497 | total_eval_amount=9556207 | samsung_holding={'symbol': '005930', 'qty': 3, 'sellable_qty': 3, 'avg_price': 0}
2026-06-01 12:30:15 | INFO | samsung_auto_trader | 
====================================================================
[STATUS] 2026-06-01 12:30:15 KST
holding | symbol=005930 qty=3 sellable_qty=3 avg_price=0
inventory_limits | initial=12 min=3 max=25 effective_position=20
open_orders | buy_open=17 sell_open=0 total_open=17
 - side=buy order_no=0000024504 time=122823 qty=1 filled=0 unfilled=1 price=347000 branch=
 - side=buy order_no=0000024418 time=122651 qty=1 filled=0 unfilled=1 price=347000 branch=
 - side=buy order_no=0000024344 time=122528 qty=1 filled=0 unfilled=1 price=347000 branch=
 - side=buy order_no=0000024249 time=122333 qty=1 filled=0 unfilled=1 price=346500 branch=
 - side=buy order_no=0000024193 time=122224 qty=1 filled=0 unfilled=1 price=346500 branch=
 - side=buy order_no=0000024109 time=122033 qty=1 filled=0 unfilled=1 price=346500 branch=
 - side=buy order_no=0000023865 time=121704 qty=1 filled=0 unfilled=1 price=346500 branch=
 - side=buy order_no=0000023797 time=121526 qty=1 filled=0 unfilled=1 price=346500 branch=
 - side=buy order_no=0000023629 time=121226 qty=1 filled=0 unfilled=1 price=346500 branch=
 - side=buy order_no=0000023481 time=120927 qty=1 filled=0 unfilled=1 price=346000 branch=
 - side=buy order_no=0000023265 time=120521 qty=1 filled=0 unfilled=1 price=346500 branch=
 - side=buy order_no=0000023150 time=120324 qty=1 filled=0 unfilled=1 price=345500 branch=
 - side=buy order_no=0000023033 time=120151 qty=1 filled=0 unfilled=1 price=345500 branch=
 - side=buy order_no=0000022846 time=115950 qty=1 filled=0 unfilled=1 price=345500 branch=
 - side=buy order_no=0000022722 time=115827 qty=1 filled=0 unfilled=1 price=345500 branch=
 - side=buy order_no=0000022549 time=115623 qty=1 filled=0 unfilled=1 price=345000 branch=
 - side=buy order_no=0000022440 time=115448 qty=1 filled=0 unfilled=1 price=343500 branch=
====================================================================
2026-06-01 12:30:15 | INFO | samsung_auto_trader | Price normalized by tick size | current=348750 tick=500 raw_buy=347750 buy=347500 raw_sell=349750 sell=350000
2026-06-01 12:30:15 | INFO | samsung_auto_trader | Skipping sell this cycle | holding_qty=3 sell_open=0 min_position=3
2026-06-01 12:30:15 | INFO | samsung_auto_trader | Buy order request: qty=1, price=347500
2026-06-01 12:30:15 | INFO | samsung_auto_trader | Token reuse: cached same-day token is valid.
2026-06-01 12:30:25 | INFO | samsung_auto_trader | Buy order accepted | order_no=00950 | order_time=123025 | qty=1 | price=347500
2026-06-01 12:30:25 | INFO | samsung_auto_trader | Waiting 5 seconds before post-buy balance check.
2026-06-01 12:30:30 | INFO | samsung_auto_trader | Token reuse: cached same-day token is valid.
2026-06-01 12:30:38 | INFO | samsung_auto_trader | Token reuse: cached same-day token is valid.
2026-06-01 12:30:45 | INFO | samsung_auto_trader | Token reuse: cached same-day token is valid.
2026-06-01 12:30:49 | INFO | samsung_auto_trader | Token reuse: cached same-day token is valid.
2026-06-01 12:30:53 | INFO | samsung_auto_trader | Token reuse: cached same-day token is valid.
2026-06-01 12:30:55 | INFO | samsung_auto_trader | Token reuse: cached same-day token is valid.
2026-06-01 12:30:56 | INFO | samsung_auto_trader | Holdings after buy | cash_available=2263735 | total_eval_amount=9556957 | samsung_holding={'symbol': '005930', 'qty': 3, 'sellable_qty': 3, 'avg_price': 0}
2026-06-01 12:30:56 | INFO | samsung_auto_trader | 
====================================================================
[STATUS] 2026-06-01 12:30:56 KST
holding | symbol=005930 qty=3 sellable_qty=3 avg_price=0
inventory_limits | initial=12 min=3 max=25 effective_position=21
open_orders | buy_open=18 sell_open=0 total_open=18
 - side=buy order_no=0000024603 time=123025 qty=1 filled=0 unfilled=1 price=347500 branch=
 - side=buy order_no=0000024504 time=122823 qty=1 filled=0 unfilled=1 price=347000 branch=
 - side=buy order_no=0000024418 time=122651 qty=1 filled=0 unfilled=1 price=347000 branch=
 - side=buy order_no=0000024344 time=122528 qty=1 filled=0 unfilled=1 price=347000 branch=
 - side=buy order_no=0000024249 time=122333 qty=1 filled=0 unfilled=1 price=346500 branch=
 - side=buy order_no=0000024193 time=122224 qty=1 filled=0 unfilled=1 price=346500 branch=
 - side=buy order_no=0000024109 time=122033 qty=1 filled=0 unfilled=1 price=346500 branch=
 - side=buy order_no=0000023865 time=121704 qty=1 filled=0 unfilled=1 price=346500 branch=
 - side=buy order_no=0000023797 time=121526 qty=1 filled=0 unfilled=1 price=346500 branch=
 - side=buy order_no=0000023629 time=121226 qty=1 filled=0 unfilled=1 price=346500 branch=
 - side=buy order_no=0000023481 time=120927 qty=1 filled=0 unfilled=1 price=346000 branch=
 - side=buy order_no=0000023265 time=120521 qty=1 filled=0 unfilled=1 price=346500 branch=
 - side=buy order_no=0000023150 time=120324 qty=1 filled=0 unfilled=1 price=345500 branch=
 - side=buy order_no=0000023033 time=120151 qty=1 filled=0 unfilled=1 price=345500 branch=
 - side=buy order_no=0000022846 time=115950 qty=1 filled=0 unfilled=1 price=345500 branch=
 - side=buy order_no=0000022722 time=115827 qty=1 filled=0 unfilled=1 price=345500 branch=
 - side=buy order_no=0000022549 time=115623 qty=1 filled=0 unfilled=1 price=345000 branch=
 - side=buy order_no=0000022440 time=115448 qty=1 filled=0 unfilled=1 price=343500 branch=
====================================================================
2026-06-01 12:30:56 | INFO | samsung_auto_trader | Execution check for buy: before_qty=3, after_qty=3, executed=False
2026-06-01 12:30:56 | INFO | samsung_auto_trader | Token reuse: cached same-day token is valid.
2026-06-01 12:30:58 | INFO | samsung_auto_trader | Token reuse: cached same-day token is valid.
2026-06-01 12:31:00 | INFO | samsung_auto_trader | Token reuse: cached same-day token is valid.
2026-06-01 12:31:02 | INFO | samsung_auto_trader | Token reuse: cached same-day token is valid.
2026-06-01 12:31:05 | INFO | samsung_auto_trader | Skipping sell this cycle | holding_qty=3 sell_open=0 min_position=3
2026-06-01 12:31:05 | INFO | samsung_auto_trader | Trade cycle finished.
2026-06-01 12:31:25 | INFO | samsung_auto_trader | Starting trade cycle.
2026-06-01 12:31:25 | INFO | samsung_auto_trader | Token reuse: cached same-day token is valid.
2026-06-01 12:31:27 | INFO | samsung_auto_trader | Current price: 348750 KRW | inferred_tick_size=500
2026-06-01 12:31:27 | INFO | samsung_auto_trader | Token reuse: cached same-day token is valid.
2026-06-01 12:31:32 | INFO | samsung_auto_trader | Token reuse: cached same-day token is valid.
2026-06-01 12:31:40 | INFO | samsung_auto_trader | Token reuse: cached same-day token is valid.
2026-06-01 12:31:43 | INFO | samsung_auto_trader | Token reuse: cached same-day token is valid.
2026-06-01 12:31:46 | INFO | samsung_auto_trader | Token reuse: cached same-day token is valid.
2026-06-01 12:31:48 | INFO | samsung_auto_trader | Token reuse: cached same-day token is valid.
2026-06-01 12:31:50 | INFO | samsung_auto_trader | Holdings before order | cash_available=2263735 | total_eval_amount=9557707 | samsung_holding={'symbol': '005930', 'qty': 3, 'sellable_qty': 3, 'avg_price': 0}
2026-06-01 12:31:50 | INFO | samsung_auto_trader | 
====================================================================
[STATUS] 2026-06-01 12:31:50 KST
holding | symbol=005930 qty=3 sellable_qty=3 avg_price=0
inventory_limits | initial=12 min=3 max=25 effective_position=21
open_orders | buy_open=18 sell_open=0 total_open=18
 - side=buy order_no=0000024603 time=123025 qty=1 filled=0 unfilled=1 price=347500 branch=
 - side=buy order_no=0000024504 time=122823 qty=1 filled=0 unfilled=1 price=347000 branch=
 - side=buy order_no=0000024418 time=122651 qty=1 filled=0 unfilled=1 price=347000 branch=
 - side=buy order_no=0000024344 time=122528 qty=1 filled=0 unfilled=1 price=347000 branch=
 - side=buy order_no=0000024249 time=122333 qty=1 filled=0 unfilled=1 price=346500 branch=
 - side=buy order_no=0000024193 time=122224 qty=1 filled=0 unfilled=1 price=346500 branch=
 - side=buy order_no=0000024109 time=122033 qty=1 filled=0 unfilled=1 price=346500 branch=
 - side=buy order_no=0000023865 time=121704 qty=1 filled=0 unfilled=1 price=346500 branch=
 - side=buy order_no=0000023797 time=121526 qty=1 filled=0 unfilled=1 price=346500 branch=
 - side=buy order_no=0000023629 time=121226 qty=1 filled=0 unfilled=1 price=346500 branch=
 - side=buy order_no=0000023481 time=120927 qty=1 filled=0 unfilled=1 price=346000 branch=
 - side=buy order_no=0000023265 time=120521 qty=1 filled=0 unfilled=1 price=346500 branch=
 - side=buy order_no=0000023150 time=120324 qty=1 filled=0 unfilled=1 price=345500 branch=
 - side=buy order_no=0000023033 time=120151 qty=1 filled=0 unfilled=1 price=345500 branch=
 - side=buy order_no=0000022846 time=115950 qty=1 filled=0 unfilled=1 price=345500 branch=
 - side=buy order_no=0000022722 time=115827 qty=1 filled=0 unfilled=1 price=345500 branch=
 - side=buy order_no=0000022549 time=115623 qty=1 filled=0 unfilled=1 price=345000 branch=
 - side=buy order_no=0000022440 time=115448 qty=1 filled=0 unfilled=1 price=343500 branch=
====================================================================
2026-06-01 12:31:50 | INFO | samsung_auto_trader | Price normalized by tick size | current=348750 tick=500 raw_buy=347750 buy=347500 raw_sell=349750 sell=350000
2026-06-01 12:31:50 | INFO | samsung_auto_trader | Skipping sell this cycle | holding_qty=3 sell_open=0 min_position=3
2026-06-01 12:31:50 | INFO | samsung_auto_trader | Buy order request: qty=1, price=347500
2026-06-01 12:31:50 | INFO | samsung_auto_trader | Token reuse: cached same-day token is valid.
2026-06-01 12:31:53 | INFO | samsung_auto_trader | Buy order accepted | order_no=00950 | order_time=123153 | qty=1 | price=347500
2026-06-01 12:31:53 | INFO | samsung_auto_trader | Waiting 5 seconds before post-buy balance check.
2026-06-01 12:31:58 | INFO | samsung_auto_trader | Token reuse: cached same-day token is valid.
2026-06-01 12:32:03 | INFO | samsung_auto_trader | Token reuse: cached same-day token is valid.
2026-06-01 12:32:11 | INFO | samsung_auto_trader | Token reuse: cached same-day token is valid.
2026-06-01 12:32:14 | INFO | samsung_auto_trader | Token reuse: cached same-day token is valid.
2026-06-01 12:32:17 | INFO | samsung_auto_trader | Token reuse: cached same-day token is valid.
2026-06-01 12:32:19 | INFO | samsung_auto_trader | Token reuse: cached same-day token is valid.
2026-06-01 12:32:21 | INFO | samsung_auto_trader | Holdings after buy | cash_available=1917972 | total_eval_amount=9556207 | samsung_holding={'symbol': '005930', 'qty': 3, 'sellable_qty': 3, 'avg_price': 0}
2026-06-01 12:32:21 | INFO | samsung_auto_trader | 
====================================================================
[STATUS] 2026-06-01 12:32:21 KST
holding | symbol=005930 qty=3 sellable_qty=3 avg_price=0
inventory_limits | initial=12 min=3 max=25 effective_position=22
open_orders | buy_open=19 sell_open=0 total_open=19
 - side=buy order_no=0000024690 time=123153 qty=1 filled=0 unfilled=1 price=347500 branch=
 - side=buy order_no=0000024603 time=123025 qty=1 filled=0 unfilled=1 price=347500 branch=
 - side=buy order_no=0000024504 time=122823 qty=1 filled=0 unfilled=1 price=347000 branch=
 - side=buy order_no=0000024418 time=122651 qty=1 filled=0 unfilled=1 price=347000 branch=
 - side=buy order_no=0000024344 time=122528 qty=1 filled=0 unfilled=1 price=347000 branch=
 - side=buy order_no=0000024249 time=122333 qty=1 filled=0 unfilled=1 price=346500 branch=
 - side=buy order_no=0000024193 time=122224 qty=1 filled=0 unfilled=1 price=346500 branch=
 - side=buy order_no=0000024109 time=122033 qty=1 filled=0 unfilled=1 price=346500 branch=
 - side=buy order_no=0000023865 time=121704 qty=1 filled=0 unfilled=1 price=346500 branch=
 - side=buy order_no=0000023797 time=121526 qty=1 filled=0 unfilled=1 price=346500 branch=
 - side=buy order_no=0000023629 time=121226 qty=1 filled=0 unfilled=1 price=346500 branch=
 - side=buy order_no=0000023481 time=120927 qty=1 filled=0 unfilled=1 price=346000 branch=
 - side=buy order_no=0000023265 time=120521 qty=1 filled=0 unfilled=1 price=346500 branch=
 - side=buy order_no=0000023150 time=120324 qty=1 filled=0 unfilled=1 price=345500 branch=
 - side=buy order_no=0000023033 time=120151 qty=1 filled=0 unfilled=1 price=345500 branch=
 - side=buy order_no=0000022846 time=115950 qty=1 filled=0 unfilled=1 price=345500 branch=
 - side=buy order_no=0000022722 time=115827 qty=1 filled=0 unfilled=1 price=345500 branch=
 - side=buy order_no=0000022549 time=115623 qty=1 filled=0 unfilled=1 price=345000 branch=
 - side=buy order_no=0000022440 time=115448 qty=1 filled=0 unfilled=1 price=343500 branch=
====================================================================
2026-06-01 12:32:21 | INFO | samsung_auto_trader | Execution check for buy: before_qty=3, after_qty=3, executed=False
2026-06-01 12:32:21 | INFO | samsung_auto_trader | Token reuse: cached same-day token is valid.
2026-06-01 12:32:23 | INFO | samsung_auto_trader | Token reuse: cached same-day token is valid.
2026-06-01 12:32:25 | INFO | samsung_auto_trader | Token reuse: cached same-day token is valid.
2026-06-01 12:32:26 | INFO | samsung_auto_trader | Token reuse: cached same-day token is valid.
2026-06-01 12:32:27 | INFO | samsung_auto_trader | Skipping sell this cycle | holding_qty=3 sell_open=0 min_position=3
2026-06-01 12:32:27 | INFO | samsung_auto_trader | Trade cycle finished.
2026-06-01 12:32:47 | INFO | samsung_auto_trader | Starting trade cycle.
2026-06-01 12:32:47 | INFO | samsung_auto_trader | Token reuse: cached same-day token is valid.
2026-06-01 12:32:49 | INFO | samsung_auto_trader | Current price: 348500 KRW | inferred_tick_size=500
2026-06-01 12:32:49 | INFO | samsung_auto_trader | Token reuse: cached same-day token is valid.
2026-06-01 12:32:55 | INFO | samsung_auto_trader | Token reuse: cached same-day token is valid.
2026-06-01 12:33:01 | INFO | samsung_auto_trader | Token reuse: cached same-day token is valid.
2026-06-01 12:33:05 | INFO | samsung_auto_trader | Token reuse: cached same-day token is valid.
2026-06-01 12:33:09 | INFO | samsung_auto_trader | Token reuse: cached same-day token is valid.
2026-06-01 12:33:13 | INFO | samsung_auto_trader | Token reuse: cached same-day token is valid.
2026-06-01 12:33:16 | INFO | samsung_auto_trader | Holdings before order | cash_available=1917972 | total_eval_amount=9557707 | samsung_holding={'symbol': '005930', 'qty': 3, 'sellable_qty': 3, 'avg_price': 0}
2026-06-01 12:33:16 | INFO | samsung_auto_trader | 
====================================================================
[STATUS] 2026-06-01 12:33:16 KST
holding | symbol=005930 qty=3 sellable_qty=3 avg_price=0
inventory_limits | initial=12 min=3 max=25 effective_position=22
open_orders | buy_open=19 sell_open=0 total_open=19
 - side=buy order_no=0000024690 time=123153 qty=1 filled=0 unfilled=1 price=347500 branch=
 - side=buy order_no=0000024603 time=123025 qty=1 filled=0 unfilled=1 price=347500 branch=
 - side=buy order_no=0000024504 time=122823 qty=1 filled=0 unfilled=1 price=347000 branch=
 - side=buy order_no=0000024418 time=122651 qty=1 filled=0 unfilled=1 price=347000 branch=
 - side=buy order_no=0000024344 time=122528 qty=1 filled=0 unfilled=1 price=347000 branch=
 - side=buy order_no=0000024249 time=122333 qty=1 filled=0 unfilled=1 price=346500 branch=
 - side=buy order_no=0000024193 time=122224 qty=1 filled=0 unfilled=1 price=346500 branch=
 - side=buy order_no=0000024109 time=122033 qty=1 filled=0 unfilled=1 price=346500 branch=
 - side=buy order_no=0000023865 time=121704 qty=1 filled=0 unfilled=1 price=346500 branch=
 - side=buy order_no=0000023797 time=121526 qty=1 filled=0 unfilled=1 price=346500 branch=
 - side=buy order_no=0000023629 time=121226 qty=1 filled=0 unfilled=1 price=346500 branch=
 - side=buy order_no=0000023481 time=120927 qty=1 filled=0 unfilled=1 price=346000 branch=
 - side=buy order_no=0000023265 time=120521 qty=1 filled=0 unfilled=1 price=346500 branch=
 - side=buy order_no=0000023150 time=120324 qty=1 filled=0 unfilled=1 price=345500 branch=
 - side=buy order_no=0000023033 time=120151 qty=1 filled=0 unfilled=1 price=345500 branch=
 - side=buy order_no=0000022846 time=115950 qty=1 filled=0 unfilled=1 price=345500 branch=
 - side=buy order_no=0000022722 time=115827 qty=1 filled=0 unfilled=1 price=345500 branch=
 - side=buy order_no=0000022549 time=115623 qty=1 filled=0 unfilled=1 price=345000 branch=
 - side=buy order_no=0000022440 time=115448 qty=1 filled=0 unfilled=1 price=343500 branch=
====================================================================
2026-06-01 12:33:16 | INFO | samsung_auto_trader | Price normalized by tick size | current=348500 tick=500 raw_buy=347500 buy=347500 raw_sell=349500 sell=349500
2026-06-01 12:33:16 | INFO | samsung_auto_trader | Skipping sell this cycle | holding_qty=3 sell_open=0 min_position=3
2026-06-01 12:33:16 | INFO | samsung_auto_trader | Buy order request: qty=1, price=347500
2026-06-01 12:33:16 | INFO | samsung_auto_trader | Token reuse: cached same-day token is valid.
2026-06-01 12:33:19 | INFO | samsung_auto_trader | Buy order accepted | order_no=00950 | order_time=123319 | qty=1 | price=347500
2026-06-01 12:33:19 | INFO | samsung_auto_trader | Waiting 5 seconds before post-buy balance check.
2026-06-01 12:33:24 | INFO | samsung_auto_trader | Token reuse: cached same-day token is valid.
2026-06-01 12:33:24 | WARNING | samsung_auto_trader | API request failed (GET /uapi/domestic-stock/v1/trading/inquire-balance, attempt 1/3): ('Connection aborted.', RemoteDisconnected('Remote end closed connection without response'))
2026-06-01 12:33:30 | INFO | samsung_auto_trader | Token reuse: cached same-day token is valid.
2026-06-01 12:33:35 | INFO | samsung_auto_trader | Token reuse: cached same-day token is valid.
2026-06-01 12:33:36 | INFO | samsung_auto_trader | Token reuse: cached same-day token is valid.
2026-06-01 12:33:37 | INFO | samsung_auto_trader | Token reuse: cached same-day token is valid.
2026-06-01 12:33:38 | INFO | samsung_auto_trader | Token reuse: cached same-day token is valid.
2026-06-01 12:33:39 | INFO | samsung_auto_trader | Holdings after buy | cash_available=1572210 | total_eval_amount=9557707 | samsung_holding={'symbol': '005930', 'qty': 3, 'sellable_qty': 3, 'avg_price': 0}
2026-06-01 12:33:39 | INFO | samsung_auto_trader | 
====================================================================
[STATUS] 2026-06-01 12:33:39 KST
holding | symbol=005930 qty=3 sellable_qty=3 avg_price=0
inventory_limits | initial=12 min=3 max=25 effective_position=23
open_orders | buy_open=20 sell_open=0 total_open=20
 - side=buy order_no=0000024777 time=123319 qty=1 filled=0 unfilled=1 price=347500 branch=
 - side=buy order_no=0000024690 time=123153 qty=1 filled=0 unfilled=1 price=347500 branch=
 - side=buy order_no=0000024603 time=123025 qty=1 filled=0 unfilled=1 price=347500 branch=
 - side=buy order_no=0000024504 time=122823 qty=1 filled=0 unfilled=1 price=347000 branch=
 - side=buy order_no=0000024418 time=122651 qty=1 filled=0 unfilled=1 price=347000 branch=
 - side=buy order_no=0000024344 time=122528 qty=1 filled=0 unfilled=1 price=347000 branch=
 - side=buy order_no=0000024249 time=122333 qty=1 filled=0 unfilled=1 price=346500 branch=
 - side=buy order_no=0000024193 time=122224 qty=1 filled=0 unfilled=1 price=346500 branch=
 - side=buy order_no=0000024109 time=122033 qty=1 filled=0 unfilled=1 price=346500 branch=
 - side=buy order_no=0000023865 time=121704 qty=1 filled=0 unfilled=1 price=346500 branch=
 - side=buy order_no=0000023797 time=121526 qty=1 filled=0 unfilled=1 price=346500 branch=
 - side=buy order_no=0000023629 time=121226 qty=1 filled=0 unfilled=1 price=346500 branch=
 - side=buy order_no=0000023481 time=120927 qty=1 filled=0 unfilled=1 price=346000 branch=
 - side=buy order_no=0000023265 time=120521 qty=1 filled=0 unfilled=1 price=346500 branch=
 - side=buy order_no=0000023150 time=120324 qty=1 filled=0 unfilled=1 price=345500 branch=
 - side=buy order_no=0000023033 time=120151 qty=1 filled=0 unfilled=1 price=345500 branch=
 - side=buy order_no=0000022846 time=115950 qty=1 filled=0 unfilled=1 price=345500 branch=
 - side=buy order_no=0000022722 time=115827 qty=1 filled=0 unfilled=1 price=345500 branch=
 - side=buy order_no=0000022549 time=115623 qty=1 filled=0 unfilled=1 price=345000 branch=
 - side=buy order_no=0000022440 time=115448 qty=1 filled=0 unfilled=1 price=343500 branch=
====================================================================
2026-06-01 12:33:39 | INFO | samsung_auto_trader | Execution check for buy: before_qty=3, after_qty=3, executed=False
2026-06-01 12:33:39 | INFO | samsung_auto_trader | Token reuse: cached same-day token is valid.
2026-06-01 12:33:39 | WARNING | samsung_auto_trader | API request failed (GET /uapi/domestic-stock/v1/trading/inquire-daily-ccld, attempt 1/3): Retryable HTTP 500: {"rt_cd":"1","msg1":"초당 거래건수를 초과하였습니다.","msg_cd":"EGW00201","message":"EGW00201"}
2026-06-01 12:33:41 | INFO | samsung_auto_trader | Token reuse: cached same-day token is valid.
2026-06-01 12:33:41 | WARNING | samsung_auto_trader | API request failed (GET /uapi/domestic-stock/v1/trading/inquire-daily-ccld, attempt 1/3): Retryable HTTP 500: {"rt_cd":"1","msg1":"초당 거래건수를 초과하였습니다.","msg_cd":"EGW00201","message":"EGW00201"}
2026-06-01 12:33:47 | INFO | samsung_auto_trader | Token reuse: cached same-day token is valid.
2026-06-01 12:33:51 | INFO | samsung_auto_trader | Token reuse: cached same-day token is valid.
2026-06-01 12:33:55 | INFO | samsung_auto_trader | Skipping sell this cycle | holding_qty=3 sell_open=0 min_position=3
2026-06-01 12:33:55 | INFO | samsung_auto_trader | Trade cycle finished.
2026-06-01 12:34:15 | INFO | samsung_auto_trader | Starting trade cycle.
2026-06-01 12:34:15 | INFO | samsung_auto_trader | Token reuse: cached same-day token is valid.
2026-06-01 12:34:15 | INFO | samsung_auto_trader | Current price: 349000 KRW | inferred_tick_size=500
2026-06-01 12:34:16 | INFO | samsung_auto_trader | Token reuse: cached same-day token is valid.
2026-06-01 12:34:19 | INFO | samsung_auto_trader | Token reuse: cached same-day token is valid.
2026-06-01 12:34:22 | INFO | samsung_auto_trader | Token reuse: cached same-day token is valid.
2026-06-01 12:34:23 | INFO | samsung_auto_trader | Token reuse: cached same-day token is valid.
2026-06-01 12:34:24 | INFO | samsung_auto_trader | Token reuse: cached same-day token is valid.
2026-06-01 12:34:25 | INFO | samsung_auto_trader | Token reuse: cached same-day token is valid.
2026-06-01 12:34:26 | INFO | samsung_auto_trader | Holdings before order | cash_available=1572210 | total_eval_amount=9557707 | samsung_holding={'symbol': '005930', 'qty': 3, 'sellable_qty': 3, 'avg_price': 0}
2026-06-01 12:34:26 | INFO | samsung_auto_trader | 
====================================================================
[STATUS] 2026-06-01 12:34:26 KST
holding | symbol=005930 qty=3 sellable_qty=3 avg_price=0
inventory_limits | initial=12 min=3 max=25 effective_position=23
open_orders | buy_open=20 sell_open=0 total_open=20
 - side=buy order_no=0000024777 time=123319 qty=1 filled=0 unfilled=1 price=347500 branch=
 - side=buy order_no=0000024690 time=123153 qty=1 filled=0 unfilled=1 price=347500 branch=
 - side=buy order_no=0000024603 time=123025 qty=1 filled=0 unfilled=1 price=347500 branch=
 - side=buy order_no=0000024504 time=122823 qty=1 filled=0 unfilled=1 price=347000 branch=
 - side=buy order_no=0000024418 time=122651 qty=1 filled=0 unfilled=1 price=347000 branch=
 - side=buy order_no=0000024344 time=122528 qty=1 filled=0 unfilled=1 price=347000 branch=
 - side=buy order_no=0000024249 time=122333 qty=1 filled=0 unfilled=1 price=346500 branch=
 - side=buy order_no=0000024193 time=122224 qty=1 filled=0 unfilled=1 price=346500 branch=
 - side=buy order_no=0000024109 time=122033 qty=1 filled=0 unfilled=1 price=346500 branch=
 - side=buy order_no=0000023865 time=121704 qty=1 filled=0 unfilled=1 price=346500 branch=
 - side=buy order_no=0000023797 time=121526 qty=1 filled=0 unfilled=1 price=346500 branch=
 - side=buy order_no=0000023629 time=121226 qty=1 filled=0 unfilled=1 price=346500 branch=
 - side=buy order_no=0000023481 time=120927 qty=1 filled=0 unfilled=1 price=346000 branch=
 - side=buy order_no=0000023265 time=120521 qty=1 filled=0 unfilled=1 price=346500 branch=
 - side=buy order_no=0000023150 time=120324 qty=1 filled=0 unfilled=1 price=345500 branch=
 - side=buy order_no=0000023033 time=120151 qty=1 filled=0 unfilled=1 price=345500 branch=
 - side=buy order_no=0000022846 time=115950 qty=1 filled=0 unfilled=1 price=345500 branch=
 - side=buy order_no=0000022722 time=115827 qty=1 filled=0 unfilled=1 price=345500 branch=
 - side=buy order_no=0000022549 time=115623 qty=1 filled=0 unfilled=1 price=345000 branch=
 - side=buy order_no=0000022440 time=115448 qty=1 filled=0 unfilled=1 price=343500 branch=
====================================================================
2026-06-01 12:34:26 | INFO | samsung_auto_trader | Price normalized by tick size | current=349000 tick=500 raw_buy=348000 buy=348000 raw_sell=350000 sell=350000
2026-06-01 12:34:26 | INFO | samsung_auto_trader | Skipping sell this cycle | holding_qty=3 sell_open=0 min_position=3
2026-06-01 12:34:26 | INFO | samsung_auto_trader | Buy order request: qty=1, price=348000
2026-06-01 12:34:26 | INFO | samsung_auto_trader | Token reuse: cached same-day token is valid.
2026-06-01 12:34:31 | INFO | samsung_auto_trader | Buy order accepted | order_no=00950 | order_time=123431 | qty=1 | price=348000
2026-06-01 12:34:31 | INFO | samsung_auto_trader | Waiting 5 seconds before post-buy balance check.
2026-06-01 12:34:36 | INFO | samsung_auto_trader | Token reuse: cached same-day token is valid.
2026-06-01 12:34:43 | INFO | samsung_auto_trader | Token reuse: cached same-day token is valid.
2026-06-01 12:34:49 | INFO | samsung_auto_trader | Token reuse: cached same-day token is valid.
2026-06-01 12:34:54 | INFO | samsung_auto_trader | Token reuse: cached same-day token is valid.
2026-06-01 12:34:58 | INFO | samsung_auto_trader | Token reuse: cached same-day token is valid.
2026-06-01 12:35:03 | INFO | samsung_auto_trader | Token reuse: cached same-day token is valid.
2026-06-01 12:35:09 | INFO | samsung_auto_trader | Holdings after buy | cash_available=1225950 | total_eval_amount=9556207 | samsung_holding={'symbol': '005930', 'qty': 3, 'sellable_qty': 3, 'avg_price': 0}
2026-06-01 12:35:09 | INFO | samsung_auto_trader | 
====================================================================
[STATUS] 2026-06-01 12:35:09 KST
holding | symbol=005930 qty=3 sellable_qty=3 avg_price=0
inventory_limits | initial=12 min=3 max=25 effective_position=23
open_orders | buy_open=20 sell_open=0 total_open=20
 - side=buy order_no=0000024777 time=123319 qty=1 filled=0 unfilled=1 price=347500 branch=
 - side=buy order_no=0000024690 time=123153 qty=1 filled=0 unfilled=1 price=347500 branch=
 - side=buy order_no=0000024603 time=123025 qty=1 filled=0 unfilled=1 price=347500 branch=
 - side=buy order_no=0000024504 time=122823 qty=1 filled=0 unfilled=1 price=347000 branch=
 - side=buy order_no=0000024418 time=122651 qty=1 filled=0 unfilled=1 price=347000 branch=
 - side=buy order_no=0000024344 time=122528 qty=1 filled=0 unfilled=1 price=347000 branch=
 - side=buy order_no=0000024249 time=122333 qty=1 filled=0 unfilled=1 price=346500 branch=
 - side=buy order_no=0000024193 time=122224 qty=1 filled=0 unfilled=1 price=346500 branch=
 - side=buy order_no=0000024109 time=122033 qty=1 filled=0 unfilled=1 price=346500 branch=
 - side=buy order_no=0000023865 time=121704 qty=1 filled=0 unfilled=1 price=346500 branch=
 - side=buy order_no=0000023797 time=121526 qty=1 filled=0 unfilled=1 price=346500 branch=
 - side=buy order_no=0000023629 time=121226 qty=1 filled=0 unfilled=1 price=346500 branch=
 - side=buy order_no=0000023481 time=120927 qty=1 filled=0 unfilled=1 price=346000 branch=
 - side=buy order_no=0000023265 time=120521 qty=1 filled=0 unfilled=1 price=346500 branch=
 - side=buy order_no=0000023150 time=120324 qty=1 filled=0 unfilled=1 price=345500 branch=
 - side=buy order_no=0000023033 time=120151 qty=1 filled=0 unfilled=1 price=345500 branch=
 - side=buy order_no=0000022846 time=115950 qty=1 filled=0 unfilled=1 price=345500 branch=
 - side=buy order_no=0000022722 time=115827 qty=1 filled=0 unfilled=1 price=345500 branch=
 - side=buy order_no=0000022549 time=115623 qty=1 filled=0 unfilled=1 price=345000 branch=
 - side=buy order_no=0000022440 time=115448 qty=1 filled=0 unfilled=1 price=343500 branch=
====================================================================
2026-06-01 12:35:09 | INFO | samsung_auto_trader | Execution check for buy: before_qty=3, after_qty=3, executed=False
2026-06-01 12:35:09 | INFO | samsung_auto_trader | Token reuse: cached same-day token is valid.
2026-06-01 12:35:15 | INFO | samsung_auto_trader | Token reuse: cached same-day token is valid.
2026-06-01 12:35:22 | INFO | samsung_auto_trader | Token reuse: cached same-day token is valid.
2026-06-01 12:35:27 | INFO | samsung_auto_trader | Token reuse: cached same-day token is valid.
2026-06-01 12:35:32 | INFO | samsung_auto_trader | Skipping sell this cycle | holding_qty=3 sell_open=0 min_position=3
2026-06-01 12:35:32 | INFO | samsung_auto_trader | Trade cycle finished.
2026-06-01 12:35:52 | INFO | samsung_auto_trader | Starting trade cycle.
2026-06-01 12:35:52 | INFO | samsung_auto_trader | Token reuse: cached same-day token is valid.
2026-06-01 12:35:55 | INFO | samsung_auto_trader | Current price: 348500 KRW | inferred_tick_size=500
2026-06-01 12:35:55 | INFO | samsung_auto_trader | Token reuse: cached same-day token is valid.
2026-06-01 12:36:00 | INFO | samsung_auto_trader | Token reuse: cached same-day token is valid.
2026-06-01 12:36:06 | INFO | samsung_auto_trader | Token reuse: cached same-day token is valid.
2026-06-01 12:36:10 | INFO | samsung_auto_trader | Token reuse: cached same-day token is valid.
2026-06-01 12:36:13 | INFO | samsung_auto_trader | Token reuse: cached same-day token is valid.
2026-06-01 12:36:15 | INFO | samsung_auto_trader | Token reuse: cached same-day token is valid.
2026-06-01 12:36:18 | INFO | samsung_auto_trader | Holdings before order | cash_available=1225950 | total_eval_amount=9556657 | samsung_holding={'symbol': '005930', 'qty': 4, 'sellable_qty': 4, 'avg_price': 0}
2026-06-01 12:36:18 | INFO | samsung_auto_trader | 
====================================================================
[STATUS] 2026-06-01 12:36:18 KST
holding | symbol=005930 qty=4 sellable_qty=4 avg_price=0
inventory_limits | initial=12 min=3 max=25 effective_position=24
open_orders | buy_open=20 sell_open=0 total_open=20
 - side=buy order_no=0000024777 time=123319 qty=1 filled=0 unfilled=1 price=347500 branch=
 - side=buy order_no=0000024690 time=123153 qty=1 filled=0 unfilled=1 price=347500 branch=
 - side=buy order_no=0000024603 time=123025 qty=1 filled=0 unfilled=1 price=347500 branch=
 - side=buy order_no=0000024504 time=122823 qty=1 filled=0 unfilled=1 price=347000 branch=
 - side=buy order_no=0000024418 time=122651 qty=1 filled=0 unfilled=1 price=347000 branch=
 - side=buy order_no=0000024344 time=122528 qty=1 filled=0 unfilled=1 price=347000 branch=
 - side=buy order_no=0000024249 time=122333 qty=1 filled=0 unfilled=1 price=346500 branch=
 - side=buy order_no=0000024193 time=122224 qty=1 filled=0 unfilled=1 price=346500 branch=
 - side=buy order_no=0000024109 time=122033 qty=1 filled=0 unfilled=1 price=346500 branch=
 - side=buy order_no=0000023865 time=121704 qty=1 filled=0 unfilled=1 price=346500 branch=
 - side=buy order_no=0000023797 time=121526 qty=1 filled=0 unfilled=1 price=346500 branch=
 - side=buy order_no=0000023629 time=121226 qty=1 filled=0 unfilled=1 price=346500 branch=
 - side=buy order_no=0000023481 time=120927 qty=1 filled=0 unfilled=1 price=346000 branch=
 - side=buy order_no=0000023265 time=120521 qty=1 filled=0 unfilled=1 price=346500 branch=
 - side=buy order_no=0000023150 time=120324 qty=1 filled=0 unfilled=1 price=345500 branch=
 - side=buy order_no=0000023033 time=120151 qty=1 filled=0 unfilled=1 price=345500 branch=
 - side=buy order_no=0000022846 time=115950 qty=1 filled=0 unfilled=1 price=345500 branch=
 - side=buy order_no=0000022722 time=115827 qty=1 filled=0 unfilled=1 price=345500 branch=
 - side=buy order_no=0000022549 time=115623 qty=1 filled=0 unfilled=1 price=345000 branch=
 - side=buy order_no=0000022440 time=115448 qty=1 filled=0 unfilled=1 price=343500 branch=
====================================================================
2026-06-01 12:36:18 | INFO | samsung_auto_trader | Price normalized by tick size | current=348500 tick=500 raw_buy=347500 buy=347500 raw_sell=349500 sell=349500
2026-06-01 12:36:18 | INFO | samsung_auto_trader | Buy order request: qty=1, price=347500
2026-06-01 12:36:18 | INFO | samsung_auto_trader | Token reuse: cached same-day token is valid.
2026-06-01 12:36:23 | INFO | samsung_auto_trader | Buy order accepted | order_no=00950 | order_time=123623 | qty=1 | price=347500
2026-06-01 12:36:23 | INFO | samsung_auto_trader | Waiting 5 seconds before post-buy balance check.
2026-06-01 12:36:28 | INFO | samsung_auto_trader | Token reuse: cached same-day token is valid.
2026-06-01 12:36:28 | WARNING | samsung_auto_trader | API request failed (GET /uapi/domestic-stock/v1/trading/inquire-balance, attempt 1/3): ('Connection aborted.', RemoteDisconnected('Remote end closed connection without response'))
2026-06-01 12:36:35 | INFO | samsung_auto_trader | Token reuse: cached same-day token is valid.
2026-06-01 12:36:40 | INFO | samsung_auto_trader | Token reuse: cached same-day token is valid.
2026-06-01 12:36:45 | INFO | samsung_auto_trader | Token reuse: cached same-day token is valid.
2026-06-01 12:36:51 | INFO | samsung_auto_trader | Token reuse: cached same-day token is valid.
2026-06-01 12:36:57 | INFO | samsung_auto_trader | Token reuse: cached same-day token is valid.
2026-06-01 12:37:04 | INFO | samsung_auto_trader | Holdings after buy | cash_available=880187 | total_eval_amount=9555657 | samsung_holding={'symbol': '005930', 'qty': 4, 'sellable_qty': 4, 'avg_price': 0}
2026-06-01 12:37:04 | INFO | samsung_auto_trader | 
====================================================================
[STATUS] 2026-06-01 12:37:04 KST
holding | symbol=005930 qty=4 sellable_qty=4 avg_price=0
inventory_limits | initial=12 min=3 max=25 effective_position=25
open_orders | buy_open=21 sell_open=0 total_open=21
 - side=buy order_no=0000024946 time=123623 qty=1 filled=0 unfilled=1 price=347500 branch=
 - side=buy order_no=0000024777 time=123319 qty=1 filled=0 unfilled=1 price=347500 branch=
 - side=buy order_no=0000024690 time=123153 qty=1 filled=0 unfilled=1 price=347500 branch=
 - side=buy order_no=0000024603 time=123025 qty=1 filled=0 unfilled=1 price=347500 branch=
 - side=buy order_no=0000024504 time=122823 qty=1 filled=0 unfilled=1 price=347000 branch=
 - side=buy order_no=0000024418 time=122651 qty=1 filled=0 unfilled=1 price=347000 branch=
 - side=buy order_no=0000024344 time=122528 qty=1 filled=0 unfilled=1 price=347000 branch=
 - side=buy order_no=0000024249 time=122333 qty=1 filled=0 unfilled=1 price=346500 branch=
 - side=buy order_no=0000024193 time=122224 qty=1 filled=0 unfilled=1 price=346500 branch=
 - side=buy order_no=0000024109 time=122033 qty=1 filled=0 unfilled=1 price=346500 branch=
 - side=buy order_no=0000023865 time=121704 qty=1 filled=0 unfilled=1 price=346500 branch=
 - side=buy order_no=0000023797 time=121526 qty=1 filled=0 unfilled=1 price=346500 branch=
 - side=buy order_no=0000023629 time=121226 qty=1 filled=0 unfilled=1 price=346500 branch=
 - side=buy order_no=0000023481 time=120927 qty=1 filled=0 unfilled=1 price=346000 branch=
 - side=buy order_no=0000023265 time=120521 qty=1 filled=0 unfilled=1 price=346500 branch=
 - side=buy order_no=0000023150 time=120324 qty=1 filled=0 unfilled=1 price=345500 branch=
 - side=buy order_no=0000023033 time=120151 qty=1 filled=0 unfilled=1 price=345500 branch=
 - side=buy order_no=0000022846 time=115950 qty=1 filled=0 unfilled=1 price=345500 branch=
 - side=buy order_no=0000022722 time=115827 qty=1 filled=0 unfilled=1 price=345500 branch=
 - side=buy order_no=0000022549 time=115623 qty=1 filled=0 unfilled=1 price=345000 branch=
 - side=buy order_no=0000022440 time=115448 qty=1 filled=0 unfilled=1 price=343500 branch=
====================================================================
2026-06-01 12:37:04 | INFO | samsung_auto_trader | Execution check for buy: before_qty=4, after_qty=4, executed=False
2026-06-01 12:37:04 | INFO | samsung_auto_trader | Token reuse: cached same-day token is valid.
2026-06-01 12:37:11 | INFO | samsung_auto_trader | Token reuse: cached same-day token is valid.
2026-06-01 12:37:17 | INFO | samsung_auto_trader | Token reuse: cached same-day token is valid.
2026-06-01 12:37:23 | INFO | samsung_auto_trader | Token reuse: cached same-day token is valid.
2026-06-01 12:37:28 | INFO | samsung_auto_trader | Sell order request: qty=1, price=349500 | sellable_qty=4 min_position=3
2026-06-01 12:37:28 | INFO | samsung_auto_trader | Token reuse: cached same-day token is valid.
2026-06-01 12:37:29 | INFO | samsung_auto_trader | Sell order accepted | order_no=00950 | order_time=123729 | qty=1 | price=349500
2026-06-01 12:37:29 | INFO | samsung_auto_trader | Waiting 5 seconds before post-sell balance check.
2026-06-01 12:37:34 | INFO | samsung_auto_trader | Token reuse: cached same-day token is valid.
2026-06-01 12:37:39 | INFO | samsung_auto_trader | Token reuse: cached same-day token is valid.
2026-06-01 12:37:43 | INFO | samsung_auto_trader | Token reuse: cached same-day token is valid.
2026-06-01 12:37:47 | INFO | samsung_auto_trader | Token reuse: cached same-day token is valid.
2026-06-01 12:37:51 | INFO | samsung_auto_trader | Token reuse: cached same-day token is valid.
2026-06-01 12:37:55 | INFO | samsung_auto_trader | Token reuse: cached same-day token is valid.
2026-06-01 12:37:58 | INFO | samsung_auto_trader | Holdings after sell | cash_available=880187 | total_eval_amount=9556657 | samsung_holding={'symbol': '005930', 'qty': 4, 'sellable_qty': 3, 'avg_price': 0}
2026-06-01 12:37:58 | INFO | samsung_auto_trader | 
====================================================================
[STATUS] 2026-06-01 12:37:58 KST
holding | symbol=005930 qty=4 sellable_qty=3 avg_price=0
inventory_limits | initial=12 min=3 max=25 effective_position=24
open_orders | buy_open=21 sell_open=1 total_open=22
 - side=sell order_no=0000025003 time=123729 qty=1 filled=0 unfilled=1 price=349500 branch=
 - side=buy order_no=0000024946 time=123623 qty=1 filled=0 unfilled=1 price=347500 branch=
 - side=buy order_no=0000024777 time=123319 qty=1 filled=0 unfilled=1 price=347500 branch=
 - side=buy order_no=0000024690 time=123153 qty=1 filled=0 unfilled=1 price=347500 branch=
 - side=buy order_no=0000024603 time=123025 qty=1 filled=0 unfilled=1 price=347500 branch=
 - side=buy order_no=0000024504 time=122823 qty=1 filled=0 unfilled=1 price=347000 branch=
 - side=buy order_no=0000024418 time=122651 qty=1 filled=0 unfilled=1 price=347000 branch=
 - side=buy order_no=0000024344 time=122528 qty=1 filled=0 unfilled=1 price=347000 branch=
 - side=buy order_no=0000024249 time=122333 qty=1 filled=0 unfilled=1 price=346500 branch=
 - side=buy order_no=0000024193 time=122224 qty=1 filled=0 unfilled=1 price=346500 branch=
 - side=buy order_no=0000024109 time=122033 qty=1 filled=0 unfilled=1 price=346500 branch=
 - side=buy order_no=0000023865 time=121704 qty=1 filled=0 unfilled=1 price=346500 branch=
 - side=buy order_no=0000023797 time=121526 qty=1 filled=0 unfilled=1 price=346500 branch=
 - side=buy order_no=0000023629 time=121226 qty=1 filled=0 unfilled=1 price=346500 branch=
 - side=buy order_no=0000023481 time=120927 qty=1 filled=0 unfilled=1 price=346000 branch=
 - side=buy order_no=0000023265 time=120521 qty=1 filled=0 unfilled=1 price=346500 branch=
 - side=buy order_no=0000023150 time=120324 qty=1 filled=0 unfilled=1 price=345500 branch=
 - side=buy order_no=0000023033 time=120151 qty=1 filled=0 unfilled=1 price=345500 branch=
 - side=buy order_no=0000022846 time=115950 qty=1 filled=0 unfilled=1 price=345500 branch=
 - side=buy order_no=0000022722 time=115827 qty=1 filled=0 unfilled=1 price=345500 branch=
 - side=buy order_no=0000022549 time=115623 qty=1 filled=0 unfilled=1 price=345000 branch=
 - side=buy order_no=0000022440 time=115448 qty=1 filled=0 unfilled=1 price=343500 branch=
====================================================================
2026-06-01 12:37:58 | INFO | samsung_auto_trader | Execution check for sell: before_qty=4, after_qty=4, executed=False
2026-06-01 12:37:58 | INFO | samsung_auto_trader | Trade cycle finished.
2026-06-01 12:38:18 | INFO | samsung_auto_trader | Starting trade cycle.
2026-06-01 12:38:18 | INFO | samsung_auto_trader | Token reuse: cached same-day token is valid.
2026-06-01 12:38:19 | INFO | samsung_auto_trader | Current price: 348750 KRW | inferred_tick_size=500
2026-06-01 12:38:19 | INFO | samsung_auto_trader | Token reuse: cached same-day token is valid.
2026-06-01 12:38:19 | WARNING | samsung_auto_trader | API request failed (GET /uapi/domestic-stock/v1/trading/inquire-balance, attempt 1/3): Retryable HTTP 500: {"rt_cd":"1","msg1":"초당 거래건수를 초과하였습니다.","msg_cd":"EGW00201","message":"EGW00201"}
2026-06-01 12:38:25 | INFO | samsung_auto_trader | Token reuse: cached same-day token is valid.
2026-06-01 12:38:29 | INFO | samsung_auto_trader | Token reuse: cached same-day token is valid.
2026-06-01 12:38:33 | INFO | samsung_auto_trader | Token reuse: cached same-day token is valid.
2026-06-01 12:38:37 | INFO | samsung_auto_trader | Token reuse: cached same-day token is valid.
2026-06-01 12:38:40 | INFO | samsung_auto_trader | Token reuse: cached same-day token is valid.
2026-06-01 12:38:44 | INFO | samsung_auto_trader | Holdings before order | cash_available=880187 | total_eval_amount=9558657 | samsung_holding={'symbol': '005930', 'qty': 4, 'sellable_qty': 3, 'avg_price': 0}
2026-06-01 12:38:44 | INFO | samsung_auto_trader | 
====================================================================
[STATUS] 2026-06-01 12:38:44 KST
holding | symbol=005930 qty=4 sellable_qty=3 avg_price=0
inventory_limits | initial=12 min=3 max=25 effective_position=24
open_orders | buy_open=21 sell_open=1 total_open=22
 - side=sell order_no=0000025003 time=123729 qty=1 filled=0 unfilled=1 price=349500 branch=
 - side=buy order_no=0000024946 time=123623 qty=1 filled=0 unfilled=1 price=347500 branch=
 - side=buy order_no=0000024777 time=123319 qty=1 filled=0 unfilled=1 price=347500 branch=
 - side=buy order_no=0000024690 time=123153 qty=1 filled=0 unfilled=1 price=347500 branch=
 - side=buy order_no=0000024603 time=123025 qty=1 filled=0 unfilled=1 price=347500 branch=
 - side=buy order_no=0000024504 time=122823 qty=1 filled=0 unfilled=1 price=347000 branch=
 - side=buy order_no=0000024418 time=122651 qty=1 filled=0 unfilled=1 price=347000 branch=
 - side=buy order_no=0000024344 time=122528 qty=1 filled=0 unfilled=1 price=347000 branch=
 - side=buy order_no=0000024249 time=122333 qty=1 filled=0 unfilled=1 price=346500 branch=
 - side=buy order_no=0000024193 time=122224 qty=1 filled=0 unfilled=1 price=346500 branch=
 - side=buy order_no=0000024109 time=122033 qty=1 filled=0 unfilled=1 price=346500 branch=
 - side=buy order_no=0000023865 time=121704 qty=1 filled=0 unfilled=1 price=346500 branch=
 - side=buy order_no=0000023797 time=121526 qty=1 filled=0 unfilled=1 price=346500 branch=
 - side=buy order_no=0000023629 time=121226 qty=1 filled=0 unfilled=1 price=346500 branch=
 - side=buy order_no=0000023481 time=120927 qty=1 filled=0 unfilled=1 price=346000 branch=
 - side=buy order_no=0000023265 time=120521 qty=1 filled=0 unfilled=1 price=346500 branch=
 - side=buy order_no=0000023150 time=120324 qty=1 filled=0 unfilled=1 price=345500 branch=
 - side=buy order_no=0000023033 time=120151 qty=1 filled=0 unfilled=1 price=345500 branch=
 - side=buy order_no=0000022846 time=115950 qty=1 filled=0 unfilled=1 price=345500 branch=
 - side=buy order_no=0000022722 time=115827 qty=1 filled=0 unfilled=1 price=345500 branch=
 - side=buy order_no=0000022549 time=115623 qty=1 filled=0 unfilled=1 price=345000 branch=
 - side=buy order_no=0000022440 time=115448 qty=1 filled=0 unfilled=1 price=343500 branch=
====================================================================
2026-06-01 12:38:44 | INFO | samsung_auto_trader | Price normalized by tick size | current=348750 tick=500 raw_buy=347750 buy=347500 raw_sell=349750 sell=350000
2026-06-01 12:38:44 | INFO | samsung_auto_trader | Skipping buy this cycle | holding_qty=4 buy_open=21 max_position=25
2026-06-01 12:38:44 | INFO | samsung_auto_trader | Skipping sell this cycle | holding_qty=4 sell_open=1 min_position=3
2026-06-01 12:38:44 | INFO | samsung_auto_trader | Buy order skipped: max position reached, open buy exposure already counted, or available cash was not enough | holding_qty=4 effective_position=24 cash_available=880187 max_position=25
2026-06-01 12:38:44 | INFO | samsung_auto_trader | Token reuse: cached same-day token is valid.
2026-06-01 12:38:46 | INFO | samsung_auto_trader | Token reuse: cached same-day token is valid.
2026-06-01 12:38:49 | INFO | samsung_auto_trader | Token reuse: cached same-day token is valid.
2026-06-01 12:38:51 | INFO | samsung_auto_trader | Token reuse: cached same-day token is valid.
2026-06-01 12:38:54 | INFO | samsung_auto_trader | Skipping sell this cycle | holding_qty=4 sell_open=1 min_position=3
2026-06-01 12:38:54 | INFO | samsung_auto_trader | Trade cycle finished.
2026-06-01 12:39:14 | INFO | samsung_auto_trader | Starting trade cycle.
2026-06-01 12:39:14 | INFO | samsung_auto_trader | Token reuse: cached same-day token is valid.
2026-06-01 12:39:16 | INFO | samsung_auto_trader | Current price: 348500 KRW | inferred_tick_size=500
2026-06-01 12:39:16 | INFO | samsung_auto_trader | Token reuse: cached same-day token is valid.
2026-06-01 12:39:21 | INFO | samsung_auto_trader | Token reuse: cached same-day token is valid.
2026-06-01 12:39:26 | INFO | samsung_auto_trader | Token reuse: cached same-day token is valid.
2026-06-01 12:39:27 | INFO | samsung_auto_trader | Token reuse: cached same-day token is valid.
2026-06-01 12:39:28 | INFO | samsung_auto_trader | Token reuse: cached same-day token is valid.
2026-06-01 12:39:29 | INFO | samsung_auto_trader | Token reuse: cached same-day token is valid.
2026-06-01 12:39:30 | INFO | samsung_auto_trader | Holdings before order | cash_available=880187 | total_eval_amount=9556657 | samsung_holding={'symbol': '005930', 'qty': 4, 'sellable_qty': 3, 'avg_price': 0}
2026-06-01 12:39:30 | INFO | samsung_auto_trader | 
====================================================================
[STATUS] 2026-06-01 12:39:30 KST
holding | symbol=005930 qty=4 sellable_qty=3 avg_price=0
inventory_limits | initial=12 min=3 max=25 effective_position=24
open_orders | buy_open=21 sell_open=1 total_open=22
 - side=sell order_no=0000025003 time=123729 qty=1 filled=0 unfilled=1 price=349500 branch=
 - side=buy order_no=0000024946 time=123623 qty=1 filled=0 unfilled=1 price=347500 branch=
 - side=buy order_no=0000024777 time=123319 qty=1 filled=0 unfilled=1 price=347500 branch=
 - side=buy order_no=0000024690 time=123153 qty=1 filled=0 unfilled=1 price=347500 branch=
 - side=buy order_no=0000024603 time=123025 qty=1 filled=0 unfilled=1 price=347500 branch=
 - side=buy order_no=0000024504 time=122823 qty=1 filled=0 unfilled=1 price=347000 branch=
 - side=buy order_no=0000024418 time=122651 qty=1 filled=0 unfilled=1 price=347000 branch=
 - side=buy order_no=0000024344 time=122528 qty=1 filled=0 unfilled=1 price=347000 branch=
 - side=buy order_no=0000024249 time=122333 qty=1 filled=0 unfilled=1 price=346500 branch=
 - side=buy order_no=0000024193 time=122224 qty=1 filled=0 unfilled=1 price=346500 branch=
 - side=buy order_no=0000024109 time=122033 qty=1 filled=0 unfilled=1 price=346500 branch=
 - side=buy order_no=0000023865 time=121704 qty=1 filled=0 unfilled=1 price=346500 branch=
 - side=buy order_no=0000023797 time=121526 qty=1 filled=0 unfilled=1 price=346500 branch=
 - side=buy order_no=0000023629 time=121226 qty=1 filled=0 unfilled=1 price=346500 branch=
 - side=buy order_no=0000023481 time=120927 qty=1 filled=0 unfilled=1 price=346000 branch=
 - side=buy order_no=0000023265 time=120521 qty=1 filled=0 unfilled=1 price=346500 branch=
 - side=buy order_no=0000023150 time=120324 qty=1 filled=0 unfilled=1 price=345500 branch=
 - side=buy order_no=0000023033 time=120151 qty=1 filled=0 unfilled=1 price=345500 branch=
 - side=buy order_no=0000022846 time=115950 qty=1 filled=0 unfilled=1 price=345500 branch=
 - side=buy order_no=0000022722 time=115827 qty=1 filled=0 unfilled=1 price=345500 branch=
 - side=buy order_no=0000022549 time=115623 qty=1 filled=0 unfilled=1 price=345000 branch=
 - side=buy order_no=0000022440 time=115448 qty=1 filled=0 unfilled=1 price=343500 branch=
====================================================================
2026-06-01 12:39:30 | INFO | samsung_auto_trader | Price normalized by tick size | current=348500 tick=500 raw_buy=347500 buy=347500 raw_sell=349500 sell=349500
2026-06-01 12:39:30 | INFO | samsung_auto_trader | Skipping buy this cycle | holding_qty=4 buy_open=21 max_position=25
2026-06-01 12:39:30 | INFO | samsung_auto_trader | Skipping sell this cycle | holding_qty=4 sell_open=1 min_position=3
2026-06-01 12:39:30 | INFO | samsung_auto_trader | Buy order skipped: max position reached, open buy exposure already counted, or available cash was not enough | holding_qty=4 effective_position=24 cash_available=880187 max_position=25
2026-06-01 12:39:30 | INFO | samsung_auto_trader | Token reuse: cached same-day token is valid.
2026-06-01 12:39:31 | INFO | samsung_auto_trader | Token reuse: cached same-day token is valid.
2026-06-01 12:39:32 | INFO | samsung_auto_trader | Token reuse: cached same-day token is valid.
2026-06-01 12:39:33 | INFO | samsung_auto_trader | Token reuse: cached same-day token is valid.
2026-06-01 12:39:34 | INFO | samsung_auto_trader | Skipping sell this cycle | holding_qty=4 sell_open=1 min_position=3
2026-06-01 12:39:34 | INFO | samsung_auto_trader | Trade cycle finished.
2026-06-01 12:39:54 | INFO | samsung_auto_trader | Starting trade cycle.
2026-06-01 12:39:54 | INFO | samsung_auto_trader | Token reuse: cached same-day token is valid.
2026-06-01 12:39:56 | INFO | samsung_auto_trader | Current price: 348500 KRW | inferred_tick_size=500
2026-06-01 12:39:56 | INFO | samsung_auto_trader | Token reuse: cached same-day token is valid.
2026-06-01 12:40:01 | INFO | samsung_auto_trader | Token reuse: cached same-day token is valid.
2026-06-01 12:40:07 | INFO | samsung_auto_trader | Token reuse: cached same-day token is valid.
2026-06-01 12:40:12 | INFO | samsung_auto_trader | Token reuse: cached same-day token is valid.
2026-06-01 12:40:17 | INFO | samsung_auto_trader | Token reuse: cached same-day token is valid.
2026-06-01 12:40:21 | INFO | samsung_auto_trader | Token reuse: cached same-day token is valid.
2026-06-01 12:40:24 | INFO | samsung_auto_trader | Holdings before order | cash_available=880187 | total_eval_amount=9556657 | samsung_holding={'symbol': '005930', 'qty': 4, 'sellable_qty': 3, 'avg_price': 0}
2026-06-01 12:40:24 | INFO | samsung_auto_trader | 
====================================================================
[STATUS] 2026-06-01 12:40:24 KST
holding | symbol=005930 qty=4 sellable_qty=3 avg_price=0
inventory_limits | initial=12 min=3 max=25 effective_position=24
open_orders | buy_open=21 sell_open=1 total_open=22
 - side=sell order_no=0000025003 time=123729 qty=1 filled=0 unfilled=1 price=349500 branch=
 - side=buy order_no=0000024946 time=123623 qty=1 filled=0 unfilled=1 price=347500 branch=
 - side=buy order_no=0000024777 time=123319 qty=1 filled=0 unfilled=1 price=347500 branch=
 - side=buy order_no=0000024690 time=123153 qty=1 filled=0 unfilled=1 price=347500 branch=
 - side=buy order_no=0000024603 time=123025 qty=1 filled=0 unfilled=1 price=347500 branch=
 - side=buy order_no=0000024504 time=122823 qty=1 filled=0 unfilled=1 price=347000 branch=
 - side=buy order_no=0000024418 time=122651 qty=1 filled=0 unfilled=1 price=347000 branch=
 - side=buy order_no=0000024344 time=122528 qty=1 filled=0 unfilled=1 price=347000 branch=
 - side=buy order_no=0000024249 time=122333 qty=1 filled=0 unfilled=1 price=346500 branch=
 - side=buy order_no=0000024193 time=122224 qty=1 filled=0 unfilled=1 price=346500 branch=
 - side=buy order_no=0000024109 time=122033 qty=1 filled=0 unfilled=1 price=346500 branch=
 - side=buy order_no=0000023865 time=121704 qty=1 filled=0 unfilled=1 price=346500 branch=
 - side=buy order_no=0000023797 time=121526 qty=1 filled=0 unfilled=1 price=346500 branch=
 - side=buy order_no=0000023629 time=121226 qty=1 filled=0 unfilled=1 price=346500 branch=
 - side=buy order_no=0000023481 time=120927 qty=1 filled=0 unfilled=1 price=346000 branch=
 - side=buy order_no=0000023265 time=120521 qty=1 filled=0 unfilled=1 price=346500 branch=
 - side=buy order_no=0000023150 time=120324 qty=1 filled=0 unfilled=1 price=345500 branch=
 - side=buy order_no=0000023033 time=120151 qty=1 filled=0 unfilled=1 price=345500 branch=
 - side=buy order_no=0000022846 time=115950 qty=1 filled=0 unfilled=1 price=345500 branch=
 - side=buy order_no=0000022722 time=115827 qty=1 filled=0 unfilled=1 price=345500 branch=
 - side=buy order_no=0000022549 time=115623 qty=1 filled=0 unfilled=1 price=345000 branch=
 - side=buy order_no=0000022440 time=115448 qty=1 filled=0 unfilled=1 price=343500 branch=
====================================================================
2026-06-01 12:40:24 | INFO | samsung_auto_trader | Price normalized by tick size | current=348500 tick=500 raw_buy=347500 buy=347500 raw_sell=349500 sell=349500
2026-06-01 12:40:24 | INFO | samsung_auto_trader | Skipping buy this cycle | holding_qty=4 buy_open=21 max_position=25
2026-06-01 12:40:24 | INFO | samsung_auto_trader | Skipping sell this cycle | holding_qty=4 sell_open=1 min_position=3
2026-06-01 12:40:24 | INFO | samsung_auto_trader | Buy order skipped: max position reached, open buy exposure already counted, or available cash was not enough | holding_qty=4 effective_position=24 cash_available=880187 max_position=25
2026-06-01 12:40:24 | INFO | samsung_auto_trader | Token reuse: cached same-day token is valid.
2026-06-01 12:40:27 | INFO | samsung_auto_trader | Token reuse: cached same-day token is valid.
2026-06-01 12:40:30 | INFO | samsung_auto_trader | Token reuse: cached same-day token is valid.
2026-06-01 12:40:33 | INFO | samsung_auto_trader | Token reuse: cached same-day token is valid.
2026-06-01 12:40:36 | INFO | samsung_auto_trader | Skipping sell this cycle | holding_qty=4 sell_open=1 min_position=3
2026-06-01 12:40:36 | INFO | samsung_auto_trader | Trade cycle finished.
2026-06-01 12:40:56 | INFO | samsung_auto_trader | Starting trade cycle.
2026-06-01 12:40:56 | INFO | samsung_auto_trader | Token reuse: cached same-day token is valid.
2026-06-01 12:40:56 | INFO | samsung_auto_trader | Current price: 347250 KRW | inferred_tick_size=500
2026-06-01 12:40:57 | INFO | samsung_auto_trader | Token reuse: cached same-day token is valid.
2026-06-01 12:41:01 | INFO | samsung_auto_trader | Token reuse: cached same-day token is valid.
2026-06-01 12:41:06 | INFO | samsung_auto_trader | Token reuse: cached same-day token is valid.
2026-06-01 12:41:11 | INFO | samsung_auto_trader | Token reuse: cached same-day token is valid.
2026-06-01 12:41:17 | INFO | samsung_auto_trader | Token reuse: cached same-day token is valid.
2026-06-01 12:41:23 | INFO | samsung_auto_trader | Token reuse: cached same-day token is valid.
2026-06-01 12:41:29 | INFO | samsung_auto_trader | Holdings before order | cash_available=880187 | total_eval_amount=9553807 | samsung_holding={'symbol': '005930', 'qty': 11, 'sellable_qty': 10, 'avg_price': 0}
2026-06-01 12:41:29 | INFO | samsung_auto_trader | 
====================================================================
[STATUS] 2026-06-01 12:41:29 KST
holding | symbol=005930 qty=11 sellable_qty=10 avg_price=0
inventory_limits | initial=12 min=3 max=25 effective_position=24
open_orders | buy_open=14 sell_open=1 total_open=15
 - side=sell order_no=0000025003 time=123729 qty=1 filled=0 unfilled=1 price=349500 branch=
 - side=buy order_no=0000024249 time=122333 qty=1 filled=0 unfilled=1 price=346500 branch=
 - side=buy order_no=0000024193 time=122224 qty=1 filled=0 unfilled=1 price=346500 branch=
 - side=buy order_no=0000024109 time=122033 qty=1 filled=0 unfilled=1 price=346500 branch=
 - side=buy order_no=0000023865 time=121704 qty=1 filled=0 unfilled=1 price=346500 branch=
 - side=buy order_no=0000023797 time=121526 qty=1 filled=0 unfilled=1 price=346500 branch=
 - side=buy order_no=0000023629 time=121226 qty=1 filled=0 unfilled=1 price=346500 branch=
 - side=buy order_no=0000023481 time=120927 qty=1 filled=0 unfilled=1 price=346000 branch=
 - side=buy order_no=0000023265 time=120521 qty=1 filled=0 unfilled=1 price=346500 branch=
 - side=buy order_no=0000023150 time=120324 qty=1 filled=0 unfilled=1 price=345500 branch=
 - side=buy order_no=0000023033 time=120151 qty=1 filled=0 unfilled=1 price=345500 branch=
 - side=buy order_no=0000022846 time=115950 qty=1 filled=0 unfilled=1 price=345500 branch=
 - side=buy order_no=0000022722 time=115827 qty=1 filled=0 unfilled=1 price=345500 branch=
 - side=buy order_no=0000022549 time=115623 qty=1 filled=0 unfilled=1 price=345000 branch=
 - side=buy order_no=0000022440 time=115448 qty=1 filled=0 unfilled=1 price=343500 branch=
====================================================================
2026-06-01 12:41:29 | INFO | samsung_auto_trader | Price normalized by tick size | current=347250 tick=500 raw_buy=346250 buy=346000 raw_sell=348250 sell=348500
2026-06-01 12:41:29 | INFO | samsung_auto_trader | Skipping buy this cycle | holding_qty=11 buy_open=14 max_position=25
2026-06-01 12:41:29 | INFO | samsung_auto_trader | Buy order skipped: max position reached, open buy exposure already counted, or available cash was not enough | holding_qty=11 effective_position=24 cash_available=880187 max_position=25
2026-06-01 12:41:29 | INFO | samsung_auto_trader | Token reuse: cached same-day token is valid.
2026-06-01 12:41:29 | WARNING | samsung_auto_trader | API request failed (GET /uapi/domestic-stock/v1/trading/inquire-daily-ccld, attempt 1/3): ('Connection aborted.', RemoteDisconnected('Remote end closed connection without response'))
2026-06-01 12:41:36 | INFO | samsung_auto_trader | Token reuse: cached same-day token is valid.
2026-06-01 12:41:43 | INFO | samsung_auto_trader | Token reuse: cached same-day token is valid.
2026-06-01 12:41:51 | INFO | samsung_auto_trader | Token reuse: cached same-day token is valid.
2026-06-01 12:41:57 | INFO | samsung_auto_trader | Sell order request: qty=1, price=348500 | sellable_qty=10 min_position=3
2026-06-01 12:41:57 | INFO | samsung_auto_trader | Token reuse: cached same-day token is valid.
2026-06-01 12:41:59 | INFO | samsung_auto_trader | Sell order accepted | order_no=00950 | order_time=124159 | qty=1 | price=348500
2026-06-01 12:41:59 | INFO | samsung_auto_trader | Waiting 5 seconds before post-sell balance check.
2026-06-01 12:42:04 | INFO | samsung_auto_trader | Token reuse: cached same-day token is valid.
2026-06-01 12:42:04 | WARNING | samsung_auto_trader | API request failed (GET /uapi/domestic-stock/v1/trading/inquire-balance, attempt 1/3): ('Connection aborted.', RemoteDisconnected('Remote end closed connection without response'))
2026-06-01 12:42:10 | INFO | samsung_auto_trader | Token reuse: cached same-day token is valid.
2026-06-01 12:42:15 | INFO | samsung_auto_trader | Token reuse: cached same-day token is valid.
2026-06-01 12:42:16 | INFO | samsung_auto_trader | Token reuse: cached same-day token is valid.
2026-06-01 12:42:17 | INFO | samsung_auto_trader | Token reuse: cached same-day token is valid.
2026-06-01 12:42:18 | INFO | samsung_auto_trader | Token reuse: cached same-day token is valid.
2026-06-01 12:42:18 | INFO | samsung_auto_trader | Holdings after sell | cash_available=880187 | total_eval_amount=9556557 | samsung_holding={'symbol': '005930', 'qty': 11, 'sellable_qty': 9, 'avg_price': 0}
2026-06-01 12:42:18 | INFO | samsung_auto_trader | 
====================================================================
[STATUS] 2026-06-01 12:42:18 KST
holding | symbol=005930 qty=11 sellable_qty=9 avg_price=0
inventory_limits | initial=12 min=3 max=25 effective_position=23
open_orders | buy_open=14 sell_open=2 total_open=16
 - side=sell order_no=0000025328 time=124159 qty=1 filled=0 unfilled=1 price=348500 branch=
 - side=sell order_no=0000025003 time=123729 qty=1 filled=0 unfilled=1 price=349500 branch=
 - side=buy order_no=0000024249 time=122333 qty=1 filled=0 unfilled=1 price=346500 branch=
 - side=buy order_no=0000024193 time=122224 qty=1 filled=0 unfilled=1 price=346500 branch=
 - side=buy order_no=0000024109 time=122033 qty=1 filled=0 unfilled=1 price=346500 branch=
 - side=buy order_no=0000023865 time=121704 qty=1 filled=0 unfilled=1 price=346500 branch=
 - side=buy order_no=0000023797 time=121526 qty=1 filled=0 unfilled=1 price=346500 branch=
 - side=buy order_no=0000023629 time=121226 qty=1 filled=0 unfilled=1 price=346500 branch=
 - side=buy order_no=0000023481 time=120927 qty=1 filled=0 unfilled=1 price=346000 branch=
 - side=buy order_no=0000023265 time=120521 qty=1 filled=0 unfilled=1 price=346500 branch=
 - side=buy order_no=0000023150 time=120324 qty=1 filled=0 unfilled=1 price=345500 branch=
 - side=buy order_no=0000023033 time=120151 qty=1 filled=0 unfilled=1 price=345500 branch=
 - side=buy order_no=0000022846 time=115950 qty=1 filled=0 unfilled=1 price=345500 branch=
 - side=buy order_no=0000022722 time=115827 qty=1 filled=0 unfilled=1 price=345500 branch=
 - side=buy order_no=0000022549 time=115623 qty=1 filled=0 unfilled=1 price=345000 branch=
 - side=buy order_no=0000022440 time=115448 qty=1 filled=0 unfilled=1 price=343500 branch=
====================================================================
2026-06-01 12:42:18 | INFO | samsung_auto_trader | Execution check for sell: before_qty=11, after_qty=11, executed=False
2026-06-01 12:42:18 | INFO | samsung_auto_trader | Trade cycle finished.
2026-06-01 12:42:38 | INFO | samsung_auto_trader | Starting trade cycle.
2026-06-01 12:42:38 | INFO | samsung_auto_trader | Token reuse: cached same-day token is valid.
2026-06-01 12:42:38 | INFO | samsung_auto_trader | Current price: 347500 KRW | inferred_tick_size=500
2026-06-01 12:42:39 | INFO | samsung_auto_trader | Token reuse: cached same-day token is valid.
2026-06-01 12:42:41 | INFO | samsung_auto_trader | Token reuse: cached same-day token is valid.
2026-06-01 12:42:43 | INFO | samsung_auto_trader | Token reuse: cached same-day token is valid.
2026-06-01 12:42:44 | INFO | samsung_auto_trader | Token reuse: cached same-day token is valid.
2026-06-01 12:42:45 | INFO | samsung_auto_trader | Token reuse: cached same-day token is valid.
2026-06-01 12:42:46 | INFO | samsung_auto_trader | Token reuse: cached same-day token is valid.
2026-06-01 12:42:46 | INFO | samsung_auto_trader | Holdings before order | cash_available=880187 | total_eval_amount=9559307 | samsung_holding={'symbol': '005930', 'qty': 11, 'sellable_qty': 9, 'avg_price': 0}
2026-06-01 12:42:46 | INFO | samsung_auto_trader | 
====================================================================
[STATUS] 2026-06-01 12:42:46 KST
holding | symbol=005930 qty=11 sellable_qty=9 avg_price=0
inventory_limits | initial=12 min=3 max=25 effective_position=23
open_orders | buy_open=14 sell_open=2 total_open=16
 - side=sell order_no=0000025328 time=124159 qty=1 filled=0 unfilled=1 price=348500 branch=
 - side=sell order_no=0000025003 time=123729 qty=1 filled=0 unfilled=1 price=349500 branch=
 - side=buy order_no=0000024249 time=122333 qty=1 filled=0 unfilled=1 price=346500 branch=
 - side=buy order_no=0000024193 time=122224 qty=1 filled=0 unfilled=1 price=346500 branch=
 - side=buy order_no=0000024109 time=122033 qty=1 filled=0 unfilled=1 price=346500 branch=
 - side=buy order_no=0000023865 time=121704 qty=1 filled=0 unfilled=1 price=346500 branch=
 - side=buy order_no=0000023797 time=121526 qty=1 filled=0 unfilled=1 price=346500 branch=
 - side=buy order_no=0000023629 time=121226 qty=1 filled=0 unfilled=1 price=346500 branch=
 - side=buy order_no=0000023481 time=120927 qty=1 filled=0 unfilled=1 price=346000 branch=
 - side=buy order_no=0000023265 time=120521 qty=1 filled=0 unfilled=1 price=346500 branch=
 - side=buy order_no=0000023150 time=120324 qty=1 filled=0 unfilled=1 price=345500 branch=
 - side=buy order_no=0000023033 time=120151 qty=1 filled=0 unfilled=1 price=345500 branch=
 - side=buy order_no=0000022846 time=115950 qty=1 filled=0 unfilled=1 price=345500 branch=
 - side=buy order_no=0000022722 time=115827 qty=1 filled=0 unfilled=1 price=345500 branch=
 - side=buy order_no=0000022549 time=115623 qty=1 filled=0 unfilled=1 price=345000 branch=
 - side=buy order_no=0000022440 time=115448 qty=1 filled=0 unfilled=1 price=343500 branch=
====================================================================
2026-06-01 12:42:46 | INFO | samsung_auto_trader | Price normalized by tick size | current=347500 tick=500 raw_buy=346500 buy=346500 raw_sell=348500 sell=348500
2026-06-01 12:42:46 | INFO | samsung_auto_trader | Skipping buy this cycle | holding_qty=11 buy_open=14 max_position=25
2026-06-01 12:42:46 | INFO | samsung_auto_trader | Buy order skipped: max position reached, open buy exposure already counted, or available cash was not enough | holding_qty=11 effective_position=23 cash_available=880187 max_position=25
2026-06-01 12:42:47 | INFO | samsung_auto_trader | Token reuse: cached same-day token is valid.
2026-06-01 12:42:48 | INFO | samsung_auto_trader | Token reuse: cached same-day token is valid.
2026-06-01 12:42:49 | INFO | samsung_auto_trader | Token reuse: cached same-day token is valid.
2026-06-01 12:42:50 | INFO | samsung_auto_trader | Token reuse: cached same-day token is valid.
2026-06-01 12:42:50 | INFO | samsung_auto_trader | Sell order request: qty=1, price=348500 | sellable_qty=9 min_position=3
2026-06-01 12:42:51 | INFO | samsung_auto_trader | Token reuse: cached same-day token is valid.
2026-06-01 12:42:53 | INFO | samsung_auto_trader | Sell order accepted | order_no=00950 | order_time=124253 | qty=1 | price=348500
2026-06-01 12:42:53 | INFO | samsung_auto_trader | Waiting 5 seconds before post-sell balance check.
2026-06-01 12:42:58 | INFO | samsung_auto_trader | Token reuse: cached same-day token is valid.
2026-06-01 12:42:58 | WARNING | samsung_auto_trader | API request failed (GET /uapi/domestic-stock/v1/trading/inquire-balance, attempt 1/3): ('Connection aborted.', RemoteDisconnected('Remote end closed connection without response'))
2026-06-01 12:43:04 | INFO | samsung_auto_trader | Token reuse: cached same-day token is valid.
2026-06-01 12:43:09 | INFO | samsung_auto_trader | Token reuse: cached same-day token is valid.
2026-06-01 12:43:10 | INFO | samsung_auto_trader | Token reuse: cached same-day token is valid.
2026-06-01 12:43:11 | INFO | samsung_auto_trader | Token reuse: cached same-day token is valid.
2026-06-01 12:43:12 | INFO | samsung_auto_trader | Token reuse: cached same-day token is valid.
2026-06-01 12:43:13 | INFO | samsung_auto_trader | Holdings after sell | cash_available=880187 | total_eval_amount=9559307 | samsung_holding={'symbol': '005930', 'qty': 11, 'sellable_qty': 8, 'avg_price': 0}
2026-06-01 12:43:13 | INFO | samsung_auto_trader | 
====================================================================
[STATUS] 2026-06-01 12:43:13 KST
holding | symbol=005930 qty=11 sellable_qty=8 avg_price=0
inventory_limits | initial=12 min=3 max=25 effective_position=22
open_orders | buy_open=14 sell_open=3 total_open=17
 - side=sell order_no=0000025379 time=124253 qty=1 filled=0 unfilled=1 price=348500 branch=
 - side=sell order_no=0000025328 time=124159 qty=1 filled=0 unfilled=1 price=348500 branch=
 - side=sell order_no=0000025003 time=123729 qty=1 filled=0 unfilled=1 price=349500 branch=
 - side=buy order_no=0000024249 time=122333 qty=1 filled=0 unfilled=1 price=346500 branch=
 - side=buy order_no=0000024193 time=122224 qty=1 filled=0 unfilled=1 price=346500 branch=
 - side=buy order_no=0000024109 time=122033 qty=1 filled=0 unfilled=1 price=346500 branch=
 - side=buy order_no=0000023865 time=121704 qty=1 filled=0 unfilled=1 price=346500 branch=
 - side=buy order_no=0000023797 time=121526 qty=1 filled=0 unfilled=1 price=346500 branch=
 - side=buy order_no=0000023629 time=121226 qty=1 filled=0 unfilled=1 price=346500 branch=
 - side=buy order_no=0000023481 time=120927 qty=1 filled=0 unfilled=1 price=346000 branch=
 - side=buy order_no=0000023265 time=120521 qty=1 filled=0 unfilled=1 price=346500 branch=
 - side=buy order_no=0000023150 time=120324 qty=1 filled=0 unfilled=1 price=345500 branch=
 - side=buy order_no=0000023033 time=120151 qty=1 filled=0 unfilled=1 price=345500 branch=
 - side=buy order_no=0000022846 time=115950 qty=1 filled=0 unfilled=1 price=345500 branch=
 - side=buy order_no=0000022722 time=115827 qty=1 filled=0 unfilled=1 price=345500 branch=
 - side=buy order_no=0000022549 time=115623 qty=1 filled=0 unfilled=1 price=345000 branch=
 - side=buy order_no=0000022440 time=115448 qty=1 filled=0 unfilled=1 price=343500 branch=
====================================================================
2026-06-01 12:43:13 | INFO | samsung_auto_trader | Execution check for sell: before_qty=11, after_qty=11, executed=False
2026-06-01 12:43:13 | INFO | samsung_auto_trader | Trade cycle finished.
2026-06-01 12:43:33 | INFO | samsung_auto_trader | Starting trade cycle.
2026-06-01 12:43:33 | INFO | samsung_auto_trader | Token reuse: cached same-day token is valid.
2026-06-01 12:43:33 | INFO | samsung_auto_trader | Current price: 347500 KRW | inferred_tick_size=500
2026-06-01 12:43:34 | INFO | samsung_auto_trader | Token reuse: cached same-day token is valid.
2026-06-01 12:43:37 | INFO | samsung_auto_trader | Token reuse: cached same-day token is valid.
2026-06-01 12:43:40 | INFO | samsung_auto_trader | Token reuse: cached same-day token is valid.
2026-06-01 12:43:43 | INFO | samsung_auto_trader | Token reuse: cached same-day token is valid.
2026-06-01 12:43:46 | INFO | samsung_auto_trader | Token reuse: cached same-day token is valid.
2026-06-01 12:43:48 | INFO | samsung_auto_trader | Token reuse: cached same-day token is valid.
2026-06-01 12:43:52 | INFO | samsung_auto_trader | Holdings before order | cash_available=880187 | total_eval_amount=9553807 | samsung_holding={'symbol': '005930', 'qty': 11, 'sellable_qty': 8, 'avg_price': 0}
2026-06-01 12:43:52 | INFO | samsung_auto_trader | 
====================================================================
[STATUS] 2026-06-01 12:43:52 KST
holding | symbol=005930 qty=11 sellable_qty=8 avg_price=0
inventory_limits | initial=12 min=3 max=25 effective_position=22
open_orders | buy_open=14 sell_open=3 total_open=17
 - side=sell order_no=0000025379 time=124253 qty=1 filled=0 unfilled=1 price=348500 branch=
 - side=sell order_no=0000025328 time=124159 qty=1 filled=0 unfilled=1 price=348500 branch=
 - side=sell order_no=0000025003 time=123729 qty=1 filled=0 unfilled=1 price=349500 branch=
 - side=buy order_no=0000024249 time=122333 qty=1 filled=0 unfilled=1 price=346500 branch=
 - side=buy order_no=0000024193 time=122224 qty=1 filled=0 unfilled=1 price=346500 branch=
 - side=buy order_no=0000024109 time=122033 qty=1 filled=0 unfilled=1 price=346500 branch=
 - side=buy order_no=0000023865 time=121704 qty=1 filled=0 unfilled=1 price=346500 branch=
 - side=buy order_no=0000023797 time=121526 qty=1 filled=0 unfilled=1 price=346500 branch=
 - side=buy order_no=0000023629 time=121226 qty=1 filled=0 unfilled=1 price=346500 branch=
 - side=buy order_no=0000023481 time=120927 qty=1 filled=0 unfilled=1 price=346000 branch=
 - side=buy order_no=0000023265 time=120521 qty=1 filled=0 unfilled=1 price=346500 branch=
 - side=buy order_no=0000023150 time=120324 qty=1 filled=0 unfilled=1 price=345500 branch=
 - side=buy order_no=0000023033 time=120151 qty=1 filled=0 unfilled=1 price=345500 branch=
 - side=buy order_no=0000022846 time=115950 qty=1 filled=0 unfilled=1 price=345500 branch=
 - side=buy order_no=0000022722 time=115827 qty=1 filled=0 unfilled=1 price=345500 branch=
 - side=buy order_no=0000022549 time=115623 qty=1 filled=0 unfilled=1 price=345000 branch=
 - side=buy order_no=0000022440 time=115448 qty=1 filled=0 unfilled=1 price=343500 branch=
====================================================================
2026-06-01 12:43:52 | INFO | samsung_auto_trader | Price normalized by tick size | current=347500 tick=500 raw_buy=346500 buy=346500 raw_sell=348500 sell=348500
2026-06-01 12:43:52 | INFO | samsung_auto_trader | Skipping buy this cycle | holding_qty=11 buy_open=14 max_position=25
2026-06-01 12:43:52 | INFO | samsung_auto_trader | Buy order skipped: max position reached, open buy exposure already counted, or available cash was not enough | holding_qty=11 effective_position=22 cash_available=880187 max_position=25
2026-06-01 12:43:52 | INFO | samsung_auto_trader | Token reuse: cached same-day token is valid.
2026-06-01 12:43:55 | INFO | samsung_auto_trader | Token reuse: cached same-day token is valid.
2026-06-01 12:43:58 | INFO | samsung_auto_trader | Token reuse: cached same-day token is valid.
2026-06-01 12:44:01 | INFO | samsung_auto_trader | Token reuse: cached same-day token is valid.
2026-06-01 12:44:05 | INFO | samsung_auto_trader | Sell order request: qty=1, price=348500 | sellable_qty=8 min_position=3
2026-06-01 12:44:05 | INFO | samsung_auto_trader | Token reuse: cached same-day token is valid.
2026-06-01 12:44:09 | INFO | samsung_auto_trader | Sell order accepted | order_no=00950 | order_time=124408 | qty=1 | price=348500
2026-06-01 12:44:09 | INFO | samsung_auto_trader | Waiting 5 seconds before post-sell balance check.
2026-06-01 12:44:14 | INFO | samsung_auto_trader | Token reuse: cached same-day token is valid.
2026-06-01 12:44:14 | WARNING | samsung_auto_trader | API request failed (GET /uapi/domestic-stock/v1/trading/inquire-balance, attempt 1/3): ('Connection aborted.', RemoteDisconnected('Remote end closed connection without response'))
2026-06-01 12:44:20 | INFO | samsung_auto_trader | Token reuse: cached same-day token is valid.
2026-06-01 12:44:25 | INFO | samsung_auto_trader | Token reuse: cached same-day token is valid.
2026-06-01 12:44:26 | INFO | samsung_auto_trader | Token reuse: cached same-day token is valid.
2026-06-01 12:44:28 | INFO | samsung_auto_trader | Token reuse: cached same-day token is valid.
2026-06-01 12:44:30 | INFO | samsung_auto_trader | Token reuse: cached same-day token is valid.
2026-06-01 12:44:31 | INFO | samsung_auto_trader | Holdings after sell | cash_available=880187 | total_eval_amount=9551057 | samsung_holding={'symbol': '005930', 'qty': 11, 'sellable_qty': 7, 'avg_price': 0}
2026-06-01 12:44:31 | INFO | samsung_auto_trader | 
====================================================================
[STATUS] 2026-06-01 12:44:31 KST
holding | symbol=005930 qty=11 sellable_qty=7 avg_price=0
inventory_limits | initial=12 min=3 max=25 effective_position=21
open_orders | buy_open=14 sell_open=4 total_open=18
 - side=sell order_no=0000025445 time=124408 qty=1 filled=0 unfilled=1 price=348500 branch=
 - side=sell order_no=0000025379 time=124253 qty=1 filled=0 unfilled=1 price=348500 branch=
 - side=sell order_no=0000025328 time=124159 qty=1 filled=0 unfilled=1 price=348500 branch=
 - side=sell order_no=0000025003 time=123729 qty=1 filled=0 unfilled=1 price=349500 branch=
 - side=buy order_no=0000024249 time=122333 qty=1 filled=0 unfilled=1 price=346500 branch=
 - side=buy order_no=0000024193 time=122224 qty=1 filled=0 unfilled=1 price=346500 branch=
 - side=buy order_no=0000024109 time=122033 qty=1 filled=0 unfilled=1 price=346500 branch=
 - side=buy order_no=0000023865 time=121704 qty=1 filled=0 unfilled=1 price=346500 branch=
 - side=buy order_no=0000023797 time=121526 qty=1 filled=0 unfilled=1 price=346500 branch=
 - side=buy order_no=0000023629 time=121226 qty=1 filled=0 unfilled=1 price=346500 branch=
 - side=buy order_no=0000023481 time=120927 qty=1 filled=0 unfilled=1 price=346000 branch=
 - side=buy order_no=0000023265 time=120521 qty=1 filled=0 unfilled=1 price=346500 branch=
 - side=buy order_no=0000023150 time=120324 qty=1 filled=0 unfilled=1 price=345500 branch=
 - side=buy order_no=0000023033 time=120151 qty=1 filled=0 unfilled=1 price=345500 branch=
 - side=buy order_no=0000022846 time=115950 qty=1 filled=0 unfilled=1 price=345500 branch=
 - side=buy order_no=0000022722 time=115827 qty=1 filled=0 unfilled=1 price=345500 branch=
 - side=buy order_no=0000022549 time=115623 qty=1 filled=0 unfilled=1 price=345000 branch=
 - side=buy order_no=0000022440 time=115448 qty=1 filled=0 unfilled=1 price=343500 branch=
====================================================================
2026-06-01 12:44:31 | INFO | samsung_auto_trader | Execution check for sell: before_qty=11, after_qty=11, executed=False
2026-06-01 12:44:31 | INFO | samsung_auto_trader | Trade cycle finished.
2026-06-01 12:44:51 | INFO | samsung_auto_trader | Starting trade cycle.
2026-06-01 12:44:51 | INFO | samsung_auto_trader | Token reuse: cached same-day token is valid.
2026-06-01 12:44:51 | INFO | samsung_auto_trader | Current price: 346500 KRW | inferred_tick_size=500
2026-06-01 12:44:52 | INFO | samsung_auto_trader | Token reuse: cached same-day token is valid.
2026-06-01 12:44:55 | INFO | samsung_auto_trader | Token reuse: cached same-day token is valid.
2026-06-01 12:45:00 | INFO | samsung_auto_trader | Token reuse: cached same-day token is valid.
2026-06-01 12:45:01 | INFO | samsung_auto_trader | Token reuse: cached same-day token is valid.
2026-06-01 12:45:02 | INFO | samsung_auto_trader | Token reuse: cached same-day token is valid.
2026-06-01 12:45:05 | INFO | samsung_auto_trader | Token reuse: cached same-day token is valid.
2026-06-01 12:45:08 | INFO | samsung_auto_trader | Holdings before order | cash_available=880187 | total_eval_amount=9542467 | samsung_holding={'symbol': '005930', 'qty': 18, 'sellable_qty': 14, 'avg_price': 0}
2026-06-01 12:45:08 | INFO | samsung_auto_trader | 
====================================================================
[STATUS] 2026-06-01 12:45:08 KST
holding | symbol=005930 qty=18 sellable_qty=14 avg_price=0
inventory_limits | initial=12 min=3 max=25 effective_position=21
open_orders | buy_open=7 sell_open=4 total_open=11
 - side=sell order_no=0000025445 time=124408 qty=1 filled=0 unfilled=1 price=348500 branch=
 - side=sell order_no=0000025379 time=124253 qty=1 filled=0 unfilled=1 price=348500 branch=
 - side=sell order_no=0000025328 time=124159 qty=1 filled=0 unfilled=1 price=348500 branch=
 - side=sell order_no=0000025003 time=123729 qty=1 filled=0 unfilled=1 price=349500 branch=
 - side=buy order_no=0000023481 time=120927 qty=1 filled=0 unfilled=1 price=346000 branch=
 - side=buy order_no=0000023150 time=120324 qty=1 filled=0 unfilled=1 price=345500 branch=
 - side=buy order_no=0000023033 time=120151 qty=1 filled=0 unfilled=1 price=345500 branch=
 - side=buy order_no=0000022846 time=115950 qty=1 filled=0 unfilled=1 price=345500 branch=
 - side=buy order_no=0000022722 time=115827 qty=1 filled=0 unfilled=1 price=345500 branch=
 - side=buy order_no=0000022549 time=115623 qty=1 filled=0 unfilled=1 price=345000 branch=
 - side=buy order_no=0000022440 time=115448 qty=1 filled=0 unfilled=1 price=343500 branch=
====================================================================
2026-06-01 12:45:08 | INFO | samsung_auto_trader | Price normalized by tick size | current=346500 tick=500 raw_buy=345500 buy=345500 raw_sell=347500 sell=347500
2026-06-01 12:45:08 | INFO | samsung_auto_trader | Skipping buy this cycle | holding_qty=18 buy_open=7 max_position=25
2026-06-01 12:45:08 | INFO | samsung_auto_trader | Buy order skipped: max position reached, open buy exposure already counted, or available cash was not enough | holding_qty=18 effective_position=21 cash_available=880187 max_position=25
2026-06-01 12:45:08 | INFO | samsung_auto_trader | Token reuse: cached same-day token is valid.
2026-06-01 12:45:12 | INFO | samsung_auto_trader | Token reuse: cached same-day token is valid.
2026-06-01 12:45:15 | INFO | samsung_auto_trader | Token reuse: cached same-day token is valid.
2026-06-01 12:45:18 | INFO | samsung_auto_trader | Token reuse: cached same-day token is valid.
2026-06-01 12:45:21 | INFO | samsung_auto_trader | Sell order request: qty=1, price=347500 | sellable_qty=14 min_position=3
2026-06-01 12:45:21 | INFO | samsung_auto_trader | Token reuse: cached same-day token is valid.
2026-06-01 12:45:25 | INFO | samsung_auto_trader | Sell order accepted | order_no=00950 | order_time=124525 | qty=1 | price=347500
2026-06-01 12:45:25 | INFO | samsung_auto_trader | Waiting 5 seconds before post-sell balance check.
2026-06-01 12:45:30 | INFO | samsung_auto_trader | Token reuse: cached same-day token is valid.
2026-06-01 12:45:30 | WARNING | samsung_auto_trader | API request failed (GET /uapi/domestic-stock/v1/trading/inquire-balance, attempt 1/3): ('Connection aborted.', RemoteDisconnected('Remote end closed connection without response'))
2026-06-01 12:45:36 | INFO | samsung_auto_trader | Token reuse: cached same-day token is valid.
2026-06-01 12:45:41 | INFO | samsung_auto_trader | Token reuse: cached same-day token is valid.
2026-06-01 12:45:47 | INFO | samsung_auto_trader | Token reuse: cached same-day token is valid.
2026-06-01 12:45:47 | WARNING | samsung_auto_trader | API request failed (GET /uapi/domestic-stock/v1/trading/inquire-daily-ccld, attempt 1/3): ('Connection aborted.', RemoteDisconnected('Remote end closed connection without response'))
2026-06-01 12:45:49 | INFO | samsung_auto_trader | Token reuse: cached same-day token is valid.
2026-06-01 12:45:49 | WARNING | samsung_auto_trader | API request failed (GET /uapi/domestic-stock/v1/trading/inquire-daily-ccld, attempt 1/3): Retryable HTTP 500: {"rt_cd":"1","msg1":"초당 거래건수를 초과하였습니다.","msg_cd":"EGW00201","message":"EGW00201"}
2026-06-01 12:45:51 | INFO | samsung_auto_trader | Token reuse: cached same-day token is valid.
2026-06-01 12:45:51 | WARNING | samsung_auto_trader | API request failed (GET /uapi/domestic-stock/v1/trading/inquire-daily-ccld, attempt 1/3): Retryable HTTP 500: {"rt_cd":"1","msg1":"초당 거래건수를 초과하였습니다.","msg_cd":"EGW00201","message":"EGW00201"}
2026-06-01 12:45:52 | INFO | samsung_auto_trader | Token reuse: cached same-day token is valid.
2026-06-01 12:45:52 | WARNING | samsung_auto_trader | API request failed (GET /uapi/domestic-stock/v1/trading/inquire-daily-ccld, attempt 1/3): Retryable HTTP 500: {"rt_cd":"1","msg1":"초당 거래건수를 초과하였습니다.","msg_cd":"EGW00201","message":"EGW00201"}
2026-06-01 12:45:54 | INFO | samsung_auto_trader | Holdings after sell | cash_available=880187 | total_eval_amount=9546967 | samsung_holding={'symbol': '005930', 'qty': 18, 'sellable_qty': 13, 'avg_price': 0}
2026-06-01 12:45:54 | INFO | samsung_auto_trader | 
====================================================================
[STATUS] 2026-06-01 12:45:54 KST
holding | symbol=005930 qty=18 sellable_qty=13 avg_price=0
inventory_limits | initial=12 min=3 max=25 effective_position=19
open_orders | buy_open=6 sell_open=5 total_open=11
 - side=sell order_no=0000025532 time=124525 qty=1 filled=0 unfilled=1 price=347500 branch=
 - side=sell order_no=0000025445 time=124408 qty=1 filled=0 unfilled=1 price=348500 branch=
 - side=sell order_no=0000025379 time=124253 qty=1 filled=0 unfilled=1 price=348500 branch=
 - side=sell order_no=0000025328 time=124159 qty=1 filled=0 unfilled=1 price=348500 branch=
 - side=sell order_no=0000025003 time=123729 qty=1 filled=0 unfilled=1 price=349500 branch=
 - side=buy order_no=0000023150 time=120324 qty=1 filled=0 unfilled=1 price=345500 branch=
 - side=buy order_no=0000023033 time=120151 qty=1 filled=0 unfilled=1 price=345500 branch=
 - side=buy order_no=0000022846 time=115950 qty=1 filled=0 unfilled=1 price=345500 branch=
 - side=buy order_no=0000022722 time=115827 qty=1 filled=0 unfilled=1 price=345500 branch=
 - side=buy order_no=0000022549 time=115623 qty=1 filled=0 unfilled=1 price=345000 branch=
 - side=buy order_no=0000022440 time=115448 qty=1 filled=0 unfilled=1 price=343500 branch=
====================================================================
2026-06-01 12:45:54 | INFO | samsung_auto_trader | Execution check for sell: before_qty=18, after_qty=18, executed=False
2026-06-01 12:45:54 | INFO | samsung_auto_trader | Trade cycle finished.
2026-06-01 12:46:14 | INFO | samsung_auto_trader | Starting trade cycle.
2026-06-01 12:46:14 | INFO | samsung_auto_trader | Token reuse: cached same-day token is valid.
2026-06-01 12:46:14 | INFO | samsung_auto_trader | Current price: 346500 KRW | inferred_tick_size=500
2026-06-01 12:46:15 | INFO | samsung_auto_trader | Token reuse: cached same-day token is valid.
2026-06-01 12:46:18 | INFO | samsung_auto_trader | Token reuse: cached same-day token is valid.
2026-06-01 12:46:21 | INFO | samsung_auto_trader | Token reuse: cached same-day token is valid.
2026-06-01 12:46:22 | INFO | samsung_auto_trader | Token reuse: cached same-day token is valid.
2026-06-01 12:46:23 | INFO | samsung_auto_trader | Token reuse: cached same-day token is valid.
2026-06-01 12:46:24 | INFO | samsung_auto_trader | Token reuse: cached same-day token is valid.
2026-06-01 12:46:25 | INFO | samsung_auto_trader | Token reuse: cached same-day token is valid.
2026-06-01 12:46:25 | INFO | samsung_auto_trader | Holdings before order | cash_available=880187 | total_eval_amount=9542917 | samsung_holding={'symbol': '005930', 'qty': 19, 'sellable_qty': 14, 'avg_price': 0}
2026-06-01 12:46:25 | INFO | samsung_auto_trader | 
====================================================================
[STATUS] 2026-06-01 12:46:25 KST
holding | symbol=005930 qty=19 sellable_qty=14 avg_price=0
inventory_limits | initial=12 min=3 max=25 effective_position=20
open_orders | buy_open=6 sell_open=5 total_open=11
 - side=sell order_no=0000025532 time=124525 qty=1 filled=0 unfilled=1 price=347500 branch=
 - side=sell order_no=0000025445 time=124408 qty=1 filled=0 unfilled=1 price=348500 branch=
 - side=sell order_no=0000025379 time=124253 qty=1 filled=0 unfilled=1 price=348500 branch=
 - side=sell order_no=0000025328 time=124159 qty=1 filled=0 unfilled=1 price=348500 branch=
 - side=sell order_no=0000025003 time=123729 qty=1 filled=0 unfilled=1 price=349500 branch=
 - side=buy order_no=0000023150 time=120324 qty=1 filled=0 unfilled=1 price=345500 branch=
 - side=buy order_no=0000023033 time=120151 qty=1 filled=0 unfilled=1 price=345500 branch=
 - side=buy order_no=0000022846 time=115950 qty=1 filled=0 unfilled=1 price=345500 branch=
 - side=buy order_no=0000022722 time=115827 qty=1 filled=0 unfilled=1 price=345500 branch=
 - side=buy order_no=0000022549 time=115623 qty=1 filled=0 unfilled=1 price=345000 branch=
 - side=buy order_no=0000022440 time=115448 qty=1 filled=0 unfilled=1 price=343500 branch=
====================================================================
2026-06-01 12:46:25 | INFO | samsung_auto_trader | Price normalized by tick size | current=346500 tick=500 raw_buy=345500 buy=345500 raw_sell=347500 sell=347500
2026-06-01 12:46:25 | INFO | samsung_auto_trader | Skipping buy this cycle | holding_qty=19 buy_open=6 max_position=25
2026-06-01 12:46:25 | INFO | samsung_auto_trader | Buy order skipped: max position reached, open buy exposure already counted, or available cash was not enough | holding_qty=19 effective_position=20 cash_available=880187 max_position=25
2026-06-01 12:46:26 | INFO | samsung_auto_trader | Token reuse: cached same-day token is valid.
2026-06-01 12:46:27 | INFO | samsung_auto_trader | Token reuse: cached same-day token is valid.
2026-06-01 12:46:28 | INFO | samsung_auto_trader | Token reuse: cached same-day token is valid.
2026-06-01 12:46:29 | INFO | samsung_auto_trader | Token reuse: cached same-day token is valid.
2026-06-01 12:46:30 | INFO | samsung_auto_trader | Token reuse: cached same-day token is valid.
2026-06-01 12:46:30 | INFO | samsung_auto_trader | Sell order request: qty=1, price=347500 | sellable_qty=14 min_position=3
2026-06-01 12:46:31 | INFO | samsung_auto_trader | Token reuse: cached same-day token is valid.
2026-06-01 12:46:35 | INFO | samsung_auto_trader | Sell order accepted | order_no=00950 | order_time=124635 | qty=1 | price=347500
2026-06-01 12:46:35 | INFO | samsung_auto_trader | Waiting 5 seconds before post-sell balance check.
2026-06-01 12:46:40 | INFO | samsung_auto_trader | Token reuse: cached same-day token is valid.
2026-06-01 12:46:40 | WARNING | samsung_auto_trader | API request failed (GET /uapi/domestic-stock/v1/trading/inquire-balance, attempt 1/3): ('Connection aborted.', RemoteDisconnected('Remote end closed connection without response'))
2026-06-01 12:46:44 | INFO | samsung_auto_trader | Token reuse: cached same-day token is valid.
2026-06-01 12:46:47 | INFO | samsung_auto_trader | Token reuse: cached same-day token is valid.
2026-06-01 12:46:48 | INFO | samsung_auto_trader | Token reuse: cached same-day token is valid.
2026-06-01 12:46:49 | INFO | samsung_auto_trader | Token reuse: cached same-day token is valid.
2026-06-01 12:46:50 | INFO | samsung_auto_trader | Token reuse: cached same-day token is valid.
2026-06-01 12:46:51 | INFO | samsung_auto_trader | Token reuse: cached same-day token is valid.
2026-06-01 12:46:51 | INFO | samsung_auto_trader | Holdings after sell | cash_available=1569639 | total_eval_amount=9560427 | samsung_holding={'symbol': '005930', 'qty': 17, 'sellable_qty': 13, 'avg_price': 0}
2026-06-01 12:46:51 | INFO | samsung_auto_trader | 
====================================================================
[STATUS] 2026-06-01 12:46:51 KST
holding | symbol=005930 qty=17 sellable_qty=13 avg_price=0
inventory_limits | initial=12 min=3 max=25 effective_position=19
open_orders | buy_open=6 sell_open=4 total_open=10
 - side=sell order_no=0000025445 time=124408 qty=1 filled=0 unfilled=1 price=348500 branch=
 - side=sell order_no=0000025379 time=124253 qty=1 filled=0 unfilled=1 price=348500 branch=
 - side=sell order_no=0000025328 time=124159 qty=1 filled=0 unfilled=1 price=348500 branch=
 - side=sell order_no=0000025003 time=123729 qty=1 filled=0 unfilled=1 price=349500 branch=
 - side=buy order_no=0000023150 time=120324 qty=1 filled=0 unfilled=1 price=345500 branch=
 - side=buy order_no=0000023033 time=120151 qty=1 filled=0 unfilled=1 price=345500 branch=
 - side=buy order_no=0000022846 time=115950 qty=1 filled=0 unfilled=1 price=345500 branch=
 - side=buy order_no=0000022722 time=115827 qty=1 filled=0 unfilled=1 price=345500 branch=
 - side=buy order_no=0000022549 time=115623 qty=1 filled=0 unfilled=1 price=345000 branch=
 - side=buy order_no=0000022440 time=115448 qty=1 filled=0 unfilled=1 price=343500 branch=
====================================================================
2026-06-01 12:46:51 | INFO | samsung_auto_trader | Execution check for sell: before_qty=19, after_qty=17, executed=True
2026-06-01 12:46:51 | INFO | samsung_auto_trader | Trade cycle finished.
2026-06-01 12:47:11 | INFO | samsung_auto_trader | Starting trade cycle.
2026-06-01 12:47:11 | INFO | samsung_auto_trader | Token reuse: cached same-day token is valid.
2026-06-01 12:47:11 | INFO | samsung_auto_trader | Current price: 348500 KRW | inferred_tick_size=500
2026-06-01 12:47:12 | INFO | samsung_auto_trader | Token reuse: cached same-day token is valid.
2026-06-01 12:47:16 | INFO | samsung_auto_trader | Token reuse: cached same-day token is valid.
2026-06-01 12:47:19 | INFO | samsung_auto_trader | Token reuse: cached same-day token is valid.
2026-06-01 12:47:20 | INFO | samsung_auto_trader | Token reuse: cached same-day token is valid.
2026-06-01 12:47:21 | INFO | samsung_auto_trader | Token reuse: cached same-day token is valid.
2026-06-01 12:47:22 | INFO | samsung_auto_trader | Token reuse: cached same-day token is valid.
2026-06-01 12:47:23 | INFO | samsung_auto_trader | Token reuse: cached same-day token is valid.
2026-06-01 12:47:23 | INFO | samsung_auto_trader | Holdings before order | cash_available=2606792 | total_eval_amount=9575186 | samsung_holding={'symbol': '005930', 'qty': 14, 'sellable_qty': 13, 'avg_price': 0}
2026-06-01 12:47:23 | INFO | samsung_auto_trader | 
====================================================================
[STATUS] 2026-06-01 12:47:23 KST
holding | symbol=005930 qty=14 sellable_qty=13 avg_price=0
inventory_limits | initial=12 min=3 max=25 effective_position=19
open_orders | buy_open=6 sell_open=1 total_open=7
 - side=sell order_no=0000025003 time=123729 qty=1 filled=0 unfilled=1 price=349500 branch=
 - side=buy order_no=0000023150 time=120324 qty=1 filled=0 unfilled=1 price=345500 branch=
 - side=buy order_no=0000023033 time=120151 qty=1 filled=0 unfilled=1 price=345500 branch=
 - side=buy order_no=0000022846 time=115950 qty=1 filled=0 unfilled=1 price=345500 branch=
 - side=buy order_no=0000022722 time=115827 qty=1 filled=0 unfilled=1 price=345500 branch=
 - side=buy order_no=0000022549 time=115623 qty=1 filled=0 unfilled=1 price=345000 branch=
 - side=buy order_no=0000022440 time=115448 qty=1 filled=0 unfilled=1 price=343500 branch=
====================================================================
2026-06-01 12:47:23 | INFO | samsung_auto_trader | Price normalized by tick size | current=348500 tick=500 raw_buy=347500 buy=347500 raw_sell=349500 sell=349500
2026-06-01 12:47:23 | INFO | samsung_auto_trader | Buy order request: qty=1, price=347500
2026-06-01 12:47:24 | INFO | samsung_auto_trader | Token reuse: cached same-day token is valid.
2026-06-01 12:47:24 | INFO | samsung_auto_trader | Buy order accepted | order_no=00950 | order_time=124724 | qty=1 | price=347500
2026-06-01 12:47:24 | INFO | samsung_auto_trader | Waiting 5 seconds before post-buy balance check.
2026-06-01 12:47:29 | INFO | samsung_auto_trader | Token reuse: cached same-day token is valid.
2026-06-01 12:47:29 | WARNING | samsung_auto_trader | API request failed (GET /uapi/domestic-stock/v1/trading/inquire-balance, attempt 1/3): ('Connection aborted.', RemoteDisconnected('Remote end closed connection without response'))
2026-06-01 12:47:37 | INFO | samsung_auto_trader | Token reuse: cached same-day token is valid.
2026-06-01 12:47:42 | INFO | samsung_auto_trader | Token reuse: cached same-day token is valid.
2026-06-01 12:47:47 | INFO | samsung_auto_trader | Token reuse: cached same-day token is valid.
2026-06-01 12:47:48 | INFO | samsung_auto_trader | Token reuse: cached same-day token is valid.
2026-06-01 12:47:49 | INFO | samsung_auto_trader | Token reuse: cached same-day token is valid.
2026-06-01 12:47:50 | INFO | samsung_auto_trader | Token reuse: cached same-day token is valid.
2026-06-01 12:47:50 | INFO | samsung_auto_trader | Holdings after buy | cash_available=2261030 | total_eval_amount=9571686 | samsung_holding={'symbol': '005930', 'qty': 14, 'sellable_qty': 13, 'avg_price': 0}
2026-06-01 12:47:50 | INFO | samsung_auto_trader | 
====================================================================
[STATUS] 2026-06-01 12:47:50 KST
holding | symbol=005930 qty=14 sellable_qty=13 avg_price=0
inventory_limits | initial=12 min=3 max=25 effective_position=20
open_orders | buy_open=7 sell_open=1 total_open=8
 - side=buy order_no=0000025666 time=124724 qty=1 filled=0 unfilled=1 price=347500 branch=
 - side=sell order_no=0000025003 time=123729 qty=1 filled=0 unfilled=1 price=349500 branch=
 - side=buy order_no=0000023150 time=120324 qty=1 filled=0 unfilled=1 price=345500 branch=
 - side=buy order_no=0000023033 time=120151 qty=1 filled=0 unfilled=1 price=345500 branch=
 - side=buy order_no=0000022846 time=115950 qty=1 filled=0 unfilled=1 price=345500 branch=
 - side=buy order_no=0000022722 time=115827 qty=1 filled=0 unfilled=1 price=345500 branch=
 - side=buy order_no=0000022549 time=115623 qty=1 filled=0 unfilled=1 price=345000 branch=
 - side=buy order_no=0000022440 time=115448 qty=1 filled=0 unfilled=1 price=343500 branch=
====================================================================
2026-06-01 12:47:50 | INFO | samsung_auto_trader | Execution check for buy: before_qty=14, after_qty=14, executed=False
2026-06-01 12:47:51 | INFO | samsung_auto_trader | Token reuse: cached same-day token is valid.
2026-06-01 12:47:52 | INFO | samsung_auto_trader | Token reuse: cached same-day token is valid.
2026-06-01 12:47:53 | INFO | samsung_auto_trader | Token reuse: cached same-day token is valid.
2026-06-01 12:47:54 | INFO | samsung_auto_trader | Token reuse: cached same-day token is valid.
2026-06-01 12:47:55 | INFO | samsung_auto_trader | Token reuse: cached same-day token is valid.
2026-06-01 12:47:55 | INFO | samsung_auto_trader | Sell order request: qty=1, price=349500 | sellable_qty=13 min_position=3
2026-06-01 12:47:56 | INFO | samsung_auto_trader | Token reuse: cached same-day token is valid.
2026-06-01 12:47:56 | INFO | samsung_auto_trader | Sell order accepted | order_no=00950 | order_time=124756 | qty=1 | price=349500
2026-06-01 12:47:56 | INFO | samsung_auto_trader | Waiting 5 seconds before post-sell balance check.
2026-06-01 12:48:01 | INFO | samsung_auto_trader | Token reuse: cached same-day token is valid.
2026-06-01 12:48:06 | INFO | samsung_auto_trader | Token reuse: cached same-day token is valid.
2026-06-01 12:48:12 | INFO | samsung_auto_trader | Token reuse: cached same-day token is valid.
2026-06-01 12:48:17 | INFO | samsung_auto_trader | Token reuse: cached same-day token is valid.
2026-06-01 12:48:21 | INFO | samsung_auto_trader | Token reuse: cached same-day token is valid.
2026-06-01 12:48:27 | INFO | samsung_auto_trader | Token reuse: cached same-day token is valid.
2026-06-01 12:48:32 | INFO | samsung_auto_trader | Token reuse: cached same-day token is valid.
2026-06-01 12:48:37 | INFO | samsung_auto_trader | Holdings after sell | cash_available=2261030 | total_eval_amount=9575186 | samsung_holding={'symbol': '005930', 'qty': 14, 'sellable_qty': 12, 'avg_price': 0}
2026-06-01 12:48:37 | INFO | samsung_auto_trader | 
====================================================================
[STATUS] 2026-06-01 12:48:37 KST
holding | symbol=005930 qty=14 sellable_qty=12 avg_price=0
inventory_limits | initial=12 min=3 max=25 effective_position=19
open_orders | buy_open=7 sell_open=2 total_open=9
 - side=sell order_no=0000025704 time=124756 qty=1 filled=0 unfilled=1 price=349500 branch=
 - side=buy order_no=0000025666 time=124724 qty=1 filled=0 unfilled=1 price=347500 branch=
 - side=sell order_no=0000025003 time=123729 qty=1 filled=0 unfilled=1 price=349500 branch=
 - side=buy order_no=0000023150 time=120324 qty=1 filled=0 unfilled=1 price=345500 branch=
 - side=buy order_no=0000023033 time=120151 qty=1 filled=0 unfilled=1 price=345500 branch=
 - side=buy order_no=0000022846 time=115950 qty=1 filled=0 unfilled=1 price=345500 branch=
 - side=buy order_no=0000022722 time=115827 qty=1 filled=0 unfilled=1 price=345500 branch=
 - side=buy order_no=0000022549 time=115623 qty=1 filled=0 unfilled=1 price=345000 branch=
 - side=buy order_no=0000022440 time=115448 qty=1 filled=0 unfilled=1 price=343500 branch=
====================================================================
2026-06-01 12:48:37 | INFO | samsung_auto_trader | Execution check for sell: before_qty=14, after_qty=14, executed=False
2026-06-01 12:48:37 | INFO | samsung_auto_trader | Trade cycle finished.
2026-06-01 12:48:57 | INFO | samsung_auto_trader | Starting trade cycle.
2026-06-01 12:48:57 | INFO | samsung_auto_trader | Token reuse: cached same-day token is valid.
2026-06-01 12:48:58 | INFO | samsung_auto_trader | Current price: 348250 KRW | inferred_tick_size=500
2026-06-01 12:48:58 | INFO | samsung_auto_trader | Token reuse: cached same-day token is valid.
2026-06-01 12:49:03 | INFO | samsung_auto_trader | Token reuse: cached same-day token is valid.
2026-06-01 12:49:09 | INFO | samsung_auto_trader | Token reuse: cached same-day token is valid.
2026-06-01 12:49:16 | INFO | samsung_auto_trader | Token reuse: cached same-day token is valid.
2026-06-01 12:49:22 | INFO | samsung_auto_trader | Token reuse: cached same-day token is valid.
2026-06-01 12:49:28 | INFO | samsung_auto_trader | Token reuse: cached same-day token is valid.
2026-06-01 12:49:35 | INFO | samsung_auto_trader | Token reuse: cached same-day token is valid.
2026-06-01 12:49:40 | INFO | samsung_auto_trader | Holdings before order | cash_available=2261030 | total_eval_amount=9568186 | samsung_holding={'symbol': '005930', 'qty': 14, 'sellable_qty': 12, 'avg_price': 0}
2026-06-01 12:49:40 | INFO | samsung_auto_trader | 
====================================================================
[STATUS] 2026-06-01 12:49:40 KST
holding | symbol=005930 qty=14 sellable_qty=12 avg_price=0
inventory_limits | initial=12 min=3 max=25 effective_position=19
open_orders | buy_open=7 sell_open=2 total_open=9
 - side=sell order_no=0000025704 time=124756 qty=1 filled=0 unfilled=1 price=349500 branch=
 - side=buy order_no=0000025666 time=124724 qty=1 filled=0 unfilled=1 price=347500 branch=
 - side=sell order_no=0000025003 time=123729 qty=1 filled=0 unfilled=1 price=349500 branch=
 - side=buy order_no=0000023150 time=120324 qty=1 filled=0 unfilled=1 price=345500 branch=
 - side=buy order_no=0000023033 time=120151 qty=1 filled=0 unfilled=1 price=345500 branch=
 - side=buy order_no=0000022846 time=115950 qty=1 filled=0 unfilled=1 price=345500 branch=
 - side=buy order_no=0000022722 time=115827 qty=1 filled=0 unfilled=1 price=345500 branch=
 - side=buy order_no=0000022549 time=115623 qty=1 filled=0 unfilled=1 price=345000 branch=
 - side=buy order_no=0000022440 time=115448 qty=1 filled=0 unfilled=1 price=343500 branch=
====================================================================
2026-06-01 12:49:40 | INFO | samsung_auto_trader | Price normalized by tick size | current=348250 tick=500 raw_buy=347250 buy=347000 raw_sell=349250 sell=349500
2026-06-01 12:49:40 | INFO | samsung_auto_trader | Buy order request: qty=1, price=347000
2026-06-01 12:49:40 | INFO | samsung_auto_trader | Token reuse: cached same-day token is valid.
2026-06-01 12:49:42 | INFO | samsung_auto_trader | Buy order accepted | order_no=00950 | order_time=124942 | qty=1 | price=347000
2026-06-01 12:49:42 | INFO | samsung_auto_trader | Waiting 5 seconds before post-buy balance check.
2026-06-01 12:49:47 | INFO | samsung_auto_trader | Token reuse: cached same-day token is valid.
2026-06-01 12:49:47 | WARNING | samsung_auto_trader | API request failed (GET /uapi/domestic-stock/v1/trading/inquire-balance, attempt 1/3): ('Connection aborted.', RemoteDisconnected('Remote end closed connection without response'))
2026-06-01 12:49:50 | INFO | samsung_auto_trader | Token reuse: cached same-day token is valid.
2026-06-01 12:49:52 | INFO | samsung_auto_trader | Token reuse: cached same-day token is valid.
2026-06-01 12:49:53 | INFO | samsung_auto_trader | Token reuse: cached same-day token is valid.
2026-06-01 12:49:54 | INFO | samsung_auto_trader | Token reuse: cached same-day token is valid.
2026-06-01 12:49:55 | INFO | samsung_auto_trader | Token reuse: cached same-day token is valid.
2026-06-01 12:49:56 | INFO | samsung_auto_trader | Token reuse: cached same-day token is valid.
2026-06-01 12:49:56 | INFO | samsung_auto_trader | Holdings after buy | cash_available=1915765 | total_eval_amount=9568186 | samsung_holding={'symbol': '005930', 'qty': 14, 'sellable_qty': 12, 'avg_price': 0}
2026-06-01 12:49:56 | INFO | samsung_auto_trader | 
====================================================================
[STATUS] 2026-06-01 12:49:56 KST
holding | symbol=005930 qty=14 sellable_qty=12 avg_price=0
inventory_limits | initial=12 min=3 max=25 effective_position=20
open_orders | buy_open=8 sell_open=2 total_open=10
 - side=buy order_no=0000025791 time=124942 qty=1 filled=0 unfilled=1 price=347000 branch=
 - side=sell order_no=0000025704 time=124756 qty=1 filled=0 unfilled=1 price=349500 branch=
 - side=buy order_no=0000025666 time=124724 qty=1 filled=0 unfilled=1 price=347500 branch=
 - side=sell order_no=0000025003 time=123729 qty=1 filled=0 unfilled=1 price=349500 branch=
 - side=buy order_no=0000023150 time=120324 qty=1 filled=0 unfilled=1 price=345500 branch=
 - side=buy order_no=0000023033 time=120151 qty=1 filled=0 unfilled=1 price=345500 branch=
 - side=buy order_no=0000022846 time=115950 qty=1 filled=0 unfilled=1 price=345500 branch=
 - side=buy order_no=0000022722 time=115827 qty=1 filled=0 unfilled=1 price=345500 branch=
 - side=buy order_no=0000022549 time=115623 qty=1 filled=0 unfilled=1 price=345000 branch=
 - side=buy order_no=0000022440 time=115448 qty=1 filled=0 unfilled=1 price=343500 branch=
====================================================================
2026-06-01 12:49:56 | INFO | samsung_auto_trader | Execution check for buy: before_qty=14, after_qty=14, executed=False
2026-06-01 12:49:57 | INFO | samsung_auto_trader | Token reuse: cached same-day token is valid.
2026-06-01 12:49:58 | INFO | samsung_auto_trader | Token reuse: cached same-day token is valid.
2026-06-01 12:49:59 | INFO | samsung_auto_trader | Token reuse: cached same-day token is valid.
2026-06-01 12:50:00 | INFO | samsung_auto_trader | Token reuse: cached same-day token is valid.
2026-06-01 12:50:01 | INFO | samsung_auto_trader | Token reuse: cached same-day token is valid.
2026-06-01 12:50:01 | INFO | samsung_auto_trader | Sell order request: qty=1, price=349500 | sellable_qty=12 min_position=3
2026-06-01 12:50:02 | INFO | samsung_auto_trader | Token reuse: cached same-day token is valid.
2026-06-01 12:50:11 | INFO | samsung_auto_trader | Sell order accepted | order_no=00950 | order_time=125011 | qty=1 | price=349500
2026-06-01 12:50:11 | INFO | samsung_auto_trader | Waiting 5 seconds before post-sell balance check.
2026-06-01 12:50:16 | INFO | samsung_auto_trader | Token reuse: cached same-day token is valid.
2026-06-01 12:50:25 | INFO | samsung_auto_trader | Token reuse: cached same-day token is valid.
2026-06-01 12:50:35 | WARNING | samsung_auto_trader | API request failed (GET /uapi/domestic-stock/v1/trading/inquire-psbl-order, attempt 1/3): HTTPSConnectionPool(host='openapivts.koreainvestment.com', port=29443): Read timed out. (read timeout=10)
2026-06-01 12:50:45 | INFO | samsung_auto_trader | Token reuse: cached same-day token is valid.
2026-06-01 12:50:53 | INFO | samsung_auto_trader | Token reuse: cached same-day token is valid.
2026-06-01 12:50:59 | INFO | samsung_auto_trader | Token reuse: cached same-day token is valid.
2026-06-01 12:51:07 | INFO | samsung_auto_trader | Token reuse: cached same-day token is valid.
2026-06-01 12:51:13 | INFO | samsung_auto_trader | Token reuse: cached same-day token is valid.
2026-06-01 12:51:19 | INFO | samsung_auto_trader | Holdings after sell | cash_available=1915765 | total_eval_amount=9571686 | samsung_holding={'symbol': '005930', 'qty': 14, 'sellable_qty': 11, 'avg_price': 0}
2026-06-01 12:51:19 | INFO | samsung_auto_trader | 
====================================================================
[STATUS] 2026-06-01 12:51:19 KST
holding | symbol=005930 qty=14 sellable_qty=11 avg_price=0
inventory_limits | initial=12 min=3 max=25 effective_position=18
open_orders | buy_open=7 sell_open=3 total_open=10
 - side=sell order_no=0000025823 time=125011 qty=1 filled=0 unfilled=1 price=349500 branch=
 - side=buy order_no=0000025791 time=124942 qty=1 filled=0 unfilled=1 price=347000 branch=
 - side=sell order_no=0000025704 time=124756 qty=1 filled=0 unfilled=1 price=349500 branch=
 - side=sell order_no=0000025003 time=123729 qty=1 filled=0 unfilled=1 price=349500 branch=
 - side=buy order_no=0000023150 time=120324 qty=1 filled=0 unfilled=1 price=345500 branch=
 - side=buy order_no=0000023033 time=120151 qty=1 filled=0 unfilled=1 price=345500 branch=
 - side=buy order_no=0000022846 time=115950 qty=1 filled=0 unfilled=1 price=345500 branch=
 - side=buy order_no=0000022722 time=115827 qty=1 filled=0 unfilled=1 price=345500 branch=
 - side=buy order_no=0000022549 time=115623 qty=1 filled=0 unfilled=1 price=345000 branch=
 - side=buy order_no=0000022440 time=115448 qty=1 filled=0 unfilled=1 price=343500 branch=
====================================================================
2026-06-01 12:51:19 | INFO | samsung_auto_trader | Execution check for sell: before_qty=14, after_qty=14, executed=False
2026-06-01 12:51:19 | INFO | samsung_auto_trader | Trade cycle finished.
2026-06-01 12:51:39 | INFO | samsung_auto_trader | Starting trade cycle.
2026-06-01 12:51:39 | INFO | samsung_auto_trader | Token reuse: cached same-day token is valid.
2026-06-01 12:51:39 | INFO | samsung_auto_trader | Current price: 348000 KRW | inferred_tick_size=500
2026-06-01 12:51:40 | INFO | samsung_auto_trader | Token reuse: cached same-day token is valid.
2026-06-01 12:51:44 | INFO | samsung_auto_trader | Token reuse: cached same-day token is valid.
2026-06-01 12:51:48 | INFO | samsung_auto_trader | Token reuse: cached same-day token is valid.
2026-06-01 12:51:49 | INFO | samsung_auto_trader | Token reuse: cached same-day token is valid.
2026-06-01 12:51:50 | INFO | samsung_auto_trader | Token reuse: cached same-day token is valid.
2026-06-01 12:51:51 | INFO | samsung_auto_trader | Token reuse: cached same-day token is valid.
2026-06-01 12:51:52 | INFO | samsung_auto_trader | Token reuse: cached same-day token is valid.
2026-06-01 12:51:52 | INFO | samsung_auto_trader | Holdings before order | cash_available=1915765 | total_eval_amount=9561136 | samsung_holding={'symbol': '005930', 'qty': 15, 'sellable_qty': 12, 'avg_price': 0}
2026-06-01 12:51:52 | INFO | samsung_auto_trader | 
====================================================================
[STATUS] 2026-06-01 12:51:52 KST
holding | symbol=005930 qty=15 sellable_qty=12 avg_price=0
inventory_limits | initial=12 min=3 max=25 effective_position=19
open_orders | buy_open=7 sell_open=3 total_open=10
 - side=sell order_no=0000025823 time=125011 qty=1 filled=0 unfilled=1 price=349500 branch=
 - side=buy order_no=0000025791 time=124942 qty=1 filled=0 unfilled=1 price=347000 branch=
 - side=sell order_no=0000025704 time=124756 qty=1 filled=0 unfilled=1 price=349500 branch=
 - side=sell order_no=0000025003 time=123729 qty=1 filled=0 unfilled=1 price=349500 branch=
 - side=buy order_no=0000023150 time=120324 qty=1 filled=0 unfilled=1 price=345500 branch=
 - side=buy order_no=0000023033 time=120151 qty=1 filled=0 unfilled=1 price=345500 branch=
 - side=buy order_no=0000022846 time=115950 qty=1 filled=0 unfilled=1 price=345500 branch=
 - side=buy order_no=0000022722 time=115827 qty=1 filled=0 unfilled=1 price=345500 branch=
 - side=buy order_no=0000022549 time=115623 qty=1 filled=0 unfilled=1 price=345000 branch=
 - side=buy order_no=0000022440 time=115448 qty=1 filled=0 unfilled=1 price=343500 branch=
====================================================================
2026-06-01 12:51:52 | INFO | samsung_auto_trader | Price normalized by tick size | current=348000 tick=500 raw_buy=347000 buy=347000 raw_sell=349000 sell=349000
2026-06-01 12:51:52 | INFO | samsung_auto_trader | Buy order request: qty=1, price=347000
2026-06-01 12:51:53 | INFO | samsung_auto_trader | Token reuse: cached same-day token is valid.
2026-06-01 12:51:54 | INFO | samsung_auto_trader | Buy order accepted | order_no=00950 | order_time=125154 | qty=1 | price=347000
2026-06-01 12:51:54 | INFO | samsung_auto_trader | Waiting 5 seconds before post-buy balance check.
2026-06-01 12:51:59 | INFO | samsung_auto_trader | Token reuse: cached same-day token is valid.
2026-06-01 12:51:59 | WARNING | samsung_auto_trader | API request failed (GET /uapi/domestic-stock/v1/trading/inquire-balance, attempt 1/3): ('Connection aborted.', RemoteDisconnected('Remote end closed connection without response'))
2026-06-01 12:52:07 | INFO | samsung_auto_trader | Token reuse: cached same-day token is valid.
2026-06-01 12:52:13 | INFO | samsung_auto_trader | Token reuse: cached same-day token is valid.
2026-06-01 12:52:14 | INFO | samsung_auto_trader | Token reuse: cached same-day token is valid.
2026-06-01 12:52:15 | INFO | samsung_auto_trader | Token reuse: cached same-day token is valid.
2026-06-01 12:52:16 | INFO | samsung_auto_trader | Token reuse: cached same-day token is valid.
2026-06-01 12:52:17 | WARNING | samsung_auto_trader | API request failed (GET /uapi/domestic-stock/v1/trading/inquire-daily-ccld, attempt 1/3): Retryable HTTP 500: {"rt_cd":"1","msg1":"초당 거래건수를 초과하였습니다.","msg_cd":"EGW00201","message":"EGW00201"}
2026-06-01 12:52:24 | INFO | samsung_auto_trader | Token reuse: cached same-day token is valid.
2026-06-01 12:52:28 | INFO | samsung_auto_trader | Holdings after buy | cash_available=1570500 | total_eval_amount=9561136 | samsung_holding={'symbol': '005930', 'qty': 15, 'sellable_qty': 12, 'avg_price': 0}
2026-06-01 12:52:28 | INFO | samsung_auto_trader | 
====================================================================
[STATUS] 2026-06-01 12:52:28 KST
holding | symbol=005930 qty=15 sellable_qty=12 avg_price=0
inventory_limits | initial=12 min=3 max=25 effective_position=20
open_orders | buy_open=8 sell_open=3 total_open=11
 - side=buy order_no=0000025924 time=125154 qty=1 filled=0 unfilled=1 price=347000 branch=
 - side=sell order_no=0000025823 time=125011 qty=1 filled=0 unfilled=1 price=349500 branch=
 - side=buy order_no=0000025791 time=124942 qty=1 filled=0 unfilled=1 price=347000 branch=
 - side=sell order_no=0000025704 time=124756 qty=1 filled=0 unfilled=1 price=349500 branch=
 - side=sell order_no=0000025003 time=123729 qty=1 filled=0 unfilled=1 price=349500 branch=
 - side=buy order_no=0000023150 time=120324 qty=1 filled=0 unfilled=1 price=345500 branch=
 - side=buy order_no=0000023033 time=120151 qty=1 filled=0 unfilled=1 price=345500 branch=
 - side=buy order_no=0000022846 time=115950 qty=1 filled=0 unfilled=1 price=345500 branch=
 - side=buy order_no=0000022722 time=115827 qty=1 filled=0 unfilled=1 price=345500 branch=
 - side=buy order_no=0000022549 time=115623 qty=1 filled=0 unfilled=1 price=345000 branch=
 - side=buy order_no=0000022440 time=115448 qty=1 filled=0 unfilled=1 price=343500 branch=
====================================================================
2026-06-01 12:52:28 | INFO | samsung_auto_trader | Execution check for buy: before_qty=15, after_qty=15, executed=False
2026-06-01 12:52:28 | INFO | samsung_auto_trader | Token reuse: cached same-day token is valid.
2026-06-01 12:52:33 | INFO | samsung_auto_trader | Token reuse: cached same-day token is valid.
2026-06-01 12:52:37 | INFO | samsung_auto_trader | Token reuse: cached same-day token is valid.
2026-06-01 12:52:42 | INFO | samsung_auto_trader | Token reuse: cached same-day token is valid.
2026-06-01 12:52:46 | INFO | samsung_auto_trader | Token reuse: cached same-day token is valid.
2026-06-01 12:52:50 | INFO | samsung_auto_trader | Sell order request: qty=1, price=349000 | sellable_qty=12 min_position=3
2026-06-01 12:52:50 | INFO | samsung_auto_trader | Token reuse: cached same-day token is valid.
2026-06-01 12:52:50 | INFO | samsung_auto_trader | Sell order accepted | order_no=00950 | order_time=125250 | qty=1 | price=349000
2026-06-01 12:52:50 | INFO | samsung_auto_trader | Waiting 5 seconds before post-sell balance check.
2026-06-01 12:52:55 | INFO | samsung_auto_trader | Token reuse: cached same-day token is valid.
2026-06-01 12:52:55 | WARNING | samsung_auto_trader | API request failed (GET /uapi/domestic-stock/v1/trading/inquire-balance, attempt 1/3): ('Connection aborted.', RemoteDisconnected('Remote end closed connection without response'))
2026-06-01 12:53:03 | INFO | samsung_auto_trader | Token reuse: cached same-day token is valid.
2026-06-01 12:53:10 | INFO | samsung_auto_trader | Token reuse: cached same-day token is valid.
2026-06-01 12:53:13 | INFO | samsung_auto_trader | Token reuse: cached same-day token is valid.
2026-06-01 12:53:16 | INFO | samsung_auto_trader | Token reuse: cached same-day token is valid.
2026-06-01 12:53:19 | INFO | samsung_auto_trader | Token reuse: cached same-day token is valid.
2026-06-01 12:53:21 | INFO | samsung_auto_trader | Token reuse: cached same-day token is valid.
2026-06-01 12:53:23 | INFO | samsung_auto_trader | Holdings after sell | cash_available=1570500 | total_eval_amount=9566286 | samsung_holding={'symbol': '005930', 'qty': 17, 'sellable_qty': 13, 'avg_price': 0}
2026-06-01 12:53:23 | INFO | samsung_auto_trader | 
====================================================================
[STATUS] 2026-06-01 12:53:23 KST
holding | symbol=005930 qty=17 sellable_qty=13 avg_price=0
inventory_limits | initial=12 min=3 max=25 effective_position=19
open_orders | buy_open=6 sell_open=4 total_open=10
 - side=sell order_no=0000025973 time=125250 qty=1 filled=0 unfilled=1 price=349000 branch=
 - side=sell order_no=0000025823 time=125011 qty=1 filled=0 unfilled=1 price=349500 branch=
 - side=sell order_no=0000025704 time=124756 qty=1 filled=0 unfilled=1 price=349500 branch=
 - side=sell order_no=0000025003 time=123729 qty=1 filled=0 unfilled=1 price=349500 branch=
 - side=buy order_no=0000023150 time=120324 qty=1 filled=0 unfilled=1 price=345500 branch=
 - side=buy order_no=0000023033 time=120151 qty=1 filled=0 unfilled=1 price=345500 branch=
 - side=buy order_no=0000022846 time=115950 qty=1 filled=0 unfilled=1 price=345500 branch=
 - side=buy order_no=0000022722 time=115827 qty=1 filled=0 unfilled=1 price=345500 branch=
 - side=buy order_no=0000022549 time=115623 qty=1 filled=0 unfilled=1 price=345000 branch=
 - side=buy order_no=0000022440 time=115448 qty=1 filled=0 unfilled=1 price=343500 branch=
====================================================================
2026-06-01 12:53:23 | INFO | samsung_auto_trader | Execution check for sell: before_qty=15, after_qty=17, executed=False
2026-06-01 12:53:23 | INFO | samsung_auto_trader | Trade cycle finished.
2026-06-01 12:53:43 | INFO | samsung_auto_trader | Starting trade cycle.
2026-06-01 12:53:43 | INFO | samsung_auto_trader | Token reuse: cached same-day token is valid.
2026-06-01 12:53:43 | INFO | samsung_auto_trader | Current price: 348000 KRW | inferred_tick_size=500
2026-06-01 12:53:44 | INFO | samsung_auto_trader | Token reuse: cached same-day token is valid.
2026-06-01 12:53:45 | INFO | samsung_auto_trader | Token reuse: cached same-day token is valid.
2026-06-01 12:53:46 | INFO | samsung_auto_trader | Token reuse: cached same-day token is valid.
2026-06-01 12:53:47 | INFO | samsung_auto_trader | Token reuse: cached same-day token is valid.
2026-06-01 12:53:48 | INFO | samsung_auto_trader | Token reuse: cached same-day token is valid.
2026-06-01 12:53:49 | INFO | samsung_auto_trader | Token reuse: cached same-day token is valid.
2026-06-01 12:53:50 | INFO | samsung_auto_trader | Token reuse: cached same-day token is valid.
2026-06-01 12:53:50 | INFO | samsung_auto_trader | Holdings before order | cash_available=1570500 | total_eval_amount=9562036 | samsung_holding={'symbol': '005930', 'qty': 17, 'sellable_qty': 13, 'avg_price': 0}
2026-06-01 12:53:50 | INFO | samsung_auto_trader | 
====================================================================
[STATUS] 2026-06-01 12:53:50 KST
holding | symbol=005930 qty=17 sellable_qty=13 avg_price=0
inventory_limits | initial=12 min=3 max=25 effective_position=19
open_orders | buy_open=6 sell_open=4 total_open=10
 - side=sell order_no=0000025973 time=125250 qty=1 filled=0 unfilled=1 price=349000 branch=
 - side=sell order_no=0000025823 time=125011 qty=1 filled=0 unfilled=1 price=349500 branch=
 - side=sell order_no=0000025704 time=124756 qty=1 filled=0 unfilled=1 price=349500 branch=
 - side=sell order_no=0000025003 time=123729 qty=1 filled=0 unfilled=1 price=349500 branch=
 - side=buy order_no=0000023150 time=120324 qty=1 filled=0 unfilled=1 price=345500 branch=
 - side=buy order_no=0000023033 time=120151 qty=1 filled=0 unfilled=1 price=345500 branch=
 - side=buy order_no=0000022846 time=115950 qty=1 filled=0 unfilled=1 price=345500 branch=
 - side=buy order_no=0000022722 time=115827 qty=1 filled=0 unfilled=1 price=345500 branch=
 - side=buy order_no=0000022549 time=115623 qty=1 filled=0 unfilled=1 price=345000 branch=
 - side=buy order_no=0000022440 time=115448 qty=1 filled=0 unfilled=1 price=343500 branch=
====================================================================
2026-06-01 12:53:50 | INFO | samsung_auto_trader | Price normalized by tick size | current=348000 tick=500 raw_buy=347000 buy=347000 raw_sell=349000 sell=349000
2026-06-01 12:53:50 | INFO | samsung_auto_trader | Buy order request: qty=1, price=347000
2026-06-01 12:53:51 | INFO | samsung_auto_trader | Token reuse: cached same-day token is valid.
2026-06-01 12:53:51 | INFO | samsung_auto_trader | Buy order accepted | order_no=00950 | order_time=125351 | qty=1 | price=347000
2026-06-01 12:53:51 | INFO | samsung_auto_trader | Waiting 5 seconds before post-buy balance check.
2026-06-01 12:53:56 | INFO | samsung_auto_trader | Token reuse: cached same-day token is valid.
2026-06-01 12:53:56 | WARNING | samsung_auto_trader | API request failed (GET /uapi/domestic-stock/v1/trading/inquire-balance, attempt 1/3): ('Connection aborted.', RemoteDisconnected('Remote end closed connection without response'))
2026-06-01 12:53:58 | INFO | samsung_auto_trader | Token reuse: cached same-day token is valid.
2026-06-01 12:53:59 | INFO | samsung_auto_trader | Token reuse: cached same-day token is valid.
2026-06-01 12:54:01 | INFO | samsung_auto_trader | Token reuse: cached same-day token is valid.
2026-06-01 12:54:03 | INFO | samsung_auto_trader | Token reuse: cached same-day token is valid.
2026-06-01 12:54:07 | INFO | samsung_auto_trader | Token reuse: cached same-day token is valid.
2026-06-01 12:54:12 | INFO | samsung_auto_trader | Token reuse: cached same-day token is valid.
2026-06-01 12:54:17 | INFO | samsung_auto_trader | Holdings after buy | cash_available=1225235 | total_eval_amount=9562486 | samsung_holding={'symbol': '005930', 'qty': 18, 'sellable_qty': 14, 'avg_price': 0}
2026-06-01 12:54:17 | INFO | samsung_auto_trader | 
====================================================================
[STATUS] 2026-06-01 12:54:17 KST
holding | symbol=005930 qty=18 sellable_qty=14 avg_price=0
inventory_limits | initial=12 min=3 max=25 effective_position=20
open_orders | buy_open=6 sell_open=4 total_open=10
 - side=sell order_no=0000025973 time=125250 qty=1 filled=0 unfilled=1 price=349000 branch=
 - side=sell order_no=0000025823 time=125011 qty=1 filled=0 unfilled=1 price=349500 branch=
 - side=sell order_no=0000025704 time=124756 qty=1 filled=0 unfilled=1 price=349500 branch=
 - side=sell order_no=0000025003 time=123729 qty=1 filled=0 unfilled=1 price=349500 branch=
 - side=buy order_no=0000023150 time=120324 qty=1 filled=0 unfilled=1 price=345500 branch=
 - side=buy order_no=0000023033 time=120151 qty=1 filled=0 unfilled=1 price=345500 branch=
 - side=buy order_no=0000022846 time=115950 qty=1 filled=0 unfilled=1 price=345500 branch=
 - side=buy order_no=0000022722 time=115827 qty=1 filled=0 unfilled=1 price=345500 branch=
 - side=buy order_no=0000022549 time=115623 qty=1 filled=0 unfilled=1 price=345000 branch=
 - side=buy order_no=0000022440 time=115448 qty=1 filled=0 unfilled=1 price=343500 branch=
====================================================================
2026-06-01 12:54:17 | INFO | samsung_auto_trader | Execution check for buy: before_qty=17, after_qty=18, executed=True
2026-06-01 12:54:17 | INFO | samsung_auto_trader | Token reuse: cached same-day token is valid.
2026-06-01 12:54:18 | WARNING | samsung_auto_trader | API request failed (GET /uapi/domestic-stock/v1/trading/inquire-daily-ccld, attempt 1/3): ('Connection aborted.', RemoteDisconnected('Remote end closed connection without response'))
2026-06-01 12:54:20 | INFO | samsung_auto_trader | Token reuse: cached same-day token is valid.
2026-06-01 12:54:22 | INFO | samsung_auto_trader | Token reuse: cached same-day token is valid.
2026-06-01 12:54:23 | INFO | samsung_auto_trader | Token reuse: cached same-day token is valid.
2026-06-01 12:54:24 | INFO | samsung_auto_trader | Token reuse: cached same-day token is valid.
2026-06-01 12:54:26 | INFO | samsung_auto_trader | Sell order request: qty=1, price=349000 | sellable_qty=14 min_position=3
2026-06-01 12:54:26 | INFO | samsung_auto_trader | Token reuse: cached same-day token is valid.
2026-06-01 12:54:27 | INFO | samsung_auto_trader | Sell order accepted | order_no=00950 | order_time=125427 | qty=1 | price=349000
2026-06-01 12:54:27 | INFO | samsung_auto_trader | Waiting 5 seconds before post-sell balance check.
2026-06-01 12:54:32 | INFO | samsung_auto_trader | Token reuse: cached same-day token is valid.
2026-06-01 12:54:32 | WARNING | samsung_auto_trader | API request failed (GET /uapi/domestic-stock/v1/trading/inquire-balance, attempt 1/3): ('Connection aborted.', RemoteDisconnected('Remote end closed connection without response'))
2026-06-01 12:54:38 | INFO | samsung_auto_trader | Token reuse: cached same-day token is valid.
2026-06-01 12:54:43 | INFO | samsung_auto_trader | Token reuse: cached same-day token is valid.
2026-06-01 12:54:48 | INFO | samsung_auto_trader | Token reuse: cached same-day token is valid.
2026-06-01 12:54:53 | INFO | samsung_auto_trader | Token reuse: cached same-day token is valid.
2026-06-01 12:54:58 | INFO | samsung_auto_trader | Token reuse: cached same-day token is valid.
2026-06-01 12:55:04 | INFO | samsung_auto_trader | Token reuse: cached same-day token is valid.
2026-06-01 12:55:12 | INFO | samsung_auto_trader | Holdings after sell | cash_available=1225235 | total_eval_amount=9562486 | samsung_holding={'symbol': '005930', 'qty': 18, 'sellable_qty': 13, 'avg_price': 0}
2026-06-01 12:55:12 | INFO | samsung_auto_trader | 
====================================================================
[STATUS] 2026-06-01 12:55:12 KST
holding | symbol=005930 qty=18 sellable_qty=13 avg_price=0
inventory_limits | initial=12 min=3 max=25 effective_position=19
open_orders | buy_open=6 sell_open=5 total_open=11
 - side=sell order_no=0000026071 time=125427 qty=1 filled=0 unfilled=1 price=349000 branch=
 - side=sell order_no=0000025973 time=125250 qty=1 filled=0 unfilled=1 price=349000 branch=
 - side=sell order_no=0000025823 time=125011 qty=1 filled=0 unfilled=1 price=349500 branch=
 - side=sell order_no=0000025704 time=124756 qty=1 filled=0 unfilled=1 price=349500 branch=
 - side=sell order_no=0000025003 time=123729 qty=1 filled=0 unfilled=1 price=349500 branch=
 - side=buy order_no=0000023150 time=120324 qty=1 filled=0 unfilled=1 price=345500 branch=
 - side=buy order_no=0000023033 time=120151 qty=1 filled=0 unfilled=1 price=345500 branch=
 - side=buy order_no=0000022846 time=115950 qty=1 filled=0 unfilled=1 price=345500 branch=
 - side=buy order_no=0000022722 time=115827 qty=1 filled=0 unfilled=1 price=345500 branch=
 - side=buy order_no=0000022549 time=115623 qty=1 filled=0 unfilled=1 price=345000 branch=
 - side=buy order_no=0000022440 time=115448 qty=1 filled=0 unfilled=1 price=343500 branch=
====================================================================
2026-06-01 12:55:12 | INFO | samsung_auto_trader | Execution check for sell: before_qty=18, after_qty=18, executed=False
2026-06-01 12:55:12 | INFO | samsung_auto_trader | Trade cycle finished.
2026-06-01 12:55:32 | INFO | samsung_auto_trader | Starting trade cycle.
2026-06-01 12:55:32 | INFO | samsung_auto_trader | Token reuse: cached same-day token is valid.
2026-06-01 12:55:34 | INFO | samsung_auto_trader | Current price: 347250 KRW | inferred_tick_size=500
2026-06-01 12:55:34 | INFO | samsung_auto_trader | Token reuse: cached same-day token is valid.
2026-06-01 12:55:42 | INFO | samsung_auto_trader | Token reuse: cached same-day token is valid.
2026-06-01 12:55:49 | INFO | samsung_auto_trader | Token reuse: cached same-day token is valid.
2026-06-01 12:55:57 | INFO | samsung_auto_trader | Token reuse: cached same-day token is valid.
2026-06-01 12:56:04 | INFO | samsung_auto_trader | Token reuse: cached same-day token is valid.
2026-06-01 12:56:13 | INFO | samsung_auto_trader | Token reuse: cached same-day token is valid.
2026-06-01 12:56:22 | INFO | samsung_auto_trader | Token reuse: cached same-day token is valid.
2026-06-01 12:56:31 | INFO | samsung_auto_trader | Holdings before order | cash_available=1225235 | total_eval_amount=9557986 | samsung_holding={'symbol': '005930', 'qty': 18, 'sellable_qty': 13, 'avg_price': 0}
2026-06-01 12:56:31 | INFO | samsung_auto_trader | 
====================================================================
[STATUS] 2026-06-01 12:56:31 KST
holding | symbol=005930 qty=18 sellable_qty=13 avg_price=0
inventory_limits | initial=12 min=3 max=25 effective_position=19
open_orders | buy_open=6 sell_open=5 total_open=11
 - side=sell order_no=0000026071 time=125427 qty=1 filled=0 unfilled=1 price=349000 branch=
 - side=sell order_no=0000025973 time=125250 qty=1 filled=0 unfilled=1 price=349000 branch=
 - side=sell order_no=0000025823 time=125011 qty=1 filled=0 unfilled=1 price=349500 branch=
 - side=sell order_no=0000025704 time=124756 qty=1 filled=0 unfilled=1 price=349500 branch=
 - side=sell order_no=0000025003 time=123729 qty=1 filled=0 unfilled=1 price=349500 branch=
 - side=buy order_no=0000023150 time=120324 qty=1 filled=0 unfilled=1 price=345500 branch=
 - side=buy order_no=0000023033 time=120151 qty=1 filled=0 unfilled=1 price=345500 branch=
 - side=buy order_no=0000022846 time=115950 qty=1 filled=0 unfilled=1 price=345500 branch=
 - side=buy order_no=0000022722 time=115827 qty=1 filled=0 unfilled=1 price=345500 branch=
 - side=buy order_no=0000022549 time=115623 qty=1 filled=0 unfilled=1 price=345000 branch=
 - side=buy order_no=0000022440 time=115448 qty=1 filled=0 unfilled=1 price=343500 branch=
====================================================================
2026-06-01 12:56:31 | INFO | samsung_auto_trader | Price normalized by tick size | current=347250 tick=500 raw_buy=346250 buy=346000 raw_sell=348250 sell=348500
2026-06-01 12:56:31 | INFO | samsung_auto_trader | Buy order request: qty=1, price=346000
2026-06-01 12:56:31 | INFO | samsung_auto_trader | Token reuse: cached same-day token is valid.
2026-06-01 12:56:39 | INFO | samsung_auto_trader | Buy order accepted | order_no=00950 | order_time=125639 | qty=1 | price=346000
2026-06-01 12:56:39 | INFO | samsung_auto_trader | Waiting 5 seconds before post-buy balance check.
2026-06-01 12:56:44 | INFO | samsung_auto_trader | Token reuse: cached same-day token is valid.
2026-06-01 12:56:46 | INFO | samsung_auto_trader | Token reuse: cached same-day token is valid.
2026-06-01 12:56:48 | INFO | samsung_auto_trader | Token reuse: cached same-day token is valid.
2026-06-01 12:56:49 | INFO | samsung_auto_trader | Token reuse: cached same-day token is valid.
2026-06-01 12:56:50 | INFO | samsung_auto_trader | Token reuse: cached same-day token is valid.
2026-06-01 12:56:51 | INFO | samsung_auto_trader | Token reuse: cached same-day token is valid.
2026-06-01 12:56:52 | INFO | samsung_auto_trader | Token reuse: cached same-day token is valid.
2026-06-01 12:56:52 | INFO | samsung_auto_trader | Holdings after buy | cash_available=880965 | total_eval_amount=9562486 | samsung_holding={'symbol': '005930', 'qty': 18, 'sellable_qty': 13, 'avg_price': 0}
2026-06-01 12:56:52 | INFO | samsung_auto_trader | 
====================================================================
[STATUS] 2026-06-01 12:56:52 KST
holding | symbol=005930 qty=18 sellable_qty=13 avg_price=0
inventory_limits | initial=12 min=3 max=25 effective_position=20
open_orders | buy_open=7 sell_open=5 total_open=12
 - side=buy order_no=0000026207 time=125639 qty=1 filled=0 unfilled=1 price=346000 branch=
 - side=sell order_no=0000026071 time=125427 qty=1 filled=0 unfilled=1 price=349000 branch=
 - side=sell order_no=0000025973 time=125250 qty=1 filled=0 unfilled=1 price=349000 branch=
 - side=sell order_no=0000025823 time=125011 qty=1 filled=0 unfilled=1 price=349500 branch=
 - side=sell order_no=0000025704 time=124756 qty=1 filled=0 unfilled=1 price=349500 branch=
 - side=sell order_no=0000025003 time=123729 qty=1 filled=0 unfilled=1 price=349500 branch=
 - side=buy order_no=0000023150 time=120324 qty=1 filled=0 unfilled=1 price=345500 branch=
 - side=buy order_no=0000023033 time=120151 qty=1 filled=0 unfilled=1 price=345500 branch=
 - side=buy order_no=0000022846 time=115950 qty=1 filled=0 unfilled=1 price=345500 branch=
 - side=buy order_no=0000022722 time=115827 qty=1 filled=0 unfilled=1 price=345500 branch=
 - side=buy order_no=0000022549 time=115623 qty=1 filled=0 unfilled=1 price=345000 branch=
 - side=buy order_no=0000022440 time=115448 qty=1 filled=0 unfilled=1 price=343500 branch=
====================================================================
2026-06-01 12:56:52 | INFO | samsung_auto_trader | Execution check for buy: before_qty=18, after_qty=18, executed=False
2026-06-01 12:56:53 | INFO | samsung_auto_trader | Token reuse: cached same-day token is valid.
2026-06-01 12:56:54 | INFO | samsung_auto_trader | Token reuse: cached same-day token is valid.
2026-06-01 12:56:55 | INFO | samsung_auto_trader | Token reuse: cached same-day token is valid.
2026-06-01 12:56:56 | INFO | samsung_auto_trader | Token reuse: cached same-day token is valid.
2026-06-01 12:56:57 | INFO | samsung_auto_trader | Token reuse: cached same-day token is valid.
2026-06-01 12:56:57 | INFO | samsung_auto_trader | Sell order request: qty=1, price=348500 | sellable_qty=13 min_position=3
2026-06-01 12:56:58 | INFO | samsung_auto_trader | Token reuse: cached same-day token is valid.
2026-06-01 12:57:00 | INFO | samsung_auto_trader | Sell order accepted | order_no=00950 | order_time=125700 | qty=1 | price=348500
2026-06-01 12:57:00 | INFO | samsung_auto_trader | Waiting 5 seconds before post-sell balance check.
2026-06-01 12:57:05 | INFO | samsung_auto_trader | Token reuse: cached same-day token is valid.
2026-06-01 12:57:05 | WARNING | samsung_auto_trader | API request failed (GET /uapi/domestic-stock/v1/trading/inquire-balance, attempt 1/3): ('Connection aborted.', RemoteDisconnected('Remote end closed connection without response'))
2026-06-01 12:57:10 | INFO | samsung_auto_trader | Token reuse: cached same-day token is valid.
2026-06-01 12:57:13 | INFO | samsung_auto_trader | Token reuse: cached same-day token is valid.
2026-06-01 12:57:14 | INFO | samsung_auto_trader | Token reuse: cached same-day token is valid.
2026-06-01 12:57:15 | INFO | samsung_auto_trader | Token reuse: cached same-day token is valid.
2026-06-01 12:57:16 | INFO | samsung_auto_trader | Token reuse: cached same-day token is valid.
2026-06-01 12:57:17 | INFO | samsung_auto_trader | Token reuse: cached same-day token is valid.
2026-06-01 12:57:17 | INFO | samsung_auto_trader | Holdings after sell | cash_available=880965 | total_eval_amount=9548986 | samsung_holding={'symbol': '005930', 'qty': 18, 'sellable_qty': 12, 'avg_price': 0}
2026-06-01 12:57:17 | INFO | samsung_auto_trader | 
====================================================================
[STATUS] 2026-06-01 12:57:17 KST
holding | symbol=005930 qty=18 sellable_qty=12 avg_price=0
inventory_limits | initial=12 min=3 max=25 effective_position=19
open_orders | buy_open=7 sell_open=6 total_open=13
 - side=sell order_no=0000026237 time=125700 qty=1 filled=0 unfilled=1 price=348500 branch=
 - side=buy order_no=0000026207 time=125639 qty=1 filled=0 unfilled=1 price=346000 branch=
 - side=sell order_no=0000026071 time=125427 qty=1 filled=0 unfilled=1 price=349000 branch=
 - side=sell order_no=0000025973 time=125250 qty=1 filled=0 unfilled=1 price=349000 branch=
 - side=sell order_no=0000025823 time=125011 qty=1 filled=0 unfilled=1 price=349500 branch=
 - side=sell order_no=0000025704 time=124756 qty=1 filled=0 unfilled=1 price=349500 branch=
 - side=sell order_no=0000025003 time=123729 qty=1 filled=0 unfilled=1 price=349500 branch=
 - side=buy order_no=0000023150 time=120324 qty=1 filled=0 unfilled=1 price=345500 branch=
 - side=buy order_no=0000023033 time=120151 qty=1 filled=0 unfilled=1 price=345500 branch=
 - side=buy order_no=0000022846 time=115950 qty=1 filled=0 unfilled=1 price=345500 branch=
 - side=buy order_no=0000022722 time=115827 qty=1 filled=0 unfilled=1 price=345500 branch=
 - side=buy order_no=0000022549 time=115623 qty=1 filled=0 unfilled=1 price=345000 branch=
 - side=buy order_no=0000022440 time=115448 qty=1 filled=0 unfilled=1 price=343500 branch=
====================================================================
2026-06-01 12:57:17 | INFO | samsung_auto_trader | Execution check for sell: before_qty=18, after_qty=18, executed=False
2026-06-01 12:57:17 | INFO | samsung_auto_trader | Trade cycle finished.
2026-06-01 12:57:37 | INFO | samsung_auto_trader | Starting trade cycle.
2026-06-01 12:57:37 | INFO | samsung_auto_trader | Token reuse: cached same-day token is valid.
2026-06-01 12:57:39 | INFO | samsung_auto_trader | Current price: 346000 KRW | inferred_tick_size=500
2026-06-01 12:57:39 | INFO | samsung_auto_trader | Token reuse: cached same-day token is valid.
2026-06-01 12:57:45 | INFO | samsung_auto_trader | Token reuse: cached same-day token is valid.
2026-06-01 12:57:50 | INFO | samsung_auto_trader | Token reuse: cached same-day token is valid.
2026-06-01 12:57:56 | INFO | samsung_auto_trader | Token reuse: cached same-day token is valid.
2026-06-01 12:58:02 | INFO | samsung_auto_trader | Token reuse: cached same-day token is valid.
2026-06-01 12:58:09 | INFO | samsung_auto_trader | Token reuse: cached same-day token is valid.
2026-06-01 12:58:10 | INFO | samsung_auto_trader | Token reuse: cached same-day token is valid.
2026-06-01 12:58:10 | INFO | samsung_auto_trader | Holdings before order | cash_available=880965 | total_eval_amount=9535436 | samsung_holding={'symbol': '005930', 'qty': 19, 'sellable_qty': 13, 'avg_price': 0}
2026-06-01 12:58:10 | INFO | samsung_auto_trader | 
====================================================================
[STATUS] 2026-06-01 12:58:10 KST
holding | symbol=005930 qty=19 sellable_qty=13 avg_price=0
inventory_limits | initial=12 min=3 max=25 effective_position=19
open_orders | buy_open=6 sell_open=6 total_open=12
 - side=sell order_no=0000026237 time=125700 qty=1 filled=0 unfilled=1 price=348500 branch=
 - side=sell order_no=0000026071 time=125427 qty=1 filled=0 unfilled=1 price=349000 branch=
 - side=sell order_no=0000025973 time=125250 qty=1 filled=0 unfilled=1 price=349000 branch=
 - side=sell order_no=0000025823 time=125011 qty=1 filled=0 unfilled=1 price=349500 branch=
 - side=sell order_no=0000025704 time=124756 qty=1 filled=0 unfilled=1 price=349500 branch=
 - side=sell order_no=0000025003 time=123729 qty=1 filled=0 unfilled=1 price=349500 branch=
 - side=buy order_no=0000023150 time=120324 qty=1 filled=0 unfilled=1 price=345500 branch=
 - side=buy order_no=0000023033 time=120151 qty=1 filled=0 unfilled=1 price=345500 branch=
 - side=buy order_no=0000022846 time=115950 qty=1 filled=0 unfilled=1 price=345500 branch=
 - side=buy order_no=0000022722 time=115827 qty=1 filled=0 unfilled=1 price=345500 branch=
 - side=buy order_no=0000022549 time=115623 qty=1 filled=0 unfilled=1 price=345000 branch=
 - side=buy order_no=0000022440 time=115448 qty=1 filled=0 unfilled=1 price=343500 branch=
====================================================================
2026-06-01 12:58:10 | INFO | samsung_auto_trader | Price normalized by tick size | current=346000 tick=500 raw_buy=345000 buy=345000 raw_sell=347000 sell=347000
2026-06-01 12:58:10 | INFO | samsung_auto_trader | Skipping buy this cycle | holding_qty=19 buy_open=6 max_position=25
2026-06-01 12:58:10 | INFO | samsung_auto_trader | Buy order skipped: max position reached, open buy exposure already counted, or available cash was not enough | holding_qty=19 effective_position=19 cash_available=880965 max_position=25
2026-06-01 12:58:11 | INFO | samsung_auto_trader | Token reuse: cached same-day token is valid.
2026-06-01 12:58:12 | INFO | samsung_auto_trader | Token reuse: cached same-day token is valid.
2026-06-01 12:58:13 | INFO | samsung_auto_trader | Token reuse: cached same-day token is valid.
2026-06-01 12:58:14 | INFO | samsung_auto_trader | Token reuse: cached same-day token is valid.
2026-06-01 12:58:15 | INFO | samsung_auto_trader | Token reuse: cached same-day token is valid.
2026-06-01 12:58:15 | INFO | samsung_auto_trader | Sell order request: qty=1, price=347000 | sellable_qty=13 min_position=3
2026-06-01 12:58:16 | INFO | samsung_auto_trader | Token reuse: cached same-day token is valid.
2026-06-01 12:58:19 | INFO | samsung_auto_trader | Sell order accepted | order_no=00950 | order_time=125819 | qty=1 | price=347000
2026-06-01 12:58:19 | INFO | samsung_auto_trader | Waiting 5 seconds before post-sell balance check.
2026-06-01 12:58:24 | INFO | samsung_auto_trader | Token reuse: cached same-day token is valid.
2026-06-01 12:58:24 | WARNING | samsung_auto_trader | API request failed (GET /uapi/domestic-stock/v1/trading/inquire-balance, attempt 1/3): ('Connection aborted.', RemoteDisconnected('Remote end closed connection without response'))
2026-06-01 12:58:31 | INFO | samsung_auto_trader | Token reuse: cached same-day token is valid.
2026-06-01 12:58:36 | INFO | samsung_auto_trader | Token reuse: cached same-day token is valid.
2026-06-01 12:58:41 | INFO | samsung_auto_trader | Token reuse: cached same-day token is valid.
2026-06-01 12:58:45 | INFO | samsung_auto_trader | Token reuse: cached same-day token is valid.
2026-06-01 12:58:49 | INFO | samsung_auto_trader | Token reuse: cached same-day token is valid.
2026-06-01 12:58:54 | INFO | samsung_auto_trader | Token reuse: cached same-day token is valid.
2026-06-01 12:58:59 | INFO | samsung_auto_trader | Holdings after sell | cash_available=1225194 | total_eval_amount=9544936 | samsung_holding={'symbol': '005930', 'qty': 19, 'sellable_qty': 12, 'avg_price': 0}
2026-06-01 12:58:59 | INFO | samsung_auto_trader | 
====================================================================
[STATUS] 2026-06-01 12:58:59 KST
holding | symbol=005930 qty=19 sellable_qty=12 avg_price=0
inventory_limits | initial=12 min=3 max=25 effective_position=19
open_orders | buy_open=6 sell_open=6 total_open=12
 - side=sell order_no=0000026237 time=125700 qty=1 filled=0 unfilled=1 price=348500 branch=
 - side=sell order_no=0000026071 time=125427 qty=1 filled=0 unfilled=1 price=349000 branch=
 - side=sell order_no=0000025973 time=125250 qty=1 filled=0 unfilled=1 price=349000 branch=
 - side=sell order_no=0000025823 time=125011 qty=1 filled=0 unfilled=1 price=349500 branch=
 - side=sell order_no=0000025704 time=124756 qty=1 filled=0 unfilled=1 price=349500 branch=
 - side=sell order_no=0000025003 time=123729 qty=1 filled=0 unfilled=1 price=349500 branch=
 - side=buy order_no=0000023150 time=120324 qty=1 filled=0 unfilled=1 price=345500 branch=
 - side=buy order_no=0000023033 time=120151 qty=1 filled=0 unfilled=1 price=345500 branch=
 - side=buy order_no=0000022846 time=115950 qty=1 filled=0 unfilled=1 price=345500 branch=
 - side=buy order_no=0000022722 time=115827 qty=1 filled=0 unfilled=1 price=345500 branch=
 - side=buy order_no=0000022549 time=115623 qty=1 filled=0 unfilled=1 price=345000 branch=
 - side=buy order_no=0000022440 time=115448 qty=1 filled=0 unfilled=1 price=343500 branch=
====================================================================
2026-06-01 12:58:59 | INFO | samsung_auto_trader | Execution check for sell: before_qty=19, after_qty=19, executed=False
2026-06-01 12:58:59 | INFO | samsung_auto_trader | Trade cycle finished.
2026-06-01 12:59:19 | INFO | samsung_auto_trader | Starting trade cycle.
2026-06-01 12:59:19 | INFO | samsung_auto_trader | Token reuse: cached same-day token is valid.
2026-06-01 12:59:19 | INFO | samsung_auto_trader | Current price: 347500 KRW | inferred_tick_size=500
2026-06-01 12:59:20 | INFO | samsung_auto_trader | Token reuse: cached same-day token is valid.
2026-06-01 12:59:23 | INFO | samsung_auto_trader | Token reuse: cached same-day token is valid.
2026-06-01 12:59:27 | INFO | samsung_auto_trader | Token reuse: cached same-day token is valid.
2026-06-01 12:59:31 | INFO | samsung_auto_trader | Token reuse: cached same-day token is valid.
2026-06-01 12:59:36 | INFO | samsung_auto_trader | Token reuse: cached same-day token is valid.
2026-06-01 12:59:41 | INFO | samsung_auto_trader | Token reuse: cached same-day token is valid.
2026-06-01 12:59:44 | INFO | samsung_auto_trader | Token reuse: cached same-day token is valid.
2026-06-01 12:59:47 | INFO | samsung_auto_trader | Holdings before order | cash_available=1225194 | total_eval_amount=9562691 | samsung_holding={'symbol': '005930', 'qty': 18, 'sellable_qty': 12, 'avg_price': 0}
2026-06-01 12:59:47 | INFO | samsung_auto_trader | 
====================================================================
[STATUS] 2026-06-01 12:59:47 KST
holding | symbol=005930 qty=18 sellable_qty=12 avg_price=0
inventory_limits | initial=12 min=3 max=25 effective_position=18
open_orders | buy_open=6 sell_open=6 total_open=12
 - side=sell order_no=0000026237 time=125700 qty=1 filled=0 unfilled=1 price=348500 branch=
 - side=sell order_no=0000026071 time=125427 qty=1 filled=0 unfilled=1 price=349000 branch=
 - side=sell order_no=0000025973 time=125250 qty=1 filled=0 unfilled=1 price=349000 branch=
 - side=sell order_no=0000025823 time=125011 qty=1 filled=0 unfilled=1 price=349500 branch=
 - side=sell order_no=0000025704 time=124756 qty=1 filled=0 unfilled=1 price=349500 branch=
 - side=sell order_no=0000025003 time=123729 qty=1 filled=0 unfilled=1 price=349500 branch=
 - side=buy order_no=0000023150 time=120324 qty=1 filled=0 unfilled=1 price=345500 branch=
 - side=buy order_no=0000023033 time=120151 qty=1 filled=0 unfilled=1 price=345500 branch=
 - side=buy order_no=0000022846 time=115950 qty=1 filled=0 unfilled=1 price=345500 branch=
 - side=buy order_no=0000022722 time=115827 qty=1 filled=0 unfilled=1 price=345500 branch=
 - side=buy order_no=0000022549 time=115623 qty=1 filled=0 unfilled=1 price=345000 branch=
 - side=buy order_no=0000022440 time=115448 qty=1 filled=0 unfilled=1 price=343500 branch=
====================================================================
2026-06-01 12:59:47 | INFO | samsung_auto_trader | Price normalized by tick size | current=347500 tick=500 raw_buy=346500 buy=346500 raw_sell=348500 sell=348500
2026-06-01 12:59:47 | INFO | samsung_auto_trader | Buy order request: qty=1, price=346500
2026-06-01 12:59:47 | INFO | samsung_auto_trader | Token reuse: cached same-day token is valid.
2026-06-01 12:59:47 | INFO | samsung_auto_trader | Buy order accepted | order_no=00950 | order_time=125947 | qty=1 | price=346500
2026-06-01 12:59:47 | INFO | samsung_auto_trader | Waiting 5 seconds before post-buy balance check.
2026-06-01 12:59:52 | INFO | samsung_auto_trader | Token reuse: cached same-day token is valid.
2026-06-01 12:59:52 | WARNING | samsung_auto_trader | API request failed (GET /uapi/domestic-stock/v1/trading/inquire-balance, attempt 1/3): ('Connection aborted.', RemoteDisconnected('Remote end closed connection without response'))
2026-06-01 12:59:56 | INFO | samsung_auto_trader | Token reuse: cached same-day token is valid.
2026-06-01 12:59:57 | INFO | samsung_auto_trader | Token reuse: cached same-day token is valid.
2026-06-01 12:59:58 | INFO | samsung_auto_trader | Token reuse: cached same-day token is valid.
2026-06-01 13:00:00 | INFO | samsung_auto_trader | Token reuse: cached same-day token is valid.
2026-06-01 13:00:03 | INFO | samsung_auto_trader | Token reuse: cached same-day token is valid.
2026-06-01 13:00:08 | INFO | samsung_auto_trader | Token reuse: cached same-day token is valid.
2026-06-01 13:00:14 | INFO | samsung_auto_trader | Holdings after buy | cash_available=880426 | total_eval_amount=9553691 | samsung_holding={'symbol': '005930', 'qty': 18, 'sellable_qty': 12, 'avg_price': 0}
2026-06-01 13:00:14 | INFO | samsung_auto_trader | 
====================================================================
[STATUS] 2026-06-01 13:00:14 KST
holding | symbol=005930 qty=18 sellable_qty=12 avg_price=0
inventory_limits | initial=12 min=3 max=25 effective_position=19
open_orders | buy_open=7 sell_open=6 total_open=13
 - side=buy order_no=0000026448 time=125947 qty=1 filled=0 unfilled=1 price=346500 branch=
 - side=sell order_no=0000026237 time=125700 qty=1 filled=0 unfilled=1 price=348500 branch=
 - side=sell order_no=0000026071 time=125427 qty=1 filled=0 unfilled=1 price=349000 branch=
 - side=sell order_no=0000025973 time=125250 qty=1 filled=0 unfilled=1 price=349000 branch=
 - side=sell order_no=0000025823 time=125011 qty=1 filled=0 unfilled=1 price=349500 branch=
 - side=sell order_no=0000025704 time=124756 qty=1 filled=0 unfilled=1 price=349500 branch=
 - side=sell order_no=0000025003 time=123729 qty=1 filled=0 unfilled=1 price=349500 branch=
 - side=buy order_no=0000023150 time=120324 qty=1 filled=0 unfilled=1 price=345500 branch=
 - side=buy order_no=0000023033 time=120151 qty=1 filled=0 unfilled=1 price=345500 branch=
 - side=buy order_no=0000022846 time=115950 qty=1 filled=0 unfilled=1 price=345500 branch=
 - side=buy order_no=0000022722 time=115827 qty=1 filled=0 unfilled=1 price=345500 branch=
 - side=buy order_no=0000022549 time=115623 qty=1 filled=0 unfilled=1 price=345000 branch=
 - side=buy order_no=0000022440 time=115448 qty=1 filled=0 unfilled=1 price=343500 branch=
====================================================================
2026-06-01 13:00:14 | INFO | samsung_auto_trader | Execution check for buy: before_qty=18, after_qty=18, executed=False
2026-06-01 13:00:14 | INFO | samsung_auto_trader | Token reuse: cached same-day token is valid.
2026-06-01 13:00:20 | INFO | samsung_auto_trader | Token reuse: cached same-day token is valid.
2026-06-01 13:00:27 | INFO | samsung_auto_trader | Token reuse: cached same-day token is valid.
2026-06-01 13:00:34 | INFO | samsung_auto_trader | Token reuse: cached same-day token is valid.
2026-06-01 13:00:42 | INFO | samsung_auto_trader | Token reuse: cached same-day token is valid.
2026-06-01 13:00:49 | INFO | samsung_auto_trader | Sell order request: qty=1, price=348500 | sellable_qty=12 min_position=3
2026-06-01 13:00:49 | INFO | samsung_auto_trader | Token reuse: cached same-day token is valid.
2026-06-01 13:00:55 | INFO | samsung_auto_trader | Sell order accepted | order_no=00950 | order_time=130055 | qty=1 | price=348500
2026-06-01 13:00:55 | INFO | samsung_auto_trader | Waiting 5 seconds before post-sell balance check.
2026-06-01 13:01:00 | INFO | samsung_auto_trader | Token reuse: cached same-day token is valid.
2026-06-01 13:01:00 | WARNING | samsung_auto_trader | API request failed (GET /uapi/domestic-stock/v1/trading/inquire-balance, attempt 1/3): ('Connection aborted.', RemoteDisconnected('Remote end closed connection without response'))
2026-06-01 13:01:10 | INFO | samsung_auto_trader | Token reuse: cached same-day token is valid.
2026-06-01 13:01:18 | INFO | samsung_auto_trader | Token reuse: cached same-day token is valid.
2026-06-01 13:01:26 | INFO | samsung_auto_trader | Token reuse: cached same-day token is valid.
2026-06-01 13:01:34 | INFO | samsung_auto_trader | Token reuse: cached same-day token is valid.
2026-06-01 13:01:41 | INFO | samsung_auto_trader | Token reuse: cached same-day token is valid.
2026-06-01 13:01:48 | INFO | samsung_auto_trader | Token reuse: cached same-day token is valid.
2026-06-01 13:01:56 | INFO | samsung_auto_trader | Holdings after sell | cash_available=880426 | total_eval_amount=9563641 | samsung_holding={'symbol': '005930', 'qty': 19, 'sellable_qty': 12, 'avg_price': 0}
2026-06-01 13:01:56 | INFO | samsung_auto_trader | 
====================================================================
[STATUS] 2026-06-01 13:01:56 KST
holding | symbol=005930 qty=19 sellable_qty=12 avg_price=0
inventory_limits | initial=12 min=3 max=25 effective_position=18
open_orders | buy_open=6 sell_open=7 total_open=13
 - side=sell order_no=0000026523 time=130055 qty=1 filled=0 unfilled=1 price=348500 branch=
 - side=sell order_no=0000026237 time=125700 qty=1 filled=0 unfilled=1 price=348500 branch=
 - side=sell order_no=0000026071 time=125427 qty=1 filled=0 unfilled=1 price=349000 branch=
 - side=sell order_no=0000025973 time=125250 qty=1 filled=0 unfilled=1 price=349000 branch=
 - side=sell order_no=0000025823 time=125011 qty=1 filled=0 unfilled=1 price=349500 branch=
 - side=sell order_no=0000025704 time=124756 qty=1 filled=0 unfilled=1 price=349500 branch=
 - side=sell order_no=0000025003 time=123729 qty=1 filled=0 unfilled=1 price=349500 branch=
 - side=buy order_no=0000023150 time=120324 qty=1 filled=0 unfilled=1 price=345500 branch=
 - side=buy order_no=0000023033 time=120151 qty=1 filled=0 unfilled=1 price=345500 branch=
 - side=buy order_no=0000022846 time=115950 qty=1 filled=0 unfilled=1 price=345500 branch=
 - side=buy order_no=0000022722 time=115827 qty=1 filled=0 unfilled=1 price=345500 branch=
 - side=buy order_no=0000022549 time=115623 qty=1 filled=0 unfilled=1 price=345000 branch=
 - side=buy order_no=0000022440 time=115448 qty=1 filled=0 unfilled=1 price=343500 branch=
====================================================================
2026-06-01 13:01:56 | INFO | samsung_auto_trader | Execution check for sell: before_qty=18, after_qty=19, executed=False
2026-06-01 13:01:56 | INFO | samsung_auto_trader | Trade cycle finished.
2026-06-01 13:02:16 | INFO | samsung_auto_trader | Starting trade cycle.
2026-06-01 13:02:16 | INFO | samsung_auto_trader | Token reuse: cached same-day token is valid.
2026-06-01 13:02:18 | INFO | samsung_auto_trader | Current price: 347500 KRW | inferred_tick_size=500
2026-06-01 13:02:18 | INFO | samsung_auto_trader | Token reuse: cached same-day token is valid.
2026-06-01 13:02:23 | INFO | samsung_auto_trader | Token reuse: cached same-day token is valid.
2026-06-01 13:02:28 | INFO | samsung_auto_trader | Token reuse: cached same-day token is valid.
2026-06-01 13:02:30 | INFO | samsung_auto_trader | Token reuse: cached same-day token is valid.
2026-06-01 13:02:31 | INFO | samsung_auto_trader | Token reuse: cached same-day token is valid.
2026-06-01 13:02:32 | WARNING | samsung_auto_trader | API request failed (GET /uapi/domestic-stock/v1/trading/inquire-daily-ccld, attempt 1/3): Retryable HTTP 500: {"rt_cd":"1","msg1":"초당 거래건수를 초과하였습니다.","msg_cd":"EGW00201","message":"EGW00201"}
2026-06-01 13:02:33 | INFO | samsung_auto_trader | Token reuse: cached same-day token is valid.
2026-06-01 13:02:33 | WARNING | samsung_auto_trader | API request failed (GET /uapi/domestic-stock/v1/trading/inquire-daily-ccld, attempt 1/3): Retryable HTTP 500: {"rt_cd":"1","msg1":"초당 거래건수를 초과하였습니다.","msg_cd":"EGW00201","message":"EGW00201"}
2026-06-01 13:02:39 | INFO | samsung_auto_trader | Token reuse: cached same-day token is valid.
2026-06-01 13:02:44 | INFO | samsung_auto_trader | Holdings before order | cash_available=880426 | total_eval_amount=9573141 | samsung_holding={'symbol': '005930', 'qty': 19, 'sellable_qty': 12, 'avg_price': 0}
2026-06-01 13:02:44 | INFO | samsung_auto_trader | 
====================================================================
[STATUS] 2026-06-01 13:02:44 KST
holding | symbol=005930 qty=19 sellable_qty=12 avg_price=0
inventory_limits | initial=12 min=3 max=25 effective_position=18
open_orders | buy_open=6 sell_open=7 total_open=13
 - side=sell order_no=0000026523 time=130055 qty=1 filled=0 unfilled=1 price=348500 branch=
 - side=sell order_no=0000026237 time=125700 qty=1 filled=0 unfilled=1 price=348500 branch=
 - side=sell order_no=0000026071 time=125427 qty=1 filled=0 unfilled=1 price=349000 branch=
 - side=sell order_no=0000025973 time=125250 qty=1 filled=0 unfilled=1 price=349000 branch=
 - side=sell order_no=0000025823 time=125011 qty=1 filled=0 unfilled=1 price=349500 branch=
 - side=sell order_no=0000025704 time=124756 qty=1 filled=0 unfilled=1 price=349500 branch=
 - side=sell order_no=0000025003 time=123729 qty=1 filled=0 unfilled=1 price=349500 branch=
 - side=buy order_no=0000023150 time=120324 qty=1 filled=0 unfilled=1 price=345500 branch=
 - side=buy order_no=0000023033 time=120151 qty=1 filled=0 unfilled=1 price=345500 branch=
 - side=buy order_no=0000022846 time=115950 qty=1 filled=0 unfilled=1 price=345500 branch=
 - side=buy order_no=0000022722 time=115827 qty=1 filled=0 unfilled=1 price=345500 branch=
 - side=buy order_no=0000022549 time=115623 qty=1 filled=0 unfilled=1 price=345000 branch=
 - side=buy order_no=0000022440 time=115448 qty=1 filled=0 unfilled=1 price=343500 branch=
====================================================================
2026-06-01 13:02:44 | INFO | samsung_auto_trader | Price normalized by tick size | current=347500 tick=500 raw_buy=346500 buy=346500 raw_sell=348500 sell=348500
2026-06-01 13:02:44 | INFO | samsung_auto_trader | Skipping buy this cycle | holding_qty=19 buy_open=6 max_position=25
2026-06-01 13:02:44 | INFO | samsung_auto_trader | Buy order skipped: max position reached, open buy exposure already counted, or available cash was not enough | holding_qty=19 effective_position=18 cash_available=880426 max_position=25
2026-06-01 13:02:44 | INFO | samsung_auto_trader | Token reuse: cached same-day token is valid.
2026-06-01 13:02:50 | INFO | samsung_auto_trader | Token reuse: cached same-day token is valid.
2026-06-01 13:02:55 | INFO | samsung_auto_trader | Token reuse: cached same-day token is valid.
2026-06-01 13:03:02 | INFO | samsung_auto_trader | Token reuse: cached same-day token is valid.
2026-06-01 13:03:09 | INFO | samsung_auto_trader | Token reuse: cached same-day token is valid.
2026-06-01 13:03:17 | INFO | samsung_auto_trader | Sell order request: qty=1, price=348500 | sellable_qty=12 min_position=3
2026-06-01 13:03:17 | INFO | samsung_auto_trader | Token reuse: cached same-day token is valid.
2026-06-01 13:03:22 | INFO | samsung_auto_trader | Sell order accepted | order_no=00950 | order_time=130322 | qty=1 | price=348500
2026-06-01 13:03:22 | INFO | samsung_auto_trader | Waiting 5 seconds before post-sell balance check.
2026-06-01 13:03:27 | INFO | samsung_auto_trader | Token reuse: cached same-day token is valid.
2026-06-01 13:03:27 | WARNING | samsung_auto_trader | API request failed (GET /uapi/domestic-stock/v1/trading/inquire-balance, attempt 1/3): ('Connection aborted.', RemoteDisconnected('Remote end closed connection without response'))
2026-06-01 13:03:31 | INFO | samsung_auto_trader | Token reuse: cached same-day token is valid.
2026-06-01 13:03:34 | INFO | samsung_auto_trader | Token reuse: cached same-day token is valid.
2026-06-01 13:03:35 | INFO | samsung_auto_trader | Token reuse: cached same-day token is valid.
2026-06-01 13:03:36 | INFO | samsung_auto_trader | Token reuse: cached same-day token is valid.
2026-06-01 13:03:37 | INFO | samsung_auto_trader | Token reuse: cached same-day token is valid.
2026-06-01 13:03:38 | INFO | samsung_auto_trader | Token reuse: cached same-day token is valid.
2026-06-01 13:03:39 | INFO | samsung_auto_trader | Token reuse: cached same-day token is valid.
2026-06-01 13:03:39 | INFO | samsung_auto_trader | Holdings after sell | cash_available=880426 | total_eval_amount=9573141 | samsung_holding={'symbol': '005930', 'qty': 19, 'sellable_qty': 11, 'avg_price': 0}
2026-06-01 13:03:39 | INFO | samsung_auto_trader | 
====================================================================
[STATUS] 2026-06-01 13:03:39 KST
holding | symbol=005930 qty=19 sellable_qty=11 avg_price=0
inventory_limits | initial=12 min=3 max=25 effective_position=17
open_orders | buy_open=6 sell_open=8 total_open=14
 - side=sell order_no=0000026747 time=130322 qty=1 filled=0 unfilled=1 price=348500 branch=
 - side=sell order_no=0000026523 time=130055 qty=1 filled=0 unfilled=1 price=348500 branch=
 - side=sell order_no=0000026237 time=125700 qty=1 filled=0 unfilled=1 price=348500 branch=
 - side=sell order_no=0000026071 time=125427 qty=1 filled=0 unfilled=1 price=349000 branch=
 - side=sell order_no=0000025973 time=125250 qty=1 filled=0 unfilled=1 price=349000 branch=
 - side=sell order_no=0000025823 time=125011 qty=1 filled=0 unfilled=1 price=349500 branch=
 - side=sell order_no=0000025704 time=124756 qty=1 filled=0 unfilled=1 price=349500 branch=
 - side=sell order_no=0000025003 time=123729 qty=1 filled=0 unfilled=1 price=349500 branch=
 - side=buy order_no=0000023150 time=120324 qty=1 filled=0 unfilled=1 price=345500 branch=
 - side=buy order_no=0000023033 time=120151 qty=1 filled=0 unfilled=1 price=345500 branch=
 - side=buy order_no=0000022846 time=115950 qty=1 filled=0 unfilled=1 price=345500 branch=
 - side=buy order_no=0000022722 time=115827 qty=1 filled=0 unfilled=1 price=345500 branch=
 - side=buy order_no=0000022549 time=115623 qty=1 filled=0 unfilled=1 price=345000 branch=
 - side=buy order_no=0000022440 time=115448 qty=1 filled=0 unfilled=1 price=343500 branch=
====================================================================
2026-06-01 13:03:39 | INFO | samsung_auto_trader | Execution check for sell: before_qty=19, after_qty=19, executed=False
2026-06-01 13:03:39 | INFO | samsung_auto_trader | Trade cycle finished.
2026-06-01 13:03:59 | INFO | samsung_auto_trader | Starting trade cycle.
2026-06-01 13:03:59 | INFO | samsung_auto_trader | Token reuse: cached same-day token is valid.
2026-06-01 13:03:59 | INFO | samsung_auto_trader | Current price: 348000 KRW | inferred_tick_size=500
2026-06-01 13:04:00 | INFO | samsung_auto_trader | Token reuse: cached same-day token is valid.
2026-06-01 13:04:03 | INFO | samsung_auto_trader | Token reuse: cached same-day token is valid.
2026-06-01 13:04:08 | INFO | samsung_auto_trader | Token reuse: cached same-day token is valid.
2026-06-01 13:04:09 | INFO | samsung_auto_trader | Token reuse: cached same-day token is valid.
2026-06-01 13:04:10 | INFO | samsung_auto_trader | Token reuse: cached same-day token is valid.
2026-06-01 13:04:11 | INFO | samsung_auto_trader | Token reuse: cached same-day token is valid.
2026-06-01 13:04:12 | INFO | samsung_auto_trader | Token reuse: cached same-day token is valid.
2026-06-01 13:04:13 | INFO | samsung_auto_trader | Token reuse: cached same-day token is valid.
2026-06-01 13:04:13 | INFO | samsung_auto_trader | Holdings before order | cash_available=880426 | total_eval_amount=9563641 | samsung_holding={'symbol': '005930', 'qty': 19, 'sellable_qty': 11, 'avg_price': 0}
2026-06-01 13:04:13 | INFO | samsung_auto_trader | 
====================================================================
[STATUS] 2026-06-01 13:04:13 KST
holding | symbol=005930 qty=19 sellable_qty=11 avg_price=0
inventory_limits | initial=12 min=3 max=25 effective_position=17
open_orders | buy_open=6 sell_open=8 total_open=14
 - side=sell order_no=0000026747 time=130322 qty=1 filled=0 unfilled=1 price=348500 branch=
 - side=sell order_no=0000026523 time=130055 qty=1 filled=0 unfilled=1 price=348500 branch=
 - side=sell order_no=0000026237 time=125700 qty=1 filled=0 unfilled=1 price=348500 branch=
 - side=sell order_no=0000026071 time=125427 qty=1 filled=0 unfilled=1 price=349000 branch=
 - side=sell order_no=0000025973 time=125250 qty=1 filled=0 unfilled=1 price=349000 branch=
 - side=sell order_no=0000025823 time=125011 qty=1 filled=0 unfilled=1 price=349500 branch=
 - side=sell order_no=0000025704 time=124756 qty=1 filled=0 unfilled=1 price=349500 branch=
 - side=sell order_no=0000025003 time=123729 qty=1 filled=0 unfilled=1 price=349500 branch=
 - side=buy order_no=0000023150 time=120324 qty=1 filled=0 unfilled=1 price=345500 branch=
 - side=buy order_no=0000023033 time=120151 qty=1 filled=0 unfilled=1 price=345500 branch=
 - side=buy order_no=0000022846 time=115950 qty=1 filled=0 unfilled=1 price=345500 branch=
 - side=buy order_no=0000022722 time=115827 qty=1 filled=0 unfilled=1 price=345500 branch=
 - side=buy order_no=0000022549 time=115623 qty=1 filled=0 unfilled=1 price=345000 branch=
 - side=buy order_no=0000022440 time=115448 qty=1 filled=0 unfilled=1 price=343500 branch=
====================================================================
2026-06-01 13:04:13 | INFO | samsung_auto_trader | Price normalized by tick size | current=348000 tick=500 raw_buy=347000 buy=347000 raw_sell=349000 sell=349000
2026-06-01 13:04:13 | INFO | samsung_auto_trader | Skipping buy this cycle | holding_qty=19 buy_open=6 max_position=25
2026-06-01 13:04:13 | INFO | samsung_auto_trader | Buy order skipped: max position reached, open buy exposure already counted, or available cash was not enough | holding_qty=19 effective_position=17 cash_available=880426 max_position=25
2026-06-01 13:04:14 | INFO | samsung_auto_trader | Token reuse: cached same-day token is valid.
2026-06-01 13:04:15 | INFO | samsung_auto_trader | Token reuse: cached same-day token is valid.
2026-06-01 13:04:16 | INFO | samsung_auto_trader | Token reuse: cached same-day token is valid.
2026-06-01 13:04:17 | INFO | samsung_auto_trader | Token reuse: cached same-day token is valid.
2026-06-01 13:04:18 | INFO | samsung_auto_trader | Token reuse: cached same-day token is valid.
2026-06-01 13:04:19 | INFO | samsung_auto_trader | Token reuse: cached same-day token is valid.
2026-06-01 13:04:19 | INFO | samsung_auto_trader | Sell order request: qty=1, price=349000 | sellable_qty=11 min_position=3
2026-06-01 13:04:20 | INFO | samsung_auto_trader | Token reuse: cached same-day token is valid.
2026-06-01 13:04:22 | INFO | samsung_auto_trader | Sell order accepted | order_no=00950 | order_time=130422 | qty=1 | price=349000
2026-06-01 13:04:22 | INFO | samsung_auto_trader | Waiting 5 seconds before post-sell balance check.
2026-06-01 13:04:27 | INFO | samsung_auto_trader | Token reuse: cached same-day token is valid.
2026-06-01 13:04:27 | WARNING | samsung_auto_trader | API request failed (GET /uapi/domestic-stock/v1/trading/inquire-balance, attempt 1/3): ('Connection aborted.', RemoteDisconnected('Remote end closed connection without response'))
2026-06-01 13:04:35 | INFO | samsung_auto_trader | Token reuse: cached same-day token is valid.
2026-06-01 13:04:41 | INFO | samsung_auto_trader | Token reuse: cached same-day token is valid.
2026-06-01 13:04:47 | INFO | samsung_auto_trader | Token reuse: cached same-day token is valid.
2026-06-01 13:04:53 | INFO | samsung_auto_trader | Token reuse: cached same-day token is valid.
2026-06-01 13:04:57 | INFO | samsung_auto_trader | Token reuse: cached same-day token is valid.
2026-06-01 13:05:03 | INFO | samsung_auto_trader | Token reuse: cached same-day token is valid.
2026-06-01 13:05:12 | INFO | samsung_auto_trader | Token reuse: cached same-day token is valid.
2026-06-01 13:05:21 | INFO | samsung_auto_trader | Holdings after sell | cash_available=880426 | total_eval_amount=9568391 | samsung_holding={'symbol': '005930', 'qty': 19, 'sellable_qty': 10, 'avg_price': 0}
2026-06-01 13:05:21 | INFO | samsung_auto_trader | 
====================================================================
[STATUS] 2026-06-01 13:05:21 KST
holding | symbol=005930 qty=19 sellable_qty=10 avg_price=0
inventory_limits | initial=12 min=3 max=25 effective_position=16
open_orders | buy_open=6 sell_open=9 total_open=15
 - side=sell order_no=0000026836 time=130422 qty=1 filled=0 unfilled=1 price=349000 branch=
 - side=sell order_no=0000026747 time=130322 qty=1 filled=0 unfilled=1 price=348500 branch=
 - side=sell order_no=0000026523 time=130055 qty=1 filled=0 unfilled=1 price=348500 branch=
 - side=sell order_no=0000026237 time=125700 qty=1 filled=0 unfilled=1 price=348500 branch=
 - side=sell order_no=0000026071 time=125427 qty=1 filled=0 unfilled=1 price=349000 branch=
 - side=sell order_no=0000025973 time=125250 qty=1 filled=0 unfilled=1 price=349000 branch=
 - side=sell order_no=0000025823 time=125011 qty=1 filled=0 unfilled=1 price=349500 branch=
 - side=sell order_no=0000025704 time=124756 qty=1 filled=0 unfilled=1 price=349500 branch=
 - side=sell order_no=0000025003 time=123729 qty=1 filled=0 unfilled=1 price=349500 branch=
 - side=buy order_no=0000023150 time=120324 qty=1 filled=0 unfilled=1 price=345500 branch=
 - side=buy order_no=0000023033 time=120151 qty=1 filled=0 unfilled=1 price=345500 branch=
 - side=buy order_no=0000022846 time=115950 qty=1 filled=0 unfilled=1 price=345500 branch=
 - side=buy order_no=0000022722 time=115827 qty=1 filled=0 unfilled=1 price=345500 branch=
 - side=buy order_no=0000022549 time=115623 qty=1 filled=0 unfilled=1 price=345000 branch=
 - side=buy order_no=0000022440 time=115448 qty=1 filled=0 unfilled=1 price=343500 branch=
====================================================================
2026-06-01 13:05:21 | INFO | samsung_auto_trader | Execution check for sell: before_qty=19, after_qty=19, executed=False
2026-06-01 13:05:21 | INFO | samsung_auto_trader | Trade cycle finished.
2026-06-01 13:05:41 | INFO | samsung_auto_trader | Starting trade cycle.
2026-06-01 13:05:41 | INFO | samsung_auto_trader | Token reuse: cached same-day token is valid.
2026-06-01 13:05:41 | INFO | samsung_auto_trader | Current price: 348000 KRW | inferred_tick_size=500
2026-06-01 13:05:42 | INFO | samsung_auto_trader | Token reuse: cached same-day token is valid.
2026-06-01 13:05:47 | INFO | samsung_auto_trader | Token reuse: cached same-day token is valid.
2026-06-01 13:05:51 | INFO | samsung_auto_trader | Token reuse: cached same-day token is valid.
2026-06-01 13:05:52 | INFO | samsung_auto_trader | Token reuse: cached same-day token is valid.
2026-06-01 13:05:53 | WARNING | samsung_auto_trader | API request failed (GET /uapi/domestic-stock/v1/trading/inquire-daily-ccld, attempt 1/3): Retryable HTTP 500: {"rt_cd":"1","msg1":"초당 거래건수를 초과하였습니다.","msg_cd":"EGW00201","message":"EGW00201"}
2026-06-01 13:05:59 | INFO | samsung_auto_trader | Token reuse: cached same-day token is valid.
2026-06-01 13:06:04 | INFO | samsung_auto_trader | Token reuse: cached same-day token is valid.
2026-06-01 13:06:10 | INFO | samsung_auto_trader | Token reuse: cached same-day token is valid.
2026-06-01 13:06:20 | INFO | samsung_auto_trader | Token reuse: cached same-day token is valid.
2026-06-01 13:06:26 | INFO | samsung_auto_trader | Holdings before order | cash_available=880426 | total_eval_amount=9573141 | samsung_holding={'symbol': '005930', 'qty': 19, 'sellable_qty': 10, 'avg_price': 0}
2026-06-01 13:06:26 | INFO | samsung_auto_trader | 
====================================================================
[STATUS] 2026-06-01 13:06:26 KST
holding | symbol=005930 qty=19 sellable_qty=10 avg_price=0
inventory_limits | initial=12 min=3 max=25 effective_position=16
open_orders | buy_open=6 sell_open=9 total_open=15
 - side=sell order_no=0000026836 time=130422 qty=1 filled=0 unfilled=1 price=349000 branch=
 - side=sell order_no=0000026747 time=130322 qty=1 filled=0 unfilled=1 price=348500 branch=
 - side=sell order_no=0000026523 time=130055 qty=1 filled=0 unfilled=1 price=348500 branch=
 - side=sell order_no=0000026237 time=125700 qty=1 filled=0 unfilled=1 price=348500 branch=
 - side=sell order_no=0000026071 time=125427 qty=1 filled=0 unfilled=1 price=349000 branch=
 - side=sell order_no=0000025973 time=125250 qty=1 filled=0 unfilled=1 price=349000 branch=
 - side=sell order_no=0000025823 time=125011 qty=1 filled=0 unfilled=1 price=349500 branch=
 - side=sell order_no=0000025704 time=124756 qty=1 filled=0 unfilled=1 price=349500 branch=
 - side=sell order_no=0000025003 time=123729 qty=1 filled=0 unfilled=1 price=349500 branch=
 - side=buy order_no=0000023150 time=120324 qty=1 filled=0 unfilled=1 price=345500 branch=
 - side=buy order_no=0000023033 time=120151 qty=1 filled=0 unfilled=1 price=345500 branch=
 - side=buy order_no=0000022846 time=115950 qty=1 filled=0 unfilled=1 price=345500 branch=
 - side=buy order_no=0000022722 time=115827 qty=1 filled=0 unfilled=1 price=345500 branch=
 - side=buy order_no=0000022549 time=115623 qty=1 filled=0 unfilled=1 price=345000 branch=
 - side=buy order_no=0000022440 time=115448 qty=1 filled=0 unfilled=1 price=343500 branch=
====================================================================
2026-06-01 13:06:26 | INFO | samsung_auto_trader | Price normalized by tick size | current=348000 tick=500 raw_buy=347000 buy=347000 raw_sell=349000 sell=349000
2026-06-01 13:06:26 | INFO | samsung_auto_trader | Skipping buy this cycle | holding_qty=19 buy_open=6 max_position=25
2026-06-01 13:06:26 | INFO | samsung_auto_trader | Buy order skipped: max position reached, open buy exposure already counted, or available cash was not enough | holding_qty=19 effective_position=16 cash_available=880426 max_position=25
2026-06-01 13:06:26 | INFO | samsung_auto_trader | Token reuse: cached same-day token is valid.
2026-06-01 13:06:32 | INFO | samsung_auto_trader | Token reuse: cached same-day token is valid.
2026-06-01 13:06:38 | INFO | samsung_auto_trader | Token reuse: cached same-day token is valid.
2026-06-01 13:06:45 | INFO | samsung_auto_trader | Token reuse: cached same-day token is valid.
2026-06-01 13:06:52 | INFO | samsung_auto_trader | Token reuse: cached same-day token is valid.
2026-06-01 13:06:59 | INFO | samsung_auto_trader | Token reuse: cached same-day token is valid.
2026-06-01 13:07:05 | INFO | samsung_auto_trader | Sell order request: qty=1, price=349000 | sellable_qty=10 min_position=3
2026-06-01 13:07:05 | INFO | samsung_auto_trader | Token reuse: cached same-day token is valid.
2026-06-01 13:07:13 | INFO | samsung_auto_trader | Sell order accepted | order_no=00950 | order_time=130713 | qty=1 | price=349000
2026-06-01 13:07:13 | INFO | samsung_auto_trader | Waiting 5 seconds before post-sell balance check.
2026-06-01 13:07:18 | INFO | samsung_auto_trader | Token reuse: cached same-day token is valid.
2026-06-01 13:07:18 | WARNING | samsung_auto_trader | API request failed (GET /uapi/domestic-stock/v1/trading/inquire-balance, attempt 1/3): ('Connection aborted.', RemoteDisconnected('Remote end closed connection without response'))
2026-06-01 13:07:27 | INFO | samsung_auto_trader | Token reuse: cached same-day token is valid.
2026-06-01 13:07:33 | INFO | samsung_auto_trader | Token reuse: cached same-day token is valid.
2026-06-01 13:07:39 | INFO | samsung_auto_trader | Token reuse: cached same-day token is valid.
2026-06-01 13:07:40 | INFO | samsung_auto_trader | Token reuse: cached same-day token is valid.
2026-06-01 13:07:41 | INFO | samsung_auto_trader | Token reuse: cached same-day token is valid.
2026-06-01 13:07:42 | INFO | samsung_auto_trader | Token reuse: cached same-day token is valid.
2026-06-01 13:07:43 | INFO | samsung_auto_trader | Token reuse: cached same-day token is valid.
2026-06-01 13:07:43 | INFO | samsung_auto_trader | Holdings after sell | cash_available=880426 | total_eval_amount=9563641 | samsung_holding={'symbol': '005930', 'qty': 19, 'sellable_qty': 9, 'avg_price': 0}
2026-06-01 13:07:43 | INFO | samsung_auto_trader | 
====================================================================
[STATUS] 2026-06-01 13:07:43 KST
holding | symbol=005930 qty=19 sellable_qty=9 avg_price=0
inventory_limits | initial=12 min=3 max=25 effective_position=18
open_orders | buy_open=6 sell_open=7 total_open=13
 - side=sell order_no=0000026985 time=130713 qty=1 filled=0 unfilled=1 price=349000 branch=
 - side=sell order_no=0000026836 time=130422 qty=1 filled=0 unfilled=1 price=349000 branch=
 - side=sell order_no=0000026071 time=125427 qty=1 filled=0 unfilled=1 price=349000 branch=
 - side=sell order_no=0000025973 time=125250 qty=1 filled=0 unfilled=1 price=349000 branch=
 - side=sell order_no=0000025823 time=125011 qty=1 filled=0 unfilled=1 price=349500 branch=
 - side=sell order_no=0000025704 time=124756 qty=1 filled=0 unfilled=1 price=349500 branch=
 - side=sell order_no=0000025003 time=123729 qty=1 filled=0 unfilled=1 price=349500 branch=
 - side=buy order_no=0000023150 time=120324 qty=1 filled=0 unfilled=1 price=345500 branch=
 - side=buy order_no=0000023033 time=120151 qty=1 filled=0 unfilled=1 price=345500 branch=
 - side=buy order_no=0000022846 time=115950 qty=1 filled=0 unfilled=1 price=345500 branch=
 - side=buy order_no=0000022722 time=115827 qty=1 filled=0 unfilled=1 price=345500 branch=
 - side=buy order_no=0000022549 time=115623 qty=1 filled=0 unfilled=1 price=345000 branch=
 - side=buy order_no=0000022440 time=115448 qty=1 filled=0 unfilled=1 price=343500 branch=
====================================================================
2026-06-01 13:07:43 | INFO | samsung_auto_trader | Execution check for sell: before_qty=19, after_qty=19, executed=False
2026-06-01 13:07:43 | INFO | samsung_auto_trader | Trade cycle finished.
2026-06-01 13:08:03 | INFO | samsung_auto_trader | Starting trade cycle.
2026-06-01 13:08:03 | INFO | samsung_auto_trader | Token reuse: cached same-day token is valid.
2026-06-01 13:08:03 | INFO | samsung_auto_trader | Current price: 348000 KRW | inferred_tick_size=500
2026-06-01 13:08:04 | INFO | samsung_auto_trader | Token reuse: cached same-day token is valid.
2026-06-01 13:08:09 | INFO | samsung_auto_trader | Token reuse: cached same-day token is valid.
2026-06-01 13:08:13 | INFO | samsung_auto_trader | Token reuse: cached same-day token is valid.
2026-06-01 13:08:20 | INFO | samsung_auto_trader | Token reuse: cached same-day token is valid.
2026-06-01 13:08:24 | INFO | samsung_auto_trader | Token reuse: cached same-day token is valid.
2026-06-01 13:08:27 | INFO | samsung_auto_trader | Token reuse: cached same-day token is valid.
2026-06-01 13:08:30 | INFO | samsung_auto_trader | Token reuse: cached same-day token is valid.
2026-06-01 13:08:33 | INFO | samsung_auto_trader | Token reuse: cached same-day token is valid.
2026-06-01 13:08:37 | INFO | samsung_auto_trader | Holdings before order | cash_available=1917579 | total_eval_amount=9580401 | samsung_holding={'symbol': '005930', 'qty': 16, 'sellable_qty': 9, 'avg_price': 0}
2026-06-01 13:08:37 | INFO | samsung_auto_trader | 
====================================================================
[STATUS] 2026-06-01 13:08:37 KST
holding | symbol=005930 qty=16 sellable_qty=9 avg_price=0
inventory_limits | initial=12 min=3 max=25 effective_position=15
open_orders | buy_open=6 sell_open=7 total_open=13
 - side=sell order_no=0000026985 time=130713 qty=1 filled=0 unfilled=1 price=349000 branch=
 - side=sell order_no=0000026836 time=130422 qty=1 filled=0 unfilled=1 price=349000 branch=
 - side=sell order_no=0000026071 time=125427 qty=1 filled=0 unfilled=1 price=349000 branch=
 - side=sell order_no=0000025973 time=125250 qty=1 filled=0 unfilled=1 price=349000 branch=
 - side=sell order_no=0000025823 time=125011 qty=1 filled=0 unfilled=1 price=349500 branch=
 - side=sell order_no=0000025704 time=124756 qty=1 filled=0 unfilled=1 price=349500 branch=
 - side=sell order_no=0000025003 time=123729 qty=1 filled=0 unfilled=1 price=349500 branch=
 - side=buy order_no=0000023150 time=120324 qty=1 filled=0 unfilled=1 price=345500 branch=
 - side=buy order_no=0000023033 time=120151 qty=1 filled=0 unfilled=1 price=345500 branch=
 - side=buy order_no=0000022846 time=115950 qty=1 filled=0 unfilled=1 price=345500 branch=
 - side=buy order_no=0000022722 time=115827 qty=1 filled=0 unfilled=1 price=345500 branch=
 - side=buy order_no=0000022549 time=115623 qty=1 filled=0 unfilled=1 price=345000 branch=
 - side=buy order_no=0000022440 time=115448 qty=1 filled=0 unfilled=1 price=343500 branch=
====================================================================
2026-06-01 13:08:37 | INFO | samsung_auto_trader | Price normalized by tick size | current=348000 tick=500 raw_buy=347000 buy=347000 raw_sell=349000 sell=349000
2026-06-01 13:08:37 | INFO | samsung_auto_trader | Buy order request: qty=1, price=347000
2026-06-01 13:08:37 | INFO | samsung_auto_trader | Token reuse: cached same-day token is valid.
2026-06-01 13:08:37 | INFO | samsung_auto_trader | Buy order accepted | order_no=00950 | order_time=130837 | qty=1 | price=347000
2026-06-01 13:08:37 | INFO | samsung_auto_trader | Waiting 5 seconds before post-buy balance check.
2026-06-01 13:08:42 | INFO | samsung_auto_trader | Token reuse: cached same-day token is valid.
2026-06-01 13:08:42 | WARNING | samsung_auto_trader | API request failed (GET /uapi/domestic-stock/v1/trading/inquire-balance, attempt 1/3): ('Connection aborted.', RemoteDisconnected('Remote end closed connection without response'))
2026-06-01 13:08:49 | INFO | samsung_auto_trader | Token reuse: cached same-day token is valid.
2026-06-01 13:08:55 | INFO | samsung_auto_trader | Token reuse: cached same-day token is valid.
2026-06-01 13:08:56 | INFO | samsung_auto_trader | Token reuse: cached same-day token is valid.
2026-06-01 13:08:59 | INFO | samsung_auto_trader | Token reuse: cached same-day token is valid.
2026-06-01 13:09:00 | INFO | samsung_auto_trader | Token reuse: cached same-day token is valid.
2026-06-01 13:09:02 | INFO | samsung_auto_trader | Token reuse: cached same-day token is valid.
2026-06-01 13:09:05 | INFO | samsung_auto_trader | Token reuse: cached same-day token is valid.
2026-06-01 13:09:09 | INFO | samsung_auto_trader | Holdings after buy | cash_available=1572314 | total_eval_amount=9580401 | samsung_holding={'symbol': '005930', 'qty': 16, 'sellable_qty': 9, 'avg_price': 0}
2026-06-01 13:09:09 | INFO | samsung_auto_trader | 
====================================================================
[STATUS] 2026-06-01 13:09:09 KST
holding | symbol=005930 qty=16 sellable_qty=9 avg_price=0
inventory_limits | initial=12 min=3 max=25 effective_position=16
open_orders | buy_open=7 sell_open=7 total_open=14
 - side=buy order_no=0000027103 time=130837 qty=1 filled=0 unfilled=1 price=347000 branch=
 - side=sell order_no=0000026985 time=130713 qty=1 filled=0 unfilled=1 price=349000 branch=
 - side=sell order_no=0000026836 time=130422 qty=1 filled=0 unfilled=1 price=349000 branch=
 - side=sell order_no=0000026071 time=125427 qty=1 filled=0 unfilled=1 price=349000 branch=
 - side=sell order_no=0000025973 time=125250 qty=1 filled=0 unfilled=1 price=349000 branch=
 - side=sell order_no=0000025823 time=125011 qty=1 filled=0 unfilled=1 price=349500 branch=
 - side=sell order_no=0000025704 time=124756 qty=1 filled=0 unfilled=1 price=349500 branch=
 - side=sell order_no=0000025003 time=123729 qty=1 filled=0 unfilled=1 price=349500 branch=
 - side=buy order_no=0000023150 time=120324 qty=1 filled=0 unfilled=1 price=345500 branch=
 - side=buy order_no=0000023033 time=120151 qty=1 filled=0 unfilled=1 price=345500 branch=
 - side=buy order_no=0000022846 time=115950 qty=1 filled=0 unfilled=1 price=345500 branch=
 - side=buy order_no=0000022722 time=115827 qty=1 filled=0 unfilled=1 price=345500 branch=
 - side=buy order_no=0000022549 time=115623 qty=1 filled=0 unfilled=1 price=345000 branch=
 - side=buy order_no=0000022440 time=115448 qty=1 filled=0 unfilled=1 price=343500 branch=
====================================================================
2026-06-01 13:09:09 | INFO | samsung_auto_trader | Execution check for buy: before_qty=16, after_qty=16, executed=False
2026-06-01 13:09:09 | INFO | samsung_auto_trader | Token reuse: cached same-day token is valid.
2026-06-01 13:09:11 | INFO | samsung_auto_trader | Token reuse: cached same-day token is valid.
2026-06-01 13:09:13 | INFO | samsung_auto_trader | Token reuse: cached same-day token is valid.
2026-06-01 13:09:15 | INFO | samsung_auto_trader | Token reuse: cached same-day token is valid.
2026-06-01 13:09:18 | INFO | samsung_auto_trader | Token reuse: cached same-day token is valid.
2026-06-01 13:09:20 | INFO | samsung_auto_trader | Token reuse: cached same-day token is valid.
2026-06-01 13:09:23 | INFO | samsung_auto_trader | Sell order request: qty=1, price=349000 | sellable_qty=9 min_position=3
2026-06-01 13:09:23 | INFO | samsung_auto_trader | Token reuse: cached same-day token is valid.
2026-06-01 13:09:25 | INFO | samsung_auto_trader | Sell order accepted | order_no=00950 | order_time=130925 | qty=1 | price=349000
2026-06-01 13:09:25 | INFO | samsung_auto_trader | Waiting 5 seconds before post-sell balance check.
2026-06-01 13:09:30 | INFO | samsung_auto_trader | Token reuse: cached same-day token is valid.
2026-06-01 13:09:35 | INFO | samsung_auto_trader | Token reuse: cached same-day token is valid.
2026-06-01 13:09:38 | INFO | samsung_auto_trader | Token reuse: cached same-day token is valid.
2026-06-01 13:09:39 | INFO | samsung_auto_trader | Token reuse: cached same-day token is valid.
2026-06-01 13:09:40 | INFO | samsung_auto_trader | Token reuse: cached same-day token is valid.
2026-06-01 13:09:41 | INFO | samsung_auto_trader | Token reuse: cached same-day token is valid.
2026-06-01 13:09:42 | INFO | samsung_auto_trader | Token reuse: cached same-day token is valid.
2026-06-01 13:09:43 | INFO | samsung_auto_trader | Token reuse: cached same-day token is valid.
2026-06-01 13:09:43 | INFO | samsung_auto_trader | Holdings after sell | cash_available=1572314 | total_eval_amount=9580401 | samsung_holding={'symbol': '005930', 'qty': 16, 'sellable_qty': 8, 'avg_price': 0}
2026-06-01 13:09:43 | INFO | samsung_auto_trader | 
====================================================================
[STATUS] 2026-06-01 13:09:43 KST
holding | symbol=005930 qty=16 sellable_qty=8 avg_price=0
inventory_limits | initial=12 min=3 max=25 effective_position=15
open_orders | buy_open=7 sell_open=8 total_open=15
 - side=sell order_no=0000027154 time=130925 qty=1 filled=0 unfilled=1 price=349000 branch=
 - side=buy order_no=0000027103 time=130837 qty=1 filled=0 unfilled=1 price=347000 branch=
 - side=sell order_no=0000026985 time=130713 qty=1 filled=0 unfilled=1 price=349000 branch=
 - side=sell order_no=0000026836 time=130422 qty=1 filled=0 unfilled=1 price=349000 branch=
 - side=sell order_no=0000026071 time=125427 qty=1 filled=0 unfilled=1 price=349000 branch=
 - side=sell order_no=0000025973 time=125250 qty=1 filled=0 unfilled=1 price=349000 branch=
 - side=sell order_no=0000025823 time=125011 qty=1 filled=0 unfilled=1 price=349500 branch=
 - side=sell order_no=0000025704 time=124756 qty=1 filled=0 unfilled=1 price=349500 branch=
 - side=sell order_no=0000025003 time=123729 qty=1 filled=0 unfilled=1 price=349500 branch=
 - side=buy order_no=0000023150 time=120324 qty=1 filled=0 unfilled=1 price=345500 branch=
 - side=buy order_no=0000023033 time=120151 qty=1 filled=0 unfilled=1 price=345500 branch=
 - side=buy order_no=0000022846 time=115950 qty=1 filled=0 unfilled=1 price=345500 branch=
 - side=buy order_no=0000022722 time=115827 qty=1 filled=0 unfilled=1 price=345500 branch=
 - side=buy order_no=0000022549 time=115623 qty=1 filled=0 unfilled=1 price=345000 branch=
 - side=buy order_no=0000022440 time=115448 qty=1 filled=0 unfilled=1 price=343500 branch=
====================================================================
2026-06-01 13:09:43 | INFO | samsung_auto_trader | Execution check for sell: before_qty=16, after_qty=16, executed=False
2026-06-01 13:09:43 | INFO | samsung_auto_trader | Trade cycle finished.
2026-06-01 13:10:03 | INFO | samsung_auto_trader | Starting trade cycle.
2026-06-01 13:10:03 | INFO | samsung_auto_trader | Token reuse: cached same-day token is valid.
2026-06-01 13:10:04 | INFO | samsung_auto_trader | Current price: 348500 KRW | inferred_tick_size=500
2026-06-01 13:10:04 | INFO | samsung_auto_trader | Token reuse: cached same-day token is valid.
2026-06-01 13:10:10 | INFO | samsung_auto_trader | Token reuse: cached same-day token is valid.
2026-06-01 13:10:15 | INFO | samsung_auto_trader | Token reuse: cached same-day token is valid.
2026-06-01 13:10:17 | INFO | samsung_auto_trader | Token reuse: cached same-day token is valid.
2026-06-01 13:10:18 | INFO | samsung_auto_trader | Token reuse: cached same-day token is valid.
2026-06-01 13:10:19 | INFO | samsung_auto_trader | Token reuse: cached same-day token is valid.
2026-06-01 13:10:20 | INFO | samsung_auto_trader | Token reuse: cached same-day token is valid.
2026-06-01 13:10:21 | INFO | samsung_auto_trader | Token reuse: cached same-day token is valid.
2026-06-01 13:10:22 | INFO | samsung_auto_trader | Holdings before order | cash_available=1572314 | total_eval_amount=9572401 | samsung_holding={'symbol': '005930', 'qty': 16, 'sellable_qty': 8, 'avg_price': 0}
2026-06-01 13:10:22 | INFO | samsung_auto_trader | 
====================================================================
[STATUS] 2026-06-01 13:10:22 KST
holding | symbol=005930 qty=16 sellable_qty=8 avg_price=0
inventory_limits | initial=12 min=3 max=25 effective_position=15
open_orders | buy_open=7 sell_open=8 total_open=15
 - side=sell order_no=0000027154 time=130925 qty=1 filled=0 unfilled=1 price=349000 branch=
 - side=buy order_no=0000027103 time=130837 qty=1 filled=0 unfilled=1 price=347000 branch=
 - side=sell order_no=0000026985 time=130713 qty=1 filled=0 unfilled=1 price=349000 branch=
 - side=sell order_no=0000026836 time=130422 qty=1 filled=0 unfilled=1 price=349000 branch=
 - side=sell order_no=0000026071 time=125427 qty=1 filled=0 unfilled=1 price=349000 branch=
 - side=sell order_no=0000025973 time=125250 qty=1 filled=0 unfilled=1 price=349000 branch=
 - side=sell order_no=0000025823 time=125011 qty=1 filled=0 unfilled=1 price=349500 branch=
 - side=sell order_no=0000025704 time=124756 qty=1 filled=0 unfilled=1 price=349500 branch=
 - side=sell order_no=0000025003 time=123729 qty=1 filled=0 unfilled=1 price=349500 branch=
 - side=buy order_no=0000023150 time=120324 qty=1 filled=0 unfilled=1 price=345500 branch=
 - side=buy order_no=0000023033 time=120151 qty=1 filled=0 unfilled=1 price=345500 branch=
 - side=buy order_no=0000022846 time=115950 qty=1 filled=0 unfilled=1 price=345500 branch=
 - side=buy order_no=0000022722 time=115827 qty=1 filled=0 unfilled=1 price=345500 branch=
 - side=buy order_no=0000022549 time=115623 qty=1 filled=0 unfilled=1 price=345000 branch=
 - side=buy order_no=0000022440 time=115448 qty=1 filled=0 unfilled=1 price=343500 branch=
====================================================================
2026-06-01 13:10:22 | INFO | samsung_auto_trader | Price normalized by tick size | current=348500 tick=500 raw_buy=347500 buy=347500 raw_sell=349500 sell=349500
2026-06-01 13:10:22 | INFO | samsung_auto_trader | Buy order request: qty=1, price=347500
2026-06-01 13:10:22 | INFO | samsung_auto_trader | Token reuse: cached same-day token is valid.
2026-06-01 13:10:26 | INFO | samsung_auto_trader | Buy order accepted | order_no=00950 | order_time=131026 | qty=1 | price=347500
2026-06-01 13:10:26 | INFO | samsung_auto_trader | Waiting 5 seconds before post-buy balance check.
2026-06-01 13:10:31 | INFO | samsung_auto_trader | Token reuse: cached same-day token is valid.
2026-06-01 13:10:39 | INFO | samsung_auto_trader | Token reuse: cached same-day token is valid.
2026-06-01 13:10:47 | INFO | samsung_auto_trader | Token reuse: cached same-day token is valid.
2026-06-01 13:10:53 | INFO | samsung_auto_trader | Token reuse: cached same-day token is valid.
2026-06-01 13:10:59 | INFO | samsung_auto_trader | Token reuse: cached same-day token is valid.
2026-06-01 13:11:06 | INFO | samsung_auto_trader | Token reuse: cached same-day token is valid.
2026-06-01 13:11:07 | INFO | samsung_auto_trader | Token reuse: cached same-day token is valid.
2026-06-01 13:11:08 | INFO | samsung_auto_trader | Token reuse: cached same-day token is valid.
2026-06-01 13:11:09 | INFO | samsung_auto_trader | Holdings after buy | cash_available=1226552 | total_eval_amount=9580401 | samsung_holding={'symbol': '005930', 'qty': 16, 'sellable_qty': 8, 'avg_price': 0}
2026-06-01 13:11:09 | INFO | samsung_auto_trader | 
====================================================================
[STATUS] 2026-06-01 13:11:09 KST
holding | symbol=005930 qty=16 sellable_qty=8 avg_price=0
inventory_limits | initial=12 min=3 max=25 effective_position=16
open_orders | buy_open=8 sell_open=8 total_open=16
 - side=buy order_no=0000027211 time=131026 qty=1 filled=0 unfilled=1 price=347500 branch=
 - side=sell order_no=0000027154 time=130925 qty=1 filled=0 unfilled=1 price=349000 branch=
 - side=buy order_no=0000027103 time=130837 qty=1 filled=0 unfilled=1 price=347000 branch=
 - side=sell order_no=0000026985 time=130713 qty=1 filled=0 unfilled=1 price=349000 branch=
 - side=sell order_no=0000026836 time=130422 qty=1 filled=0 unfilled=1 price=349000 branch=
 - side=sell order_no=0000026071 time=125427 qty=1 filled=0 unfilled=1 price=349000 branch=
 - side=sell order_no=0000025973 time=125250 qty=1 filled=0 unfilled=1 price=349000 branch=
 - side=sell order_no=0000025823 time=125011 qty=1 filled=0 unfilled=1 price=349500 branch=
 - side=sell order_no=0000025704 time=124756 qty=1 filled=0 unfilled=1 price=349500 branch=
 - side=sell order_no=0000025003 time=123729 qty=1 filled=0 unfilled=1 price=349500 branch=
 - side=buy order_no=0000023150 time=120324 qty=1 filled=0 unfilled=1 price=345500 branch=
 - side=buy order_no=0000023033 time=120151 qty=1 filled=0 unfilled=1 price=345500 branch=
 - side=buy order_no=0000022846 time=115950 qty=1 filled=0 unfilled=1 price=345500 branch=
 - side=buy order_no=0000022722 time=115827 qty=1 filled=0 unfilled=1 price=345500 branch=
 - side=buy order_no=0000022549 time=115623 qty=1 filled=0 unfilled=1 price=345000 branch=
 - side=buy order_no=0000022440 time=115448 qty=1 filled=0 unfilled=1 price=343500 branch=
====================================================================
2026-06-01 13:11:09 | INFO | samsung_auto_trader | Execution check for buy: before_qty=16, after_qty=16, executed=False
2026-06-01 13:11:09 | INFO | samsung_auto_trader | Token reuse: cached same-day token is valid.
2026-06-01 13:11:10 | INFO | samsung_auto_trader | Token reuse: cached same-day token is valid.
2026-06-01 13:11:11 | INFO | samsung_auto_trader | Token reuse: cached same-day token is valid.
2026-06-01 13:11:12 | INFO | samsung_auto_trader | Token reuse: cached same-day token is valid.
2026-06-01 13:11:13 | INFO | samsung_auto_trader | Token reuse: cached same-day token is valid.
2026-06-01 13:11:15 | INFO | samsung_auto_trader | Token reuse: cached same-day token is valid.
2026-06-01 13:11:16 | INFO | samsung_auto_trader | Sell order request: qty=1, price=349500 | sellable_qty=8 min_position=3
2026-06-01 13:11:16 | INFO | samsung_auto_trader | Token reuse: cached same-day token is valid.
2026-06-01 13:11:20 | INFO | samsung_auto_trader | Sell order accepted | order_no=00950 | order_time=131120 | qty=1 | price=349500
2026-06-01 13:11:20 | INFO | samsung_auto_trader | Waiting 5 seconds before post-sell balance check.
2026-06-01 13:11:25 | INFO | samsung_auto_trader | Token reuse: cached same-day token is valid.
2026-06-01 13:11:29 | INFO | samsung_auto_trader | Token reuse: cached same-day token is valid.
2026-06-01 13:11:32 | INFO | samsung_auto_trader | Token reuse: cached same-day token is valid.
2026-06-01 13:11:33 | INFO | samsung_auto_trader | Token reuse: cached same-day token is valid.
2026-06-01 13:11:34 | INFO | samsung_auto_trader | Token reuse: cached same-day token is valid.
2026-06-01 13:11:35 | INFO | samsung_auto_trader | Token reuse: cached same-day token is valid.
2026-06-01 13:11:36 | INFO | samsung_auto_trader | Token reuse: cached same-day token is valid.
2026-06-01 13:11:37 | INFO | samsung_auto_trader | Token reuse: cached same-day token is valid.
2026-06-01 13:11:37 | INFO | samsung_auto_trader | Holdings after sell | cash_available=1226552 | total_eval_amount=9572401 | samsung_holding={'symbol': '005930', 'qty': 16, 'sellable_qty': 7, 'avg_price': 0}
2026-06-01 13:11:37 | INFO | samsung_auto_trader | 
====================================================================
[STATUS] 2026-06-01 13:11:37 KST
holding | symbol=005930 qty=16 sellable_qty=7 avg_price=0
inventory_limits | initial=12 min=3 max=25 effective_position=15
open_orders | buy_open=8 sell_open=9 total_open=17
 - side=sell order_no=0000027258 time=131120 qty=1 filled=0 unfilled=1 price=349500 branch=
 - side=buy order_no=0000027211 time=131026 qty=1 filled=0 unfilled=1 price=347500 branch=
 - side=sell order_no=0000027154 time=130925 qty=1 filled=0 unfilled=1 price=349000 branch=
 - side=buy order_no=0000027103 time=130837 qty=1 filled=0 unfilled=1 price=347000 branch=
 - side=sell order_no=0000026985 time=130713 qty=1 filled=0 unfilled=1 price=349000 branch=
 - side=sell order_no=0000026836 time=130422 qty=1 filled=0 unfilled=1 price=349000 branch=
 - side=sell order_no=0000026071 time=125427 qty=1 filled=0 unfilled=1 price=349000 branch=
 - side=sell order_no=0000025973 time=125250 qty=1 filled=0 unfilled=1 price=349000 branch=
 - side=sell order_no=0000025823 time=125011 qty=1 filled=0 unfilled=1 price=349500 branch=
 - side=sell order_no=0000025704 time=124756 qty=1 filled=0 unfilled=1 price=349500 branch=
 - side=sell order_no=0000025003 time=123729 qty=1 filled=0 unfilled=1 price=349500 branch=
 - side=buy order_no=0000023150 time=120324 qty=1 filled=0 unfilled=1 price=345500 branch=
 - side=buy order_no=0000023033 time=120151 qty=1 filled=0 unfilled=1 price=345500 branch=
 - side=buy order_no=0000022846 time=115950 qty=1 filled=0 unfilled=1 price=345500 branch=
 - side=buy order_no=0000022722 time=115827 qty=1 filled=0 unfilled=1 price=345500 branch=
 - side=buy order_no=0000022549 time=115623 qty=1 filled=0 unfilled=1 price=345000 branch=
 - side=buy order_no=0000022440 time=115448 qty=1 filled=0 unfilled=1 price=343500 branch=
====================================================================
2026-06-01 13:11:37 | INFO | samsung_auto_trader | Execution check for sell: before_qty=16, after_qty=16, executed=False
2026-06-01 13:11:37 | INFO | samsung_auto_trader | Trade cycle finished.
2026-06-01 13:11:57 | INFO | samsung_auto_trader | Starting trade cycle.
2026-06-01 13:11:57 | INFO | samsung_auto_trader | Token reuse: cached same-day token is valid.
2026-06-01 13:11:57 | INFO | samsung_auto_trader | Current price: 348500 KRW | inferred_tick_size=500
2026-06-01 13:11:58 | INFO | samsung_auto_trader | Token reuse: cached same-day token is valid.
2026-06-01 13:12:01 | INFO | samsung_auto_trader | Token reuse: cached same-day token is valid.
2026-06-01 13:12:05 | INFO | samsung_auto_trader | Token reuse: cached same-day token is valid.
2026-06-01 13:12:06 | INFO | samsung_auto_trader | Token reuse: cached same-day token is valid.
2026-06-01 13:12:07 | INFO | samsung_auto_trader | Token reuse: cached same-day token is valid.
2026-06-01 13:12:08 | INFO | samsung_auto_trader | Token reuse: cached same-day token is valid.
2026-06-01 13:12:09 | INFO | samsung_auto_trader | Token reuse: cached same-day token is valid.
2026-06-01 13:12:10 | INFO | samsung_auto_trader | Token reuse: cached same-day token is valid.
2026-06-01 13:12:10 | INFO | samsung_auto_trader | Holdings before order | cash_available=1226552 | total_eval_amount=9580401 | samsung_holding={'symbol': '005930', 'qty': 16, 'sellable_qty': 7, 'avg_price': 0}
2026-06-01 13:12:10 | INFO | samsung_auto_trader | 
====================================================================
[STATUS] 2026-06-01 13:12:10 KST
holding | symbol=005930 qty=16 sellable_qty=7 avg_price=0
inventory_limits | initial=12 min=3 max=25 effective_position=15
open_orders | buy_open=8 sell_open=9 total_open=17
 - side=sell order_no=0000027258 time=131120 qty=1 filled=0 unfilled=1 price=349500 branch=
 - side=buy order_no=0000027211 time=131026 qty=1 filled=0 unfilled=1 price=347500 branch=
 - side=sell order_no=0000027154 time=130925 qty=1 filled=0 unfilled=1 price=349000 branch=
 - side=buy order_no=0000027103 time=130837 qty=1 filled=0 unfilled=1 price=347000 branch=
 - side=sell order_no=0000026985 time=130713 qty=1 filled=0 unfilled=1 price=349000 branch=
 - side=sell order_no=0000026836 time=130422 qty=1 filled=0 unfilled=1 price=349000 branch=
 - side=sell order_no=0000026071 time=125427 qty=1 filled=0 unfilled=1 price=349000 branch=
 - side=sell order_no=0000025973 time=125250 qty=1 filled=0 unfilled=1 price=349000 branch=
 - side=sell order_no=0000025823 time=125011 qty=1 filled=0 unfilled=1 price=349500 branch=
 - side=sell order_no=0000025704 time=124756 qty=1 filled=0 unfilled=1 price=349500 branch=
 - side=sell order_no=0000025003 time=123729 qty=1 filled=0 unfilled=1 price=349500 branch=
 - side=buy order_no=0000023150 time=120324 qty=1 filled=0 unfilled=1 price=345500 branch=
 - side=buy order_no=0000023033 time=120151 qty=1 filled=0 unfilled=1 price=345500 branch=
 - side=buy order_no=0000022846 time=115950 qty=1 filled=0 unfilled=1 price=345500 branch=
 - side=buy order_no=0000022722 time=115827 qty=1 filled=0 unfilled=1 price=345500 branch=
 - side=buy order_no=0000022549 time=115623 qty=1 filled=0 unfilled=1 price=345000 branch=
 - side=buy order_no=0000022440 time=115448 qty=1 filled=0 unfilled=1 price=343500 branch=
====================================================================
2026-06-01 13:12:10 | INFO | samsung_auto_trader | Price normalized by tick size | current=348500 tick=500 raw_buy=347500 buy=347500 raw_sell=349500 sell=349500
2026-06-01 13:12:10 | INFO | samsung_auto_trader | Buy order request: qty=1, price=347500
2026-06-01 13:12:11 | INFO | samsung_auto_trader | Token reuse: cached same-day token is valid.
2026-06-01 13:12:11 | INFO | samsung_auto_trader | Buy order accepted | order_no=00950 | order_time=131211 | qty=1 | price=347500
2026-06-01 13:12:11 | INFO | samsung_auto_trader | Waiting 5 seconds before post-buy balance check.
2026-06-01 13:12:16 | INFO | samsung_auto_trader | Token reuse: cached same-day token is valid.
2026-06-01 13:12:16 | WARNING | samsung_auto_trader | API request failed (GET /uapi/domestic-stock/v1/trading/inquire-balance, attempt 1/3): ('Connection aborted.', RemoteDisconnected('Remote end closed connection without response'))
2026-06-01 13:12:25 | INFO | samsung_auto_trader | Token reuse: cached same-day token is valid.
2026-06-01 13:12:25 | WARNING | samsung_auto_trader | API request failed (GET /uapi/domestic-stock/v1/trading/inquire-psbl-order, attempt 1/3): ('Connection aborted.', RemoteDisconnected('Remote end closed connection without response'))
2026-06-01 13:12:29 | INFO | samsung_auto_trader | Token reuse: cached same-day token is valid.
2026-06-01 13:12:30 | INFO | samsung_auto_trader | Token reuse: cached same-day token is valid.
2026-06-01 13:12:31 | INFO | samsung_auto_trader | Token reuse: cached same-day token is valid.
2026-06-01 13:12:32 | INFO | samsung_auto_trader | Token reuse: cached same-day token is valid.
2026-06-01 13:12:33 | INFO | samsung_auto_trader | Token reuse: cached same-day token is valid.
2026-06-01 13:12:34 | INFO | samsung_auto_trader | Token reuse: cached same-day token is valid.
2026-06-01 13:12:34 | INFO | samsung_auto_trader | Holdings after buy | cash_available=880789 | total_eval_amount=9572401 | samsung_holding={'symbol': '005930', 'qty': 16, 'sellable_qty': 7, 'avg_price': 0}
2026-06-01 13:12:34 | INFO | samsung_auto_trader | 
====================================================================
[STATUS] 2026-06-01 13:12:34 KST
holding | symbol=005930 qty=16 sellable_qty=7 avg_price=0
inventory_limits | initial=12 min=3 max=25 effective_position=16
open_orders | buy_open=9 sell_open=9 total_open=18
 - side=buy order_no=0000027311 time=131211 qty=1 filled=0 unfilled=1 price=347500 branch=
 - side=sell order_no=0000027258 time=131120 qty=1 filled=0 unfilled=1 price=349500 branch=
 - side=buy order_no=0000027211 time=131026 qty=1 filled=0 unfilled=1 price=347500 branch=
 - side=sell order_no=0000027154 time=130925 qty=1 filled=0 unfilled=1 price=349000 branch=
 - side=buy order_no=0000027103 time=130837 qty=1 filled=0 unfilled=1 price=347000 branch=
 - side=sell order_no=0000026985 time=130713 qty=1 filled=0 unfilled=1 price=349000 branch=
 - side=sell order_no=0000026836 time=130422 qty=1 filled=0 unfilled=1 price=349000 branch=
 - side=sell order_no=0000026071 time=125427 qty=1 filled=0 unfilled=1 price=349000 branch=
 - side=sell order_no=0000025973 time=125250 qty=1 filled=0 unfilled=1 price=349000 branch=
 - side=sell order_no=0000025823 time=125011 qty=1 filled=0 unfilled=1 price=349500 branch=
 - side=sell order_no=0000025704 time=124756 qty=1 filled=0 unfilled=1 price=349500 branch=
 - side=sell order_no=0000025003 time=123729 qty=1 filled=0 unfilled=1 price=349500 branch=
 - side=buy order_no=0000023150 time=120324 qty=1 filled=0 unfilled=1 price=345500 branch=
 - side=buy order_no=0000023033 time=120151 qty=1 filled=0 unfilled=1 price=345500 branch=
 - side=buy order_no=0000022846 time=115950 qty=1 filled=0 unfilled=1 price=345500 branch=
 - side=buy order_no=0000022722 time=115827 qty=1 filled=0 unfilled=1 price=345500 branch=
 - side=buy order_no=0000022549 time=115623 qty=1 filled=0 unfilled=1 price=345000 branch=
 - side=buy order_no=0000022440 time=115448 qty=1 filled=0 unfilled=1 price=343500 branch=
====================================================================
2026-06-01 13:12:34 | INFO | samsung_auto_trader | Execution check for buy: before_qty=16, after_qty=16, executed=False
2026-06-01 13:12:35 | INFO | samsung_auto_trader | Token reuse: cached same-day token is valid.
2026-06-01 13:12:36 | INFO | samsung_auto_trader | Token reuse: cached same-day token is valid.
2026-06-01 13:12:37 | INFO | samsung_auto_trader | Token reuse: cached same-day token is valid.
2026-06-01 13:12:38 | INFO | samsung_auto_trader | Token reuse: cached same-day token is valid.
2026-06-01 13:12:39 | INFO | samsung_auto_trader | Token reuse: cached same-day token is valid.
2026-06-01 13:12:40 | INFO | samsung_auto_trader | Token reuse: cached same-day token is valid.
2026-06-01 13:12:40 | INFO | samsung_auto_trader | Sell order request: qty=1, price=349500 | sellable_qty=7 min_position=3
2026-06-01 13:12:41 | INFO | samsung_auto_trader | Token reuse: cached same-day token is valid.
2026-06-01 13:12:43 | INFO | samsung_auto_trader | Sell order accepted | order_no=00950 | order_time=131243 | qty=1 | price=349500
2026-06-01 13:12:43 | INFO | samsung_auto_trader | Waiting 5 seconds before post-sell balance check.
2026-06-01 13:12:48 | INFO | samsung_auto_trader | Token reuse: cached same-day token is valid.
2026-06-01 13:12:48 | WARNING | samsung_auto_trader | API request failed (GET /uapi/domestic-stock/v1/trading/inquire-balance, attempt 1/3): ('Connection aborted.', RemoteDisconnected('Remote end closed connection without response'))
2026-06-01 13:12:56 | INFO | samsung_auto_trader | Token reuse: cached same-day token is valid.
2026-06-01 13:13:02 | INFO | samsung_auto_trader | Token reuse: cached same-day token is valid.
2026-06-01 13:13:09 | INFO | samsung_auto_trader | Token reuse: cached same-day token is valid.
2026-06-01 13:13:16 | INFO | samsung_auto_trader | Token reuse: cached same-day token is valid.
2026-06-01 13:13:16 | WARNING | samsung_auto_trader | API request failed (GET /uapi/domestic-stock/v1/trading/inquire-daily-ccld, attempt 1/3): ('Connection aborted.', RemoteDisconnected('Remote end closed connection without response'))
2026-06-01 13:13:26 | INFO | samsung_auto_trader | Token reuse: cached same-day token is valid.
2026-06-01 13:13:32 | INFO | samsung_auto_trader | Token reuse: cached same-day token is valid.
2026-06-01 13:13:40 | INFO | samsung_auto_trader | Token reuse: cached same-day token is valid.
2026-06-01 13:13:47 | INFO | samsung_auto_trader | Holdings after sell | cash_available=2611856 | total_eval_amount=9576421 | samsung_holding={'symbol': '005930', 'qty': 11, 'sellable_qty': 6, 'avg_price': 0}
2026-06-01 13:13:47 | INFO | samsung_auto_trader | 
====================================================================
[STATUS] 2026-06-01 13:13:47 KST
holding | symbol=005930 qty=11 sellable_qty=6 avg_price=0
inventory_limits | initial=12 min=3 max=25 effective_position=15
open_orders | buy_open=9 sell_open=5 total_open=14
 - side=sell order_no=0000027338 time=131243 qty=1 filled=0 unfilled=1 price=349500 branch=
 - side=buy order_no=0000027311 time=131211 qty=1 filled=0 unfilled=1 price=347500 branch=
 - side=sell order_no=0000027258 time=131120 qty=1 filled=0 unfilled=1 price=349500 branch=
 - side=buy order_no=0000027211 time=131026 qty=1 filled=0 unfilled=1 price=347500 branch=
 - side=buy order_no=0000027103 time=130837 qty=1 filled=0 unfilled=1 price=347000 branch=
 - side=sell order_no=0000025823 time=125011 qty=1 filled=0 unfilled=1 price=349500 branch=
 - side=sell order_no=0000025704 time=124756 qty=1 filled=0 unfilled=1 price=349500 branch=
 - side=sell order_no=0000025003 time=123729 qty=1 filled=0 unfilled=1 price=349500 branch=
 - side=buy order_no=0000023150 time=120324 qty=1 filled=0 unfilled=1 price=345500 branch=
 - side=buy order_no=0000023033 time=120151 qty=1 filled=0 unfilled=1 price=345500 branch=
 - side=buy order_no=0000022846 time=115950 qty=1 filled=0 unfilled=1 price=345500 branch=
 - side=buy order_no=0000022722 time=115827 qty=1 filled=0 unfilled=1 price=345500 branch=
 - side=buy order_no=0000022549 time=115623 qty=1 filled=0 unfilled=1 price=345000 branch=
 - side=buy order_no=0000022440 time=115448 qty=1 filled=0 unfilled=1 price=343500 branch=
====================================================================
2026-06-01 13:13:47 | INFO | samsung_auto_trader | Execution check for sell: before_qty=16, after_qty=11, executed=True
2026-06-01 13:13:47 | INFO | samsung_auto_trader | Trade cycle finished.
2026-06-01 13:14:07 | INFO | samsung_auto_trader | Starting trade cycle.
2026-06-01 13:14:07 | INFO | samsung_auto_trader | Token reuse: cached same-day token is valid.
2026-06-01 13:14:07 | INFO | samsung_auto_trader | Current price: 348500 KRW | inferred_tick_size=500
2026-06-01 13:14:08 | INFO | samsung_auto_trader | Token reuse: cached same-day token is valid.
2026-06-01 13:14:08 | WARNING | samsung_auto_trader | API request failed (GET /uapi/domestic-stock/v1/trading/inquire-balance, attempt 1/3): Retryable HTTP 500: {"rt_cd":"1","msg1":"초당 거래건수를 초과하였습니다.","msg_cd":"EGW00201","message":"EGW00201"}
2026-06-01 13:14:14 | INFO | samsung_auto_trader | Token reuse: cached same-day token is valid.
2026-06-01 13:14:19 | INFO | samsung_auto_trader | Token reuse: cached same-day token is valid.
2026-06-01 13:14:20 | INFO | samsung_auto_trader | Token reuse: cached same-day token is valid.
2026-06-01 13:14:21 | INFO | samsung_auto_trader | Token reuse: cached same-day token is valid.
2026-06-01 13:14:22 | INFO | samsung_auto_trader | Token reuse: cached same-day token is valid.
2026-06-01 13:14:23 | INFO | samsung_auto_trader | Token reuse: cached same-day token is valid.
2026-06-01 13:14:24 | INFO | samsung_auto_trader | Token reuse: cached same-day token is valid.
2026-06-01 13:14:24 | INFO | samsung_auto_trader | Holdings before order | cash_available=2611856 | total_eval_amount=9581921 | samsung_holding={'symbol': '005930', 'qty': 11, 'sellable_qty': 6, 'avg_price': 0}
2026-06-01 13:14:24 | INFO | samsung_auto_trader | 
====================================================================
[STATUS] 2026-06-01 13:14:24 KST
holding | symbol=005930 qty=11 sellable_qty=6 avg_price=0
inventory_limits | initial=12 min=3 max=25 effective_position=15
open_orders | buy_open=9 sell_open=5 total_open=14
 - side=sell order_no=0000027338 time=131243 qty=1 filled=0 unfilled=1 price=349500 branch=
 - side=buy order_no=0000027311 time=131211 qty=1 filled=0 unfilled=1 price=347500 branch=
 - side=sell order_no=0000027258 time=131120 qty=1 filled=0 unfilled=1 price=349500 branch=
 - side=buy order_no=0000027211 time=131026 qty=1 filled=0 unfilled=1 price=347500 branch=
 - side=buy order_no=0000027103 time=130837 qty=1 filled=0 unfilled=1 price=347000 branch=
 - side=sell order_no=0000025823 time=125011 qty=1 filled=0 unfilled=1 price=349500 branch=
 - side=sell order_no=0000025704 time=124756 qty=1 filled=0 unfilled=1 price=349500 branch=
 - side=sell order_no=0000025003 time=123729 qty=1 filled=0 unfilled=1 price=349500 branch=
 - side=buy order_no=0000023150 time=120324 qty=1 filled=0 unfilled=1 price=345500 branch=
 - side=buy order_no=0000023033 time=120151 qty=1 filled=0 unfilled=1 price=345500 branch=
 - side=buy order_no=0000022846 time=115950 qty=1 filled=0 unfilled=1 price=345500 branch=
 - side=buy order_no=0000022722 time=115827 qty=1 filled=0 unfilled=1 price=345500 branch=
 - side=buy order_no=0000022549 time=115623 qty=1 filled=0 unfilled=1 price=345000 branch=
 - side=buy order_no=0000022440 time=115448 qty=1 filled=0 unfilled=1 price=343500 branch=
====================================================================
2026-06-01 13:14:24 | INFO | samsung_auto_trader | Price normalized by tick size | current=348500 tick=500 raw_buy=347500 buy=347500 raw_sell=349500 sell=349500
2026-06-01 13:14:24 | INFO | samsung_auto_trader | Buy order request: qty=1, price=347500
2026-06-01 13:14:25 | INFO | samsung_auto_trader | Token reuse: cached same-day token is valid.
2026-06-01 13:14:28 | INFO | samsung_auto_trader | Buy order accepted | order_no=00950 | order_time=131428 | qty=1 | price=347500
2026-06-01 13:14:28 | INFO | samsung_auto_trader | Waiting 5 seconds before post-buy balance check.
2026-06-01 13:14:33 | INFO | samsung_auto_trader | Token reuse: cached same-day token is valid.
2026-06-01 13:14:33 | WARNING | samsung_auto_trader | API request failed (GET /uapi/domestic-stock/v1/trading/inquire-balance, attempt 1/3): ('Connection aborted.', RemoteDisconnected('Remote end closed connection without response'))
2026-06-01 13:14:40 | INFO | samsung_auto_trader | Token reuse: cached same-day token is valid.
2026-06-01 13:14:46 | INFO | samsung_auto_trader | Token reuse: cached same-day token is valid.
2026-06-01 13:14:53 | INFO | samsung_auto_trader | Token reuse: cached same-day token is valid.
2026-06-01 13:14:59 | INFO | samsung_auto_trader | Token reuse: cached same-day token is valid.
2026-06-01 13:15:05 | INFO | samsung_auto_trader | Token reuse: cached same-day token is valid.
2026-06-01 13:15:15 | INFO | samsung_auto_trader | Token reuse: cached same-day token is valid.
2026-06-01 13:15:24 | INFO | samsung_auto_trader | Token reuse: cached same-day token is valid.
2026-06-01 13:15:31 | INFO | samsung_auto_trader | Holdings after buy | cash_available=2266093 | total_eval_amount=9584671 | samsung_holding={'symbol': '005930', 'qty': 11, 'sellable_qty': 6, 'avg_price': 0}
2026-06-01 13:15:31 | INFO | samsung_auto_trader | 
====================================================================
[STATUS] 2026-06-01 13:15:31 KST
holding | symbol=005930 qty=11 sellable_qty=6 avg_price=0
inventory_limits | initial=12 min=3 max=25 effective_position=16
open_orders | buy_open=10 sell_open=5 total_open=15
 - side=buy order_no=0000027421 time=131428 qty=1 filled=0 unfilled=1 price=347500 branch=
 - side=sell order_no=0000027338 time=131243 qty=1 filled=0 unfilled=1 price=349500 branch=
 - side=buy order_no=0000027311 time=131211 qty=1 filled=0 unfilled=1 price=347500 branch=
 - side=sell order_no=0000027258 time=131120 qty=1 filled=0 unfilled=1 price=349500 branch=
 - side=buy order_no=0000027211 time=131026 qty=1 filled=0 unfilled=1 price=347500 branch=
 - side=buy order_no=0000027103 time=130837 qty=1 filled=0 unfilled=1 price=347000 branch=
 - side=sell order_no=0000025823 time=125011 qty=1 filled=0 unfilled=1 price=349500 branch=
 - side=sell order_no=0000025704 time=124756 qty=1 filled=0 unfilled=1 price=349500 branch=
 - side=sell order_no=0000025003 time=123729 qty=1 filled=0 unfilled=1 price=349500 branch=
 - side=buy order_no=0000023150 time=120324 qty=1 filled=0 unfilled=1 price=345500 branch=
 - side=buy order_no=0000023033 time=120151 qty=1 filled=0 unfilled=1 price=345500 branch=
 - side=buy order_no=0000022846 time=115950 qty=1 filled=0 unfilled=1 price=345500 branch=
 - side=buy order_no=0000022722 time=115827 qty=1 filled=0 unfilled=1 price=345500 branch=
 - side=buy order_no=0000022549 time=115623 qty=1 filled=0 unfilled=1 price=345000 branch=
 - side=buy order_no=0000022440 time=115448 qty=1 filled=0 unfilled=1 price=343500 branch=
====================================================================
2026-06-01 13:15:31 | INFO | samsung_auto_trader | Execution check for buy: before_qty=11, after_qty=11, executed=False
2026-06-01 13:15:31 | INFO | samsung_auto_trader | Token reuse: cached same-day token is valid.
2026-06-01 13:15:38 | INFO | samsung_auto_trader | Token reuse: cached same-day token is valid.
2026-06-01 13:15:45 | INFO | samsung_auto_trader | Token reuse: cached same-day token is valid.
2026-06-01 13:15:51 | INFO | samsung_auto_trader | Token reuse: cached same-day token is valid.
2026-06-01 13:15:57 | INFO | samsung_auto_trader | Token reuse: cached same-day token is valid.
2026-06-01 13:16:04 | INFO | samsung_auto_trader | Token reuse: cached same-day token is valid.
2026-06-01 13:16:13 | INFO | samsung_auto_trader | Sell order request: qty=1, price=349500 | sellable_qty=6 min_position=3
2026-06-01 13:16:13 | INFO | samsung_auto_trader | Token reuse: cached same-day token is valid.
2026-06-01 13:16:18 | INFO | samsung_auto_trader | Sell order accepted | order_no=00950 | order_time=131618 | qty=1 | price=349500
2026-06-01 13:16:18 | INFO | samsung_auto_trader | Waiting 5 seconds before post-sell balance check.
2026-06-01 13:16:23 | INFO | samsung_auto_trader | Token reuse: cached same-day token is valid.
2026-06-01 13:16:23 | WARNING | samsung_auto_trader | API request failed (GET /uapi/domestic-stock/v1/trading/inquire-balance, attempt 1/3): ('Connection aborted.', RemoteDisconnected('Remote end closed connection without response'))
2026-06-01 13:16:27 | INFO | samsung_auto_trader | Token reuse: cached same-day token is valid.
2026-06-01 13:16:29 | INFO | samsung_auto_trader | Token reuse: cached same-day token is valid.
2026-06-01 13:16:30 | INFO | samsung_auto_trader | Token reuse: cached same-day token is valid.
2026-06-01 13:16:31 | INFO | samsung_auto_trader | Token reuse: cached same-day token is valid.
2026-06-01 13:16:32 | INFO | samsung_auto_trader | Token reuse: cached same-day token is valid.
2026-06-01 13:16:33 | INFO | samsung_auto_trader | Token reuse: cached same-day token is valid.
2026-06-01 13:16:34 | INFO | samsung_auto_trader | Token reuse: cached same-day token is valid.
2026-06-01 13:16:34 | INFO | samsung_auto_trader | Holdings after sell | cash_available=2266093 | total_eval_amount=9581921 | samsung_holding={'symbol': '005930', 'qty': 11, 'sellable_qty': 5, 'avg_price': 0}
2026-06-01 13:16:34 | INFO | samsung_auto_trader | 
====================================================================
[STATUS] 2026-06-01 13:16:34 KST
holding | symbol=005930 qty=11 sellable_qty=5 avg_price=0
inventory_limits | initial=12 min=3 max=25 effective_position=15
open_orders | buy_open=10 sell_open=6 total_open=16
 - side=sell order_no=0000027545 time=131618 qty=1 filled=0 unfilled=1 price=349500 branch=
 - side=buy order_no=0000027421 time=131428 qty=1 filled=0 unfilled=1 price=347500 branch=
 - side=sell order_no=0000027338 time=131243 qty=1 filled=0 unfilled=1 price=349500 branch=
 - side=buy order_no=0000027311 time=131211 qty=1 filled=0 unfilled=1 price=347500 branch=
 - side=sell order_no=0000027258 time=131120 qty=1 filled=0 unfilled=1 price=349500 branch=
 - side=buy order_no=0000027211 time=131026 qty=1 filled=0 unfilled=1 price=347500 branch=
 - side=buy order_no=0000027103 time=130837 qty=1 filled=0 unfilled=1 price=347000 branch=
 - side=sell order_no=0000025823 time=125011 qty=1 filled=0 unfilled=1 price=349500 branch=
 - side=sell order_no=0000025704 time=124756 qty=1 filled=0 unfilled=1 price=349500 branch=
 - side=sell order_no=0000025003 time=123729 qty=1 filled=0 unfilled=1 price=349500 branch=
 - side=buy order_no=0000023150 time=120324 qty=1 filled=0 unfilled=1 price=345500 branch=
 - side=buy order_no=0000023033 time=120151 qty=1 filled=0 unfilled=1 price=345500 branch=
 - side=buy order_no=0000022846 time=115950 qty=1 filled=0 unfilled=1 price=345500 branch=
 - side=buy order_no=0000022722 time=115827 qty=1 filled=0 unfilled=1 price=345500 branch=
 - side=buy order_no=0000022549 time=115623 qty=1 filled=0 unfilled=1 price=345000 branch=
 - side=buy order_no=0000022440 time=115448 qty=1 filled=0 unfilled=1 price=343500 branch=
====================================================================
2026-06-01 13:16:34 | INFO | samsung_auto_trader | Execution check for sell: before_qty=11, after_qty=11, executed=False
2026-06-01 13:16:34 | INFO | samsung_auto_trader | Trade cycle finished.
2026-06-01 13:16:54 | INFO | samsung_auto_trader | Starting trade cycle.
2026-06-01 13:16:54 | INFO | samsung_auto_trader | Token reuse: cached same-day token is valid.
2026-06-01 13:16:57 | INFO | samsung_auto_trader | Current price: 348750 KRW | inferred_tick_size=500
2026-06-01 13:16:57 | INFO | samsung_auto_trader | Token reuse: cached same-day token is valid.
2026-06-01 13:17:03 | INFO | samsung_auto_trader | Token reuse: cached same-day token is valid.
2026-06-01 13:17:10 | INFO | samsung_auto_trader | Token reuse: cached same-day token is valid.
2026-06-01 13:17:18 | INFO | samsung_auto_trader | Token reuse: cached same-day token is valid.
2026-06-01 13:17:26 | INFO | samsung_auto_trader | Token reuse: cached same-day token is valid.
2026-06-01 13:17:33 | INFO | samsung_auto_trader | Token reuse: cached same-day token is valid.
2026-06-01 13:17:40 | INFO | samsung_auto_trader | Token reuse: cached same-day token is valid.
2026-06-01 13:17:48 | INFO | samsung_auto_trader | Token reuse: cached same-day token is valid.
2026-06-01 13:17:55 | INFO | samsung_auto_trader | Holdings before order | cash_available=2266093 | total_eval_amount=9579171 | samsung_holding={'symbol': '005930', 'qty': 11, 'sellable_qty': 5, 'avg_price': 0}
2026-06-01 13:17:55 | INFO | samsung_auto_trader | 
====================================================================
[STATUS] 2026-06-01 13:17:55 KST
holding | symbol=005930 qty=11 sellable_qty=5 avg_price=0
inventory_limits | initial=12 min=3 max=25 effective_position=15
open_orders | buy_open=10 sell_open=6 total_open=16
 - side=sell order_no=0000027545 time=131618 qty=1 filled=0 unfilled=1 price=349500 branch=
 - side=buy order_no=0000027421 time=131428 qty=1 filled=0 unfilled=1 price=347500 branch=
 - side=sell order_no=0000027338 time=131243 qty=1 filled=0 unfilled=1 price=349500 branch=
 - side=buy order_no=0000027311 time=131211 qty=1 filled=0 unfilled=1 price=347500 branch=
 - side=sell order_no=0000027258 time=131120 qty=1 filled=0 unfilled=1 price=349500 branch=
 - side=buy order_no=0000027211 time=131026 qty=1 filled=0 unfilled=1 price=347500 branch=
 - side=buy order_no=0000027103 time=130837 qty=1 filled=0 unfilled=1 price=347000 branch=
 - side=sell order_no=0000025823 time=125011 qty=1 filled=0 unfilled=1 price=349500 branch=
 - side=sell order_no=0000025704 time=124756 qty=1 filled=0 unfilled=1 price=349500 branch=
 - side=sell order_no=0000025003 time=123729 qty=1 filled=0 unfilled=1 price=349500 branch=
 - side=buy order_no=0000023150 time=120324 qty=1 filled=0 unfilled=1 price=345500 branch=
 - side=buy order_no=0000023033 time=120151 qty=1 filled=0 unfilled=1 price=345500 branch=
 - side=buy order_no=0000022846 time=115950 qty=1 filled=0 unfilled=1 price=345500 branch=
 - side=buy order_no=0000022722 time=115827 qty=1 filled=0 unfilled=1 price=345500 branch=
 - side=buy order_no=0000022549 time=115623 qty=1 filled=0 unfilled=1 price=345000 branch=
 - side=buy order_no=0000022440 time=115448 qty=1 filled=0 unfilled=1 price=343500 branch=
====================================================================
2026-06-01 13:17:55 | INFO | samsung_auto_trader | Price normalized by tick size | current=348750 tick=500 raw_buy=347750 buy=347500 raw_sell=349750 sell=350000
2026-06-01 13:17:55 | INFO | samsung_auto_trader | Buy order request: qty=1, price=347500
2026-06-01 13:17:55 | INFO | samsung_auto_trader | Token reuse: cached same-day token is valid.
2026-06-01 13:18:02 | INFO | samsung_auto_trader | Buy order accepted | order_no=00950 | order_time=131802 | qty=1 | price=347500
2026-06-01 13:18:02 | INFO | samsung_auto_trader | Waiting 5 seconds before post-buy balance check.
2026-06-01 13:18:07 | INFO | samsung_auto_trader | Token reuse: cached same-day token is valid.
2026-06-01 13:18:17 | INFO | samsung_auto_trader | Token reuse: cached same-day token is valid.
2026-06-01 13:18:26 | INFO | samsung_auto_trader | Token reuse: cached same-day token is valid.
2026-06-01 13:18:34 | INFO | samsung_auto_trader | Token reuse: cached same-day token is valid.
2026-06-01 13:18:41 | INFO | samsung_auto_trader | Token reuse: cached same-day token is valid.
2026-06-01 13:18:48 | INFO | samsung_auto_trader | Token reuse: cached same-day token is valid.
2026-06-01 13:18:53 | INFO | samsung_auto_trader | Token reuse: cached same-day token is valid.
2026-06-01 13:18:57 | INFO | samsung_auto_trader | Token reuse: cached same-day token is valid.
2026-06-01 13:19:00 | INFO | samsung_auto_trader | Holdings after buy | cash_available=1920331 | total_eval_amount=9584671 | samsung_holding={'symbol': '005930', 'qty': 11, 'sellable_qty': 5, 'avg_price': 0}
2026-06-01 13:19:00 | INFO | samsung_auto_trader | 
====================================================================
[STATUS] 2026-06-01 13:19:00 KST
holding | symbol=005930 qty=11 sellable_qty=5 avg_price=0
inventory_limits | initial=12 min=3 max=25 effective_position=16
open_orders | buy_open=11 sell_open=6 total_open=17
 - side=buy order_no=0000027644 time=131802 qty=1 filled=0 unfilled=1 price=347500 branch=
 - side=sell order_no=0000027545 time=131618 qty=1 filled=0 unfilled=1 price=349500 branch=
 - side=buy order_no=0000027421 time=131428 qty=1 filled=0 unfilled=1 price=347500 branch=
 - side=sell order_no=0000027338 time=131243 qty=1 filled=0 unfilled=1 price=349500 branch=
 - side=buy order_no=0000027311 time=131211 qty=1 filled=0 unfilled=1 price=347500 branch=
 - side=sell order_no=0000027258 time=131120 qty=1 filled=0 unfilled=1 price=349500 branch=
 - side=buy order_no=0000027211 time=131026 qty=1 filled=0 unfilled=1 price=347500 branch=
 - side=buy order_no=0000027103 time=130837 qty=1 filled=0 unfilled=1 price=347000 branch=
 - side=sell order_no=0000025823 time=125011 qty=1 filled=0 unfilled=1 price=349500 branch=
 - side=sell order_no=0000025704 time=124756 qty=1 filled=0 unfilled=1 price=349500 branch=
 - side=sell order_no=0000025003 time=123729 qty=1 filled=0 unfilled=1 price=349500 branch=
 - side=buy order_no=0000023150 time=120324 qty=1 filled=0 unfilled=1 price=345500 branch=
 - side=buy order_no=0000023033 time=120151 qty=1 filled=0 unfilled=1 price=345500 branch=
 - side=buy order_no=0000022846 time=115950 qty=1 filled=0 unfilled=1 price=345500 branch=
 - side=buy order_no=0000022722 time=115827 qty=1 filled=0 unfilled=1 price=345500 branch=
 - side=buy order_no=0000022549 time=115623 qty=1 filled=0 unfilled=1 price=345000 branch=
 - side=buy order_no=0000022440 time=115448 qty=1 filled=0 unfilled=1 price=343500 branch=
====================================================================
2026-06-01 13:19:00 | INFO | samsung_auto_trader | Execution check for buy: before_qty=11, after_qty=11, executed=False
2026-06-01 13:19:00 | INFO | samsung_auto_trader | Token reuse: cached same-day token is valid.
2026-06-01 13:19:05 | INFO | samsung_auto_trader | Token reuse: cached same-day token is valid.
2026-06-01 13:19:11 | INFO | samsung_auto_trader | Token reuse: cached same-day token is valid.
2026-06-01 13:19:17 | INFO | samsung_auto_trader | Token reuse: cached same-day token is valid.
2026-06-01 13:19:21 | INFO | samsung_auto_trader | Token reuse: cached same-day token is valid.
2026-06-01 13:19:25 | INFO | samsung_auto_trader | Token reuse: cached same-day token is valid.
2026-06-01 13:19:28 | INFO | samsung_auto_trader | Sell order request: qty=1, price=350000 | sellable_qty=5 min_position=3
2026-06-01 13:19:28 | INFO | samsung_auto_trader | Token reuse: cached same-day token is valid.
2026-06-01 13:19:30 | INFO | samsung_auto_trader | Sell order accepted | order_no=00950 | order_time=131930 | qty=1 | price=350000
2026-06-01 13:19:30 | INFO | samsung_auto_trader | Waiting 5 seconds before post-sell balance check.
2026-06-01 13:19:35 | INFO | samsung_auto_trader | Token reuse: cached same-day token is valid.
2026-06-01 13:19:35 | WARNING | samsung_auto_trader | API request failed (GET /uapi/domestic-stock/v1/trading/inquire-balance, attempt 1/3): ('Connection aborted.', RemoteDisconnected('Remote end closed connection without response'))
2026-06-01 13:19:39 | INFO | samsung_auto_trader | Token reuse: cached same-day token is valid.
2026-06-01 13:19:40 | INFO | samsung_auto_trader | Token reuse: cached same-day token is valid.
2026-06-01 13:19:42 | INFO | samsung_auto_trader | Token reuse: cached same-day token is valid.
2026-06-01 13:19:44 | INFO | samsung_auto_trader | Token reuse: cached same-day token is valid.
2026-06-01 13:19:46 | INFO | samsung_auto_trader | Token reuse: cached same-day token is valid.
2026-06-01 13:19:47 | INFO | samsung_auto_trader | Token reuse: cached same-day token is valid.
2026-06-01 13:19:50 | INFO | samsung_auto_trader | Token reuse: cached same-day token is valid.
2026-06-01 13:19:52 | INFO | samsung_auto_trader | Holdings after sell | cash_available=1920331 | total_eval_amount=9584671 | samsung_holding={'symbol': '005930', 'qty': 11, 'sellable_qty': 4, 'avg_price': 0}
2026-06-01 13:19:52 | INFO | samsung_auto_trader | 
====================================================================
[STATUS] 2026-06-01 13:19:52 KST
holding | symbol=005930 qty=11 sellable_qty=4 avg_price=0
inventory_limits | initial=12 min=3 max=25 effective_position=15
open_orders | buy_open=11 sell_open=7 total_open=18
 - side=sell order_no=0000027735 time=131930 qty=1 filled=0 unfilled=1 price=350000 branch=
 - side=buy order_no=0000027644 time=131802 qty=1 filled=0 unfilled=1 price=347500 branch=
 - side=sell order_no=0000027545 time=131618 qty=1 filled=0 unfilled=1 price=349500 branch=
 - side=buy order_no=0000027421 time=131428 qty=1 filled=0 unfilled=1 price=347500 branch=
 - side=sell order_no=0000027338 time=131243 qty=1 filled=0 unfilled=1 price=349500 branch=
 - side=buy order_no=0000027311 time=131211 qty=1 filled=0 unfilled=1 price=347500 branch=
 - side=sell order_no=0000027258 time=131120 qty=1 filled=0 unfilled=1 price=349500 branch=
 - side=buy order_no=0000027211 time=131026 qty=1 filled=0 unfilled=1 price=347500 branch=
 - side=buy order_no=0000027103 time=130837 qty=1 filled=0 unfilled=1 price=347000 branch=
 - side=sell order_no=0000025823 time=125011 qty=1 filled=0 unfilled=1 price=349500 branch=
 - side=sell order_no=0000025704 time=124756 qty=1 filled=0 unfilled=1 price=349500 branch=
 - side=sell order_no=0000025003 time=123729 qty=1 filled=0 unfilled=1 price=349500 branch=
 - side=buy order_no=0000023150 time=120324 qty=1 filled=0 unfilled=1 price=345500 branch=
 - side=buy order_no=0000023033 time=120151 qty=1 filled=0 unfilled=1 price=345500 branch=
 - side=buy order_no=0000022846 time=115950 qty=1 filled=0 unfilled=1 price=345500 branch=
 - side=buy order_no=0000022722 time=115827 qty=1 filled=0 unfilled=1 price=345500 branch=
 - side=buy order_no=0000022549 time=115623 qty=1 filled=0 unfilled=1 price=345000 branch=
 - side=buy order_no=0000022440 time=115448 qty=1 filled=0 unfilled=1 price=343500 branch=
====================================================================
2026-06-01 13:19:52 | INFO | samsung_auto_trader | Execution check for sell: before_qty=11, after_qty=11, executed=False
2026-06-01 13:19:52 | INFO | samsung_auto_trader | Trade cycle finished.
2026-06-01 13:20:12 | INFO | samsung_auto_trader | Starting trade cycle.
2026-06-01 13:20:12 | INFO | samsung_auto_trader | Token reuse: cached same-day token is valid.
2026-06-01 13:20:16 | INFO | samsung_auto_trader | Current price: 348750 KRW | inferred_tick_size=500
2026-06-01 13:20:16 | INFO | samsung_auto_trader | Token reuse: cached same-day token is valid.
2026-06-01 13:20:24 | INFO | samsung_auto_trader | Token reuse: cached same-day token is valid.
2026-06-01 13:20:32 | INFO | samsung_auto_trader | Token reuse: cached same-day token is valid.
2026-06-01 13:20:35 | INFO | samsung_auto_trader | Token reuse: cached same-day token is valid.
2026-06-01 13:20:38 | INFO | samsung_auto_trader | Token reuse: cached same-day token is valid.
2026-06-01 13:20:40 | INFO | samsung_auto_trader | Token reuse: cached same-day token is valid.
2026-06-01 13:20:44 | INFO | samsung_auto_trader | Token reuse: cached same-day token is valid.
2026-06-01 13:20:47 | INFO | samsung_auto_trader | Token reuse: cached same-day token is valid.
2026-06-01 13:20:49 | INFO | samsung_auto_trader | Holdings before order | cash_available=1920331 | total_eval_amount=9579171 | samsung_holding={'symbol': '005930', 'qty': 11, 'sellable_qty': 4, 'avg_price': 0}
2026-06-01 13:20:49 | INFO | samsung_auto_trader | 
====================================================================
[STATUS] 2026-06-01 13:20:49 KST
holding | symbol=005930 qty=11 sellable_qty=4 avg_price=0
inventory_limits | initial=12 min=3 max=25 effective_position=15
open_orders | buy_open=11 sell_open=7 total_open=18
 - side=sell order_no=0000027735 time=131930 qty=1 filled=0 unfilled=1 price=350000 branch=
 - side=buy order_no=0000027644 time=131802 qty=1 filled=0 unfilled=1 price=347500 branch=
 - side=sell order_no=0000027545 time=131618 qty=1 filled=0 unfilled=1 price=349500 branch=
 - side=buy order_no=0000027421 time=131428 qty=1 filled=0 unfilled=1 price=347500 branch=
 - side=sell order_no=0000027338 time=131243 qty=1 filled=0 unfilled=1 price=349500 branch=
 - side=buy order_no=0000027311 time=131211 qty=1 filled=0 unfilled=1 price=347500 branch=
 - side=sell order_no=0000027258 time=131120 qty=1 filled=0 unfilled=1 price=349500 branch=
 - side=buy order_no=0000027211 time=131026 qty=1 filled=0 unfilled=1 price=347500 branch=
 - side=buy order_no=0000027103 time=130837 qty=1 filled=0 unfilled=1 price=347000 branch=
 - side=sell order_no=0000025823 time=125011 qty=1 filled=0 unfilled=1 price=349500 branch=
 - side=sell order_no=0000025704 time=124756 qty=1 filled=0 unfilled=1 price=349500 branch=
 - side=sell order_no=0000025003 time=123729 qty=1 filled=0 unfilled=1 price=349500 branch=
 - side=buy order_no=0000023150 time=120324 qty=1 filled=0 unfilled=1 price=345500 branch=
 - side=buy order_no=0000023033 time=120151 qty=1 filled=0 unfilled=1 price=345500 branch=
 - side=buy order_no=0000022846 time=115950 qty=1 filled=0 unfilled=1 price=345500 branch=
 - side=buy order_no=0000022722 time=115827 qty=1 filled=0 unfilled=1 price=345500 branch=
 - side=buy order_no=0000022549 time=115623 qty=1 filled=0 unfilled=1 price=345000 branch=
 - side=buy order_no=0000022440 time=115448 qty=1 filled=0 unfilled=1 price=343500 branch=
====================================================================
2026-06-01 13:20:49 | INFO | samsung_auto_trader | Price normalized by tick size | current=348750 tick=500 raw_buy=347750 buy=347500 raw_sell=349750 sell=350000
2026-06-01 13:20:49 | INFO | samsung_auto_trader | Buy order request: qty=1, price=347500
2026-06-01 13:20:49 | INFO | samsung_auto_trader | Token reuse: cached same-day token is valid.
2026-06-01 13:20:53 | INFO | samsung_auto_trader | Buy order accepted | order_no=00950 | order_time=132054 | qty=1 | price=347500
2026-06-01 13:20:53 | INFO | samsung_auto_trader | Waiting 5 seconds before post-buy balance check.
2026-06-01 13:20:58 | INFO | samsung_auto_trader | Token reuse: cached same-day token is valid.
2026-06-01 13:21:03 | INFO | samsung_auto_trader | Token reuse: cached same-day token is valid.
2026-06-01 13:21:08 | INFO | samsung_auto_trader | Token reuse: cached same-day token is valid.
2026-06-01 13:21:13 | INFO | samsung_auto_trader | Token reuse: cached same-day token is valid.
2026-06-01 13:21:18 | INFO | samsung_auto_trader | Token reuse: cached same-day token is valid.
2026-06-01 13:21:21 | INFO | samsung_auto_trader | Token reuse: cached same-day token is valid.
2026-06-01 13:21:25 | INFO | samsung_auto_trader | Token reuse: cached same-day token is valid.
2026-06-01 13:21:27 | INFO | samsung_auto_trader | Token reuse: cached same-day token is valid.
2026-06-01 13:21:30 | INFO | samsung_auto_trader | Holdings after buy | cash_available=1574568 | total_eval_amount=9581921 | samsung_holding={'symbol': '005930', 'qty': 11, 'sellable_qty': 4, 'avg_price': 0}
2026-06-01 13:21:30 | INFO | samsung_auto_trader | 
====================================================================
[STATUS] 2026-06-01 13:21:30 KST
holding | symbol=005930 qty=11 sellable_qty=4 avg_price=0
inventory_limits | initial=12 min=3 max=25 effective_position=16
open_orders | buy_open=12 sell_open=7 total_open=19
 - side=buy order_no=0000027806 time=132054 qty=1 filled=0 unfilled=1 price=347500 branch=
 - side=sell order_no=0000027735 time=131930 qty=1 filled=0 unfilled=1 price=350000 branch=
 - side=buy order_no=0000027644 time=131802 qty=1 filled=0 unfilled=1 price=347500 branch=
 - side=sell order_no=0000027545 time=131618 qty=1 filled=0 unfilled=1 price=349500 branch=
 - side=buy order_no=0000027421 time=131428 qty=1 filled=0 unfilled=1 price=347500 branch=
 - side=sell order_no=0000027338 time=131243 qty=1 filled=0 unfilled=1 price=349500 branch=
 - side=buy order_no=0000027311 time=131211 qty=1 filled=0 unfilled=1 price=347500 branch=
 - side=sell order_no=0000027258 time=131120 qty=1 filled=0 unfilled=1 price=349500 branch=
 - side=buy order_no=0000027211 time=131026 qty=1 filled=0 unfilled=1 price=347500 branch=
 - side=buy order_no=0000027103 time=130837 qty=1 filled=0 unfilled=1 price=347000 branch=
 - side=sell order_no=0000025823 time=125011 qty=1 filled=0 unfilled=1 price=349500 branch=
 - side=sell order_no=0000025704 time=124756 qty=1 filled=0 unfilled=1 price=349500 branch=
 - side=sell order_no=0000025003 time=123729 qty=1 filled=0 unfilled=1 price=349500 branch=
 - side=buy order_no=0000023150 time=120324 qty=1 filled=0 unfilled=1 price=345500 branch=
 - side=buy order_no=0000023033 time=120151 qty=1 filled=0 unfilled=1 price=345500 branch=
 - side=buy order_no=0000022846 time=115950 qty=1 filled=0 unfilled=1 price=345500 branch=
 - side=buy order_no=0000022722 time=115827 qty=1 filled=0 unfilled=1 price=345500 branch=
 - side=buy order_no=0000022549 time=115623 qty=1 filled=0 unfilled=1 price=345000 branch=
 - side=buy order_no=0000022440 time=115448 qty=1 filled=0 unfilled=1 price=343500 branch=
====================================================================
2026-06-01 13:21:30 | INFO | samsung_auto_trader | Execution check for buy: before_qty=11, after_qty=11, executed=False
2026-06-01 13:21:30 | INFO | samsung_auto_trader | Token reuse: cached same-day token is valid.
2026-06-01 13:21:32 | INFO | samsung_auto_trader | Token reuse: cached same-day token is valid.
2026-06-01 13:21:34 | INFO | samsung_auto_trader | Token reuse: cached same-day token is valid.
2026-06-01 13:21:37 | INFO | samsung_auto_trader | Token reuse: cached same-day token is valid.
2026-06-01 13:21:39 | INFO | samsung_auto_trader | Token reuse: cached same-day token is valid.
2026-06-01 13:21:41 | INFO | samsung_auto_trader | Token reuse: cached same-day token is valid.
2026-06-01 13:21:44 | INFO | samsung_auto_trader | Sell order request: qty=1, price=350000 | sellable_qty=4 min_position=3
2026-06-01 13:21:44 | INFO | samsung_auto_trader | Token reuse: cached same-day token is valid.
2026-06-01 13:21:46 | INFO | samsung_auto_trader | Sell order accepted | order_no=00950 | order_time=132146 | qty=1 | price=350000
2026-06-01 13:21:46 | INFO | samsung_auto_trader | Waiting 5 seconds before post-sell balance check.
2026-06-01 13:21:51 | INFO | samsung_auto_trader | Token reuse: cached same-day token is valid.
2026-06-01 13:21:51 | WARNING | samsung_auto_trader | API request failed (GET /uapi/domestic-stock/v1/trading/inquire-balance, attempt 1/3): ('Connection aborted.', RemoteDisconnected('Remote end closed connection without response'))
2026-06-01 13:21:55 | INFO | samsung_auto_trader | Token reuse: cached same-day token is valid.
2026-06-01 13:21:57 | INFO | samsung_auto_trader | Token reuse: cached same-day token is valid.
2026-06-01 13:21:58 | INFO | samsung_auto_trader | Token reuse: cached same-day token is valid.
2026-06-01 13:22:00 | INFO | samsung_auto_trader | Token reuse: cached same-day token is valid.
2026-06-01 13:22:02 | INFO | samsung_auto_trader | Token reuse: cached same-day token is valid.
2026-06-01 13:22:05 | INFO | samsung_auto_trader | Token reuse: cached same-day token is valid.
2026-06-01 13:22:08 | INFO | samsung_auto_trader | Token reuse: cached same-day token is valid.
2026-06-01 13:22:12 | INFO | samsung_auto_trader | Holdings after sell | cash_available=1574568 | total_eval_amount=9584671 | samsung_holding={'symbol': '005930', 'qty': 11, 'sellable_qty': 3, 'avg_price': 0}
2026-06-01 13:22:12 | INFO | samsung_auto_trader | 
====================================================================
[STATUS] 2026-06-01 13:22:12 KST
holding | symbol=005930 qty=11 sellable_qty=3 avg_price=0
inventory_limits | initial=12 min=3 max=25 effective_position=15
open_orders | buy_open=12 sell_open=8 total_open=20
 - side=sell order_no=0000027859 time=132146 qty=1 filled=0 unfilled=1 price=350000 branch=
 - side=buy order_no=0000027806 time=132054 qty=1 filled=0 unfilled=1 price=347500 branch=
 - side=sell order_no=0000027735 time=131930 qty=1 filled=0 unfilled=1 price=350000 branch=
 - side=buy order_no=0000027644 time=131802 qty=1 filled=0 unfilled=1 price=347500 branch=
 - side=sell order_no=0000027545 time=131618 qty=1 filled=0 unfilled=1 price=349500 branch=
 - side=buy order_no=0000027421 time=131428 qty=1 filled=0 unfilled=1 price=347500 branch=
 - side=sell order_no=0000027338 time=131243 qty=1 filled=0 unfilled=1 price=349500 branch=
 - side=buy order_no=0000027311 time=131211 qty=1 filled=0 unfilled=1 price=347500 branch=
 - side=sell order_no=0000027258 time=131120 qty=1 filled=0 unfilled=1 price=349500 branch=
 - side=buy order_no=0000027211 time=131026 qty=1 filled=0 unfilled=1 price=347500 branch=
 - side=buy order_no=0000027103 time=130837 qty=1 filled=0 unfilled=1 price=347000 branch=
 - side=sell order_no=0000025823 time=125011 qty=1 filled=0 unfilled=1 price=349500 branch=
 - side=sell order_no=0000025704 time=124756 qty=1 filled=0 unfilled=1 price=349500 branch=
 - side=sell order_no=0000025003 time=123729 qty=1 filled=0 unfilled=1 price=349500 branch=
 - side=buy order_no=0000023150 time=120324 qty=1 filled=0 unfilled=1 price=345500 branch=
 - side=buy order_no=0000023033 time=120151 qty=1 filled=0 unfilled=1 price=345500 branch=
 - side=buy order_no=0000022846 time=115950 qty=1 filled=0 unfilled=1 price=345500 branch=
 - side=buy order_no=0000022722 time=115827 qty=1 filled=0 unfilled=1 price=345500 branch=
 - side=buy order_no=0000022549 time=115623 qty=1 filled=0 unfilled=1 price=345000 branch=
 - side=buy order_no=0000022440 time=115448 qty=1 filled=0 unfilled=1 price=343500 branch=
====================================================================
2026-06-01 13:22:12 | INFO | samsung_auto_trader | Execution check for sell: before_qty=11, after_qty=11, executed=False
2026-06-01 13:22:12 | INFO | samsung_auto_trader | Trade cycle finished.
2026-06-01 13:22:32 | INFO | samsung_auto_trader | Starting trade cycle.
2026-06-01 13:22:32 | INFO | samsung_auto_trader | Token reuse: cached same-day token is valid.
2026-06-01 13:22:32 | INFO | samsung_auto_trader | Current price: 348500 KRW | inferred_tick_size=500
2026-06-01 13:22:33 | INFO | samsung_auto_trader | Token reuse: cached same-day token is valid.
2026-06-01 13:22:36 | INFO | samsung_auto_trader | Token reuse: cached same-day token is valid.
2026-06-01 13:22:38 | INFO | samsung_auto_trader | Token reuse: cached same-day token is valid.
2026-06-01 13:22:41 | INFO | samsung_auto_trader | Token reuse: cached same-day token is valid.
2026-06-01 13:22:43 | INFO | samsung_auto_trader | Token reuse: cached same-day token is valid.
2026-06-01 13:22:46 | INFO | samsung_auto_trader | Token reuse: cached same-day token is valid.
2026-06-01 13:22:49 | INFO | samsung_auto_trader | Token reuse: cached same-day token is valid.
2026-06-01 13:22:52 | INFO | samsung_auto_trader | Token reuse: cached same-day token is valid.
2026-06-01 13:22:56 | INFO | samsung_auto_trader | Holdings before order | cash_available=1574568 | total_eval_amount=9581921 | samsung_holding={'symbol': '005930', 'qty': 11, 'sellable_qty': 3, 'avg_price': 0}
2026-06-01 13:22:56 | INFO | samsung_auto_trader | 
====================================================================
[STATUS] 2026-06-01 13:22:56 KST
holding | symbol=005930 qty=11 sellable_qty=3 avg_price=0
inventory_limits | initial=12 min=3 max=25 effective_position=15
open_orders | buy_open=12 sell_open=8 total_open=20
 - side=sell order_no=0000027859 time=132146 qty=1 filled=0 unfilled=1 price=350000 branch=
 - side=buy order_no=0000027806 time=132054 qty=1 filled=0 unfilled=1 price=347500 branch=
 - side=sell order_no=0000027735 time=131930 qty=1 filled=0 unfilled=1 price=350000 branch=
 - side=buy order_no=0000027644 time=131802 qty=1 filled=0 unfilled=1 price=347500 branch=
 - side=sell order_no=0000027545 time=131618 qty=1 filled=0 unfilled=1 price=349500 branch=
 - side=buy order_no=0000027421 time=131428 qty=1 filled=0 unfilled=1 price=347500 branch=
 - side=sell order_no=0000027338 time=131243 qty=1 filled=0 unfilled=1 price=349500 branch=
 - side=buy order_no=0000027311 time=131211 qty=1 filled=0 unfilled=1 price=347500 branch=
 - side=sell order_no=0000027258 time=131120 qty=1 filled=0 unfilled=1 price=349500 branch=
 - side=buy order_no=0000027211 time=131026 qty=1 filled=0 unfilled=1 price=347500 branch=
 - side=buy order_no=0000027103 time=130837 qty=1 filled=0 unfilled=1 price=347000 branch=
 - side=sell order_no=0000025823 time=125011 qty=1 filled=0 unfilled=1 price=349500 branch=
 - side=sell order_no=0000025704 time=124756 qty=1 filled=0 unfilled=1 price=349500 branch=
 - side=sell order_no=0000025003 time=123729 qty=1 filled=0 unfilled=1 price=349500 branch=
 - side=buy order_no=0000023150 time=120324 qty=1 filled=0 unfilled=1 price=345500 branch=
 - side=buy order_no=0000023033 time=120151 qty=1 filled=0 unfilled=1 price=345500 branch=
 - side=buy order_no=0000022846 time=115950 qty=1 filled=0 unfilled=1 price=345500 branch=
 - side=buy order_no=0000022722 time=115827 qty=1 filled=0 unfilled=1 price=345500 branch=
 - side=buy order_no=0000022549 time=115623 qty=1 filled=0 unfilled=1 price=345000 branch=
 - side=buy order_no=0000022440 time=115448 qty=1 filled=0 unfilled=1 price=343500 branch=
====================================================================
2026-06-01 13:22:56 | INFO | samsung_auto_trader | Price normalized by tick size | current=348500 tick=500 raw_buy=347500 buy=347500 raw_sell=349500 sell=349500
2026-06-01 13:22:56 | INFO | samsung_auto_trader | Skipping sell this cycle | holding_qty=11 sell_open=8 min_position=3
2026-06-01 13:22:56 | INFO | samsung_auto_trader | Buy order request: qty=1, price=347500
2026-06-01 13:22:56 | INFO | samsung_auto_trader | Token reuse: cached same-day token is valid.
2026-06-01 13:22:56 | INFO | samsung_auto_trader | Buy order accepted | order_no=00950 | order_time=132256 | qty=1 | price=347500
2026-06-01 13:22:56 | INFO | samsung_auto_trader | Waiting 5 seconds before post-buy balance check.
2026-06-01 13:23:01 | INFO | samsung_auto_trader | Token reuse: cached same-day token is valid.
2026-06-01 13:23:05 | INFO | samsung_auto_trader | Token reuse: cached same-day token is valid.
2026-06-01 13:23:09 | INFO | samsung_auto_trader | Token reuse: cached same-day token is valid.
2026-06-01 13:23:13 | INFO | samsung_auto_trader | Token reuse: cached same-day token is valid.
2026-06-01 13:23:18 | INFO | samsung_auto_trader | Token reuse: cached same-day token is valid.
2026-06-01 13:23:21 | INFO | samsung_auto_trader | Token reuse: cached same-day token is valid.
2026-06-01 13:23:26 | INFO | samsung_auto_trader | Token reuse: cached same-day token is valid.
2026-06-01 13:23:29 | INFO | samsung_auto_trader | Token reuse: cached same-day token is valid.
2026-06-01 13:23:33 | INFO | samsung_auto_trader | Token reuse: cached same-day token is valid.
2026-06-01 13:23:37 | INFO | samsung_auto_trader | Holdings after buy | cash_available=1228806 | total_eval_amount=9581921 | samsung_holding={'symbol': '005930', 'qty': 11, 'sellable_qty': 3, 'avg_price': 0}
2026-06-01 13:23:37 | INFO | samsung_auto_trader | 
====================================================================
[STATUS] 2026-06-01 13:23:37 KST
holding | symbol=005930 qty=11 sellable_qty=3 avg_price=0
inventory_limits | initial=12 min=3 max=25 effective_position=16
open_orders | buy_open=13 sell_open=8 total_open=21
 - side=buy order_no=0000027924 time=132256 qty=1 filled=0 unfilled=1 price=347500 branch=
 - side=sell order_no=0000027859 time=132146 qty=1 filled=0 unfilled=1 price=350000 branch=
 - side=buy order_no=0000027806 time=132054 qty=1 filled=0 unfilled=1 price=347500 branch=
 - side=sell order_no=0000027735 time=131930 qty=1 filled=0 unfilled=1 price=350000 branch=
 - side=buy order_no=0000027644 time=131802 qty=1 filled=0 unfilled=1 price=347500 branch=
 - side=sell order_no=0000027545 time=131618 qty=1 filled=0 unfilled=1 price=349500 branch=
 - side=buy order_no=0000027421 time=131428 qty=1 filled=0 unfilled=1 price=347500 branch=
 - side=sell order_no=0000027338 time=131243 qty=1 filled=0 unfilled=1 price=349500 branch=
 - side=buy order_no=0000027311 time=131211 qty=1 filled=0 unfilled=1 price=347500 branch=
 - side=sell order_no=0000027258 time=131120 qty=1 filled=0 unfilled=1 price=349500 branch=
 - side=buy order_no=0000027211 time=131026 qty=1 filled=0 unfilled=1 price=347500 branch=
 - side=buy order_no=0000027103 time=130837 qty=1 filled=0 unfilled=1 price=347000 branch=
 - side=sell order_no=0000025823 time=125011 qty=1 filled=0 unfilled=1 price=349500 branch=
 - side=sell order_no=0000025704 time=124756 qty=1 filled=0 unfilled=1 price=349500 branch=
 - side=sell order_no=0000025003 time=123729 qty=1 filled=0 unfilled=1 price=349500 branch=
 - side=buy order_no=0000023150 time=120324 qty=1 filled=0 unfilled=1 price=345500 branch=
 - side=buy order_no=0000023033 time=120151 qty=1 filled=0 unfilled=1 price=345500 branch=
 - side=buy order_no=0000022846 time=115950 qty=1 filled=0 unfilled=1 price=345500 branch=
 - side=buy order_no=0000022722 time=115827 qty=1 filled=0 unfilled=1 price=345500 branch=
 - side=buy order_no=0000022549 time=115623 qty=1 filled=0 unfilled=1 price=345000 branch=
 - side=buy order_no=0000022440 time=115448 qty=1 filled=0 unfilled=1 price=343500 branch=
====================================================================
2026-06-01 13:23:37 | INFO | samsung_auto_trader | Execution check for buy: before_qty=11, after_qty=11, executed=False
2026-06-01 13:23:37 | INFO | samsung_auto_trader | Token reuse: cached same-day token is valid.
2026-06-01 13:23:42 | INFO | samsung_auto_trader | Token reuse: cached same-day token is valid.
2026-06-01 13:23:46 | INFO | samsung_auto_trader | Token reuse: cached same-day token is valid.
2026-06-01 13:23:50 | INFO | samsung_auto_trader | Token reuse: cached same-day token is valid.
2026-06-01 13:23:54 | INFO | samsung_auto_trader | Token reuse: cached same-day token is valid.
2026-06-01 13:23:59 | INFO | samsung_auto_trader | Token reuse: cached same-day token is valid.
2026-06-01 13:24:05 | INFO | samsung_auto_trader | Token reuse: cached same-day token is valid.
2026-06-01 13:24:12 | INFO | samsung_auto_trader | Skipping sell this cycle | holding_qty=11 sell_open=8 min_position=3
2026-06-01 13:24:12 | INFO | samsung_auto_trader | Trade cycle finished.
2026-06-01 13:24:32 | INFO | samsung_auto_trader | Starting trade cycle.
2026-06-01 13:24:32 | INFO | samsung_auto_trader | Token reuse: cached same-day token is valid.
2026-06-01 13:24:36 | INFO | samsung_auto_trader | Current price: 348250 KRW | inferred_tick_size=500
2026-06-01 13:24:36 | INFO | samsung_auto_trader | Token reuse: cached same-day token is valid.
2026-06-01 13:24:44 | INFO | samsung_auto_trader | Token reuse: cached same-day token is valid.
2026-06-01 13:24:51 | INFO | samsung_auto_trader | Token reuse: cached same-day token is valid.
2026-06-01 13:24:51 | WARNING | samsung_auto_trader | API request failed (GET /uapi/domestic-stock/v1/trading/inquire-daily-ccld, attempt 1/3): ('Connection aborted.', RemoteDisconnected('Remote end closed connection without response'))
2026-06-01 13:25:00 | INFO | samsung_auto_trader | Token reuse: cached same-day token is valid.
2026-06-01 13:25:08 | INFO | samsung_auto_trader | Token reuse: cached same-day token is valid.
2026-06-01 13:25:18 | WARNING | samsung_auto_trader | API request failed (GET /uapi/domestic-stock/v1/trading/inquire-daily-ccld, attempt 1/3): HTTPSConnectionPool(host='openapivts.koreainvestment.com', port=29443): Read timed out. (read timeout=10)
2026-06-01 13:25:29 | INFO | samsung_auto_trader | Token reuse: cached same-day token is valid.
2026-06-01 13:25:38 | INFO | samsung_auto_trader | Token reuse: cached same-day token is valid.
2026-06-01 13:25:48 | INFO | samsung_auto_trader | Token reuse: cached same-day token is valid.
2026-06-01 13:25:49 | INFO | samsung_auto_trader | Token reuse: cached same-day token is valid.
2026-06-01 13:25:49 | INFO | samsung_auto_trader | Holdings before order | cash_available=1228806 | total_eval_amount=9573671 | samsung_holding={'symbol': '005930', 'qty': 11, 'sellable_qty': 3, 'avg_price': 0}
2026-06-01 13:25:49 | INFO | samsung_auto_trader | 
====================================================================
[STATUS] 2026-06-01 13:25:49 KST
holding | symbol=005930 qty=11 sellable_qty=3 avg_price=0
inventory_limits | initial=12 min=3 max=25 effective_position=16
open_orders | buy_open=13 sell_open=8 total_open=21
 - side=buy order_no=0000027924 time=132256 qty=1 filled=0 unfilled=1 price=347500 branch=
 - side=sell order_no=0000027859 time=132146 qty=1 filled=0 unfilled=1 price=350000 branch=
 - side=buy order_no=0000027806 time=132054 qty=1 filled=0 unfilled=1 price=347500 branch=
 - side=sell order_no=0000027735 time=131930 qty=1 filled=0 unfilled=1 price=350000 branch=
 - side=buy order_no=0000027644 time=131802 qty=1 filled=0 unfilled=1 price=347500 branch=
 - side=sell order_no=0000027545 time=131618 qty=1 filled=0 unfilled=1 price=349500 branch=
 - side=buy order_no=0000027421 time=131428 qty=1 filled=0 unfilled=1 price=347500 branch=
 - side=sell order_no=0000027338 time=131243 qty=1 filled=0 unfilled=1 price=349500 branch=
 - side=buy order_no=0000027311 time=131211 qty=1 filled=0 unfilled=1 price=347500 branch=
 - side=sell order_no=0000027258 time=131120 qty=1 filled=0 unfilled=1 price=349500 branch=
 - side=buy order_no=0000027211 time=131026 qty=1 filled=0 unfilled=1 price=347500 branch=
 - side=buy order_no=0000027103 time=130837 qty=1 filled=0 unfilled=1 price=347000 branch=
 - side=sell order_no=0000025823 time=125011 qty=1 filled=0 unfilled=1 price=349500 branch=
 - side=sell order_no=0000025704 time=124756 qty=1 filled=0 unfilled=1 price=349500 branch=
 - side=sell order_no=0000025003 time=123729 qty=1 filled=0 unfilled=1 price=349500 branch=
 - side=buy order_no=0000023150 time=120324 qty=1 filled=0 unfilled=1 price=345500 branch=
 - side=buy order_no=0000023033 time=120151 qty=1 filled=0 unfilled=1 price=345500 branch=
 - side=buy order_no=0000022846 time=115950 qty=1 filled=0 unfilled=1 price=345500 branch=
 - side=buy order_no=0000022722 time=115827 qty=1 filled=0 unfilled=1 price=345500 branch=
 - side=buy order_no=0000022549 time=115623 qty=1 filled=0 unfilled=1 price=345000 branch=
 - side=buy order_no=0000022440 time=115448 qty=1 filled=0 unfilled=1 price=343500 branch=
====================================================================
2026-06-01 13:25:49 | INFO | samsung_auto_trader | Price normalized by tick size | current=348250 tick=500 raw_buy=347250 buy=347000 raw_sell=349250 sell=349500
2026-06-01 13:25:49 | INFO | samsung_auto_trader | Skipping sell this cycle | holding_qty=11 sell_open=8 min_position=3
2026-06-01 13:25:49 | INFO | samsung_auto_trader | Buy order request: qty=1, price=347000
2026-06-01 13:25:50 | INFO | samsung_auto_trader | Token reuse: cached same-day token is valid.
2026-06-01 13:25:54 | INFO | samsung_auto_trader | Buy order accepted | order_no=00950 | order_time=132554 | qty=1 | price=347000
2026-06-01 13:25:54 | INFO | samsung_auto_trader | Waiting 5 seconds before post-buy balance check.
2026-06-01 13:25:59 | INFO | samsung_auto_trader | Token reuse: cached same-day token is valid.
2026-06-01 13:26:05 | INFO | samsung_auto_trader | Token reuse: cached same-day token is valid.
2026-06-01 13:26:12 | INFO | samsung_auto_trader | Token reuse: cached same-day token is valid.
2026-06-01 13:26:19 | INFO | samsung_auto_trader | Token reuse: cached same-day token is valid.
2026-06-01 13:26:26 | INFO | samsung_auto_trader | Token reuse: cached same-day token is valid.
2026-06-01 13:26:33 | INFO | samsung_auto_trader | Token reuse: cached same-day token is valid.
2026-06-01 13:26:41 | INFO | samsung_auto_trader | Token reuse: cached same-day token is valid.
2026-06-01 13:26:49 | INFO | samsung_auto_trader | Token reuse: cached same-day token is valid.
2026-06-01 13:26:56 | INFO | samsung_auto_trader | Token reuse: cached same-day token is valid.
2026-06-01 13:27:02 | INFO | samsung_auto_trader | Holdings after buy | cash_available=883541 | total_eval_amount=9579171 | samsung_holding={'symbol': '005930', 'qty': 11, 'sellable_qty': 3, 'avg_price': 0}
2026-06-01 13:27:02 | INFO | samsung_auto_trader | 
====================================================================
[STATUS] 2026-06-01 13:27:02 KST
holding | symbol=005930 qty=11 sellable_qty=3 avg_price=0
inventory_limits | initial=12 min=3 max=25 effective_position=17
open_orders | buy_open=14 sell_open=8 total_open=22
 - side=buy order_no=0000028082 time=132554 qty=1 filled=0 unfilled=1 price=347000 branch=
 - side=buy order_no=0000027924 time=132256 qty=1 filled=0 unfilled=1 price=347500 branch=
 - side=sell order_no=0000027859 time=132146 qty=1 filled=0 unfilled=1 price=350000 branch=
 - side=buy order_no=0000027806 time=132054 qty=1 filled=0 unfilled=1 price=347500 branch=
 - side=sell order_no=0000027735 time=131930 qty=1 filled=0 unfilled=1 price=350000 branch=
 - side=buy order_no=0000027644 time=131802 qty=1 filled=0 unfilled=1 price=347500 branch=
 - side=sell order_no=0000027545 time=131618 qty=1 filled=0 unfilled=1 price=349500 branch=
 - side=buy order_no=0000027421 time=131428 qty=1 filled=0 unfilled=1 price=347500 branch=
 - side=sell order_no=0000027338 time=131243 qty=1 filled=0 unfilled=1 price=349500 branch=
 - side=buy order_no=0000027311 time=131211 qty=1 filled=0 unfilled=1 price=347500 branch=
 - side=sell order_no=0000027258 time=131120 qty=1 filled=0 unfilled=1 price=349500 branch=
 - side=buy order_no=0000027211 time=131026 qty=1 filled=0 unfilled=1 price=347500 branch=
 - side=buy order_no=0000027103 time=130837 qty=1 filled=0 unfilled=1 price=347000 branch=
 - side=sell order_no=0000025823 time=125011 qty=1 filled=0 unfilled=1 price=349500 branch=
 - side=sell order_no=0000025704 time=124756 qty=1 filled=0 unfilled=1 price=349500 branch=
 - side=sell order_no=0000025003 time=123729 qty=1 filled=0 unfilled=1 price=349500 branch=
 - side=buy order_no=0000023150 time=120324 qty=1 filled=0 unfilled=1 price=345500 branch=
 - side=buy order_no=0000023033 time=120151 qty=1 filled=0 unfilled=1 price=345500 branch=
 - side=buy order_no=0000022846 time=115950 qty=1 filled=0 unfilled=1 price=345500 branch=
 - side=buy order_no=0000022722 time=115827 qty=1 filled=0 unfilled=1 price=345500 branch=
 - side=buy order_no=0000022549 time=115623 qty=1 filled=0 unfilled=1 price=345000 branch=
 - side=buy order_no=0000022440 time=115448 qty=1 filled=0 unfilled=1 price=343500 branch=
====================================================================
2026-06-01 13:27:02 | INFO | samsung_auto_trader | Execution check for buy: before_qty=11, after_qty=11, executed=False
2026-06-01 13:27:02 | INFO | samsung_auto_trader | Token reuse: cached same-day token is valid.
2026-06-01 13:27:09 | INFO | samsung_auto_trader | Token reuse: cached same-day token is valid.
2026-06-01 13:27:16 | INFO | samsung_auto_trader | Token reuse: cached same-day token is valid.
2026-06-01 13:27:23 | INFO | samsung_auto_trader | Token reuse: cached same-day token is valid.
2026-06-01 13:27:28 | INFO | samsung_auto_trader | Token reuse: cached same-day token is valid.
2026-06-01 13:27:29 | INFO | samsung_auto_trader | Token reuse: cached same-day token is valid.
2026-06-01 13:27:30 | WARNING | samsung_auto_trader | API request failed (GET /uapi/domestic-stock/v1/trading/inquire-daily-ccld, attempt 1/3): Retryable HTTP 500: {"rt_cd":"1","msg1":"초당 거래건수를 초과하였습니다.","msg_cd":"EGW00201","message":"EGW00201"}
2026-06-01 13:27:37 | INFO | samsung_auto_trader | Token reuse: cached same-day token is valid.
2026-06-01 13:27:43 | INFO | samsung_auto_trader | Skipping sell this cycle | holding_qty=11 sell_open=8 min_position=3
2026-06-01 13:27:43 | INFO | samsung_auto_trader | Trade cycle finished.
2026-06-01 13:28:03 | INFO | samsung_auto_trader | Starting trade cycle.
2026-06-01 13:28:03 | INFO | samsung_auto_trader | Token reuse: cached same-day token is valid.
2026-06-01 13:28:04 | INFO | samsung_auto_trader | Current price: 348500 KRW | inferred_tick_size=500
2026-06-01 13:28:04 | INFO | samsung_auto_trader | Token reuse: cached same-day token is valid.
2026-06-01 13:28:04 | WARNING | samsung_auto_trader | API request failed (GET /uapi/domestic-stock/v1/trading/inquire-balance, attempt 1/3): Retryable HTTP 500: {"rt_cd":"1","msg1":"초당 거래건수를 초과하였습니다.","msg_cd":"EGW00201","message":"EGW00201"}
2026-06-01 13:28:14 | INFO | samsung_auto_trader | Token reuse: cached same-day token is valid.
2026-06-01 13:28:20 | INFO | samsung_auto_trader | Token reuse: cached same-day token is valid.
2026-06-01 13:28:26 | INFO | samsung_auto_trader | Token reuse: cached same-day token is valid.
2026-06-01 13:28:32 | INFO | samsung_auto_trader | Token reuse: cached same-day token is valid.
2026-06-01 13:28:36 | INFO | samsung_auto_trader | Token reuse: cached same-day token is valid.
2026-06-01 13:28:41 | INFO | samsung_auto_trader | Token reuse: cached same-day token is valid.
2026-06-01 13:28:45 | INFO | samsung_auto_trader | Token reuse: cached same-day token is valid.
2026-06-01 13:28:50 | INFO | samsung_auto_trader | Token reuse: cached same-day token is valid.
2026-06-01 13:28:54 | INFO | samsung_auto_trader | Holdings before order | cash_available=883541 | total_eval_amount=9579171 | samsung_holding={'symbol': '005930', 'qty': 11, 'sellable_qty': 3, 'avg_price': 0}
2026-06-01 13:28:54 | INFO | samsung_auto_trader | 
====================================================================
[STATUS] 2026-06-01 13:28:54 KST
holding | symbol=005930 qty=11 sellable_qty=3 avg_price=0
inventory_limits | initial=12 min=3 max=25 effective_position=17
open_orders | buy_open=14 sell_open=8 total_open=22
 - side=buy order_no=0000028082 time=132554 qty=1 filled=0 unfilled=1 price=347000 branch=
 - side=buy order_no=0000027924 time=132256 qty=1 filled=0 unfilled=1 price=347500 branch=
 - side=sell order_no=0000027859 time=132146 qty=1 filled=0 unfilled=1 price=350000 branch=
 - side=buy order_no=0000027806 time=132054 qty=1 filled=0 unfilled=1 price=347500 branch=
 - side=sell order_no=0000027735 time=131930 qty=1 filled=0 unfilled=1 price=350000 branch=
 - side=buy order_no=0000027644 time=131802 qty=1 filled=0 unfilled=1 price=347500 branch=
 - side=sell order_no=0000027545 time=131618 qty=1 filled=0 unfilled=1 price=349500 branch=
 - side=buy order_no=0000027421 time=131428 qty=1 filled=0 unfilled=1 price=347500 branch=
 - side=sell order_no=0000027338 time=131243 qty=1 filled=0 unfilled=1 price=349500 branch=
 - side=buy order_no=0000027311 time=131211 qty=1 filled=0 unfilled=1 price=347500 branch=
 - side=sell order_no=0000027258 time=131120 qty=1 filled=0 unfilled=1 price=349500 branch=
 - side=buy order_no=0000027211 time=131026 qty=1 filled=0 unfilled=1 price=347500 branch=
 - side=buy order_no=0000027103 time=130837 qty=1 filled=0 unfilled=1 price=347000 branch=
 - side=sell order_no=0000025823 time=125011 qty=1 filled=0 unfilled=1 price=349500 branch=
 - side=sell order_no=0000025704 time=124756 qty=1 filled=0 unfilled=1 price=349500 branch=
 - side=sell order_no=0000025003 time=123729 qty=1 filled=0 unfilled=1 price=349500 branch=
 - side=buy order_no=0000023150 time=120324 qty=1 filled=0 unfilled=1 price=345500 branch=
 - side=buy order_no=0000023033 time=120151 qty=1 filled=0 unfilled=1 price=345500 branch=
 - side=buy order_no=0000022846 time=115950 qty=1 filled=0 unfilled=1 price=345500 branch=
 - side=buy order_no=0000022722 time=115827 qty=1 filled=0 unfilled=1 price=345500 branch=
 - side=buy order_no=0000022549 time=115623 qty=1 filled=0 unfilled=1 price=345000 branch=
 - side=buy order_no=0000022440 time=115448 qty=1 filled=0 unfilled=1 price=343500 branch=
====================================================================
2026-06-01 13:28:54 | INFO | samsung_auto_trader | Price normalized by tick size | current=348500 tick=500 raw_buy=347500 buy=347500 raw_sell=349500 sell=349500
2026-06-01 13:28:54 | INFO | samsung_auto_trader | Skipping buy this cycle | holding_qty=11 buy_open=14 max_position=25
2026-06-01 13:28:54 | INFO | samsung_auto_trader | Skipping sell this cycle | holding_qty=11 sell_open=8 min_position=3
2026-06-01 13:28:54 | INFO | samsung_auto_trader | Buy order skipped: max position reached, open buy exposure already counted, or available cash was not enough | holding_qty=11 effective_position=17 cash_available=883541 max_position=25
2026-06-01 13:28:54 | INFO | samsung_auto_trader | Token reuse: cached same-day token is valid.
2026-06-01 13:28:58 | INFO | samsung_auto_trader | Token reuse: cached same-day token is valid.
2026-06-01 13:29:03 | INFO | samsung_auto_trader | Token reuse: cached same-day token is valid.
2026-06-01 13:29:09 | INFO | samsung_auto_trader | Token reuse: cached same-day token is valid.
2026-06-01 13:29:14 | INFO | samsung_auto_trader | Token reuse: cached same-day token is valid.
2026-06-01 13:29:19 | INFO | samsung_auto_trader | Token reuse: cached same-day token is valid.
2026-06-01 13:29:24 | INFO | samsung_auto_trader | Token reuse: cached same-day token is valid.
2026-06-01 13:29:24 | WARNING | samsung_auto_trader | API request failed (GET /uapi/domestic-stock/v1/trading/inquire-daily-ccld, attempt 1/3): ('Connection aborted.', RemoteDisconnected('Remote end closed connection without response'))
2026-06-01 13:29:26 | INFO | samsung_auto_trader | Skipping sell this cycle | holding_qty=11 sell_open=8 min_position=3
2026-06-01 13:29:26 | INFO | samsung_auto_trader | Trade cycle finished.
2026-06-01 13:29:46 | INFO | samsung_auto_trader | Starting trade cycle.
2026-06-01 13:29:46 | INFO | samsung_auto_trader | Token reuse: cached same-day token is valid.
2026-06-01 13:29:47 | INFO | samsung_auto_trader | Current price: 348500 KRW | inferred_tick_size=500
2026-06-01 13:29:47 | INFO | samsung_auto_trader | Token reuse: cached same-day token is valid.
2026-06-01 13:29:51 | INFO | samsung_auto_trader | Token reuse: cached same-day token is valid.
2026-06-01 13:29:56 | INFO | samsung_auto_trader | Token reuse: cached same-day token is valid.
2026-06-01 13:29:59 | INFO | samsung_auto_trader | Token reuse: cached same-day token is valid.
2026-06-01 13:30:03 | INFO | samsung_auto_trader | Token reuse: cached same-day token is valid.
2026-06-01 13:30:10 | INFO | samsung_auto_trader | Token reuse: cached same-day token is valid.
2026-06-01 13:30:18 | INFO | samsung_auto_trader | Token reuse: cached same-day token is valid.
2026-06-01 13:30:21 | INFO | samsung_auto_trader | Token reuse: cached same-day token is valid.
2026-06-01 13:30:24 | INFO | samsung_auto_trader | Token reuse: cached same-day token is valid.
2026-06-01 13:30:27 | INFO | samsung_auto_trader | Holdings before order | cash_available=883541 | total_eval_amount=9579171 | samsung_holding={'symbol': '005930', 'qty': 11, 'sellable_qty': 3, 'avg_price': 0}
2026-06-01 13:30:27 | INFO | samsung_auto_trader | 
====================================================================
[STATUS] 2026-06-01 13:30:27 KST
holding | symbol=005930 qty=11 sellable_qty=3 avg_price=0
inventory_limits | initial=12 min=3 max=25 effective_position=17
open_orders | buy_open=14 sell_open=8 total_open=22
 - side=buy order_no=0000028082 time=132554 qty=1 filled=0 unfilled=1 price=347000 branch=
 - side=buy order_no=0000027924 time=132256 qty=1 filled=0 unfilled=1 price=347500 branch=
 - side=sell order_no=0000027859 time=132146 qty=1 filled=0 unfilled=1 price=350000 branch=
 - side=buy order_no=0000027806 time=132054 qty=1 filled=0 unfilled=1 price=347500 branch=
 - side=sell order_no=0000027735 time=131930 qty=1 filled=0 unfilled=1 price=350000 branch=
 - side=buy order_no=0000027644 time=131802 qty=1 filled=0 unfilled=1 price=347500 branch=
 - side=sell order_no=0000027545 time=131618 qty=1 filled=0 unfilled=1 price=349500 branch=
 - side=buy order_no=0000027421 time=131428 qty=1 filled=0 unfilled=1 price=347500 branch=
 - side=sell order_no=0000027338 time=131243 qty=1 filled=0 unfilled=1 price=349500 branch=
 - side=buy order_no=0000027311 time=131211 qty=1 filled=0 unfilled=1 price=347500 branch=
 - side=sell order_no=0000027258 time=131120 qty=1 filled=0 unfilled=1 price=349500 branch=
 - side=buy order_no=0000027211 time=131026 qty=1 filled=0 unfilled=1 price=347500 branch=
 - side=buy order_no=0000027103 time=130837 qty=1 filled=0 unfilled=1 price=347000 branch=
 - side=sell order_no=0000025823 time=125011 qty=1 filled=0 unfilled=1 price=349500 branch=
 - side=sell order_no=0000025704 time=124756 qty=1 filled=0 unfilled=1 price=349500 branch=
 - side=sell order_no=0000025003 time=123729 qty=1 filled=0 unfilled=1 price=349500 branch=
 - side=buy order_no=0000023150 time=120324 qty=1 filled=0 unfilled=1 price=345500 branch=
 - side=buy order_no=0000023033 time=120151 qty=1 filled=0 unfilled=1 price=345500 branch=
 - side=buy order_no=0000022846 time=115950 qty=1 filled=0 unfilled=1 price=345500 branch=
 - side=buy order_no=0000022722 time=115827 qty=1 filled=0 unfilled=1 price=345500 branch=
 - side=buy order_no=0000022549 time=115623 qty=1 filled=0 unfilled=1 price=345000 branch=
 - side=buy order_no=0000022440 time=115448 qty=1 filled=0 unfilled=1 price=343500 branch=
====================================================================
2026-06-01 13:30:27 | INFO | samsung_auto_trader | Price normalized by tick size | current=348500 tick=500 raw_buy=347500 buy=347500 raw_sell=349500 sell=349500
2026-06-01 13:30:27 | INFO | samsung_auto_trader | Skipping buy this cycle | holding_qty=11 buy_open=14 max_position=25
2026-06-01 13:30:27 | INFO | samsung_auto_trader | Skipping sell this cycle | holding_qty=11 sell_open=8 min_position=3
2026-06-01 13:30:27 | INFO | samsung_auto_trader | Buy order skipped: max position reached, open buy exposure already counted, or available cash was not enough | holding_qty=11 effective_position=17 cash_available=883541 max_position=25
2026-06-01 13:30:27 | INFO | samsung_auto_trader | Token reuse: cached same-day token is valid.
2026-06-01 13:30:29 | INFO | samsung_auto_trader | Token reuse: cached same-day token is valid.
2026-06-01 13:30:31 | INFO | samsung_auto_trader | Token reuse: cached same-day token is valid.
2026-06-01 13:30:33 | INFO | samsung_auto_trader | Token reuse: cached same-day token is valid.
2026-06-01 13:30:35 | INFO | samsung_auto_trader | Token reuse: cached same-day token is valid.
2026-06-01 13:30:37 | INFO | samsung_auto_trader | Token reuse: cached same-day token is valid.
2026-06-01 13:30:40 | INFO | samsung_auto_trader | Token reuse: cached same-day token is valid.
2026-06-01 13:30:42 | INFO | samsung_auto_trader | Skipping sell this cycle | holding_qty=11 sell_open=8 min_position=3
2026-06-01 13:30:42 | INFO | samsung_auto_trader | Trade cycle finished.
2026-06-01 13:31:02 | INFO | samsung_auto_trader | Starting trade cycle.
2026-06-01 13:31:02 | INFO | samsung_auto_trader | Token reuse: cached same-day token is valid.
2026-06-01 13:31:06 | INFO | samsung_auto_trader | Current price: 348750 KRW | inferred_tick_size=500
2026-06-01 13:31:06 | INFO | samsung_auto_trader | Token reuse: cached same-day token is valid.
2026-06-01 13:31:15 | INFO | samsung_auto_trader | Token reuse: cached same-day token is valid.
2026-06-01 13:31:22 | INFO | samsung_auto_trader | Token reuse: cached same-day token is valid.
2026-06-01 13:31:27 | INFO | samsung_auto_trader | Token reuse: cached same-day token is valid.
2026-06-01 13:31:32 | INFO | samsung_auto_trader | Token reuse: cached same-day token is valid.
2026-06-01 13:31:38 | INFO | samsung_auto_trader | Token reuse: cached same-day token is valid.
2026-06-01 13:31:43 | INFO | samsung_auto_trader | Token reuse: cached same-day token is valid.
2026-06-01 13:31:49 | INFO | samsung_auto_trader | Token reuse: cached same-day token is valid.
2026-06-01 13:31:56 | INFO | samsung_auto_trader | Token reuse: cached same-day token is valid.
2026-06-01 13:32:01 | INFO | samsung_auto_trader | Holdings before order | cash_available=883541 | total_eval_amount=9584671 | samsung_holding={'symbol': '005930', 'qty': 11, 'sellable_qty': 3, 'avg_price': 0}
2026-06-01 13:32:01 | INFO | samsung_auto_trader | 
====================================================================
[STATUS] 2026-06-01 13:32:01 KST
holding | symbol=005930 qty=11 sellable_qty=3 avg_price=0
inventory_limits | initial=12 min=3 max=25 effective_position=17
open_orders | buy_open=14 sell_open=8 total_open=22
 - side=buy order_no=0000028082 time=132554 qty=1 filled=0 unfilled=1 price=347000 branch=
 - side=buy order_no=0000027924 time=132256 qty=1 filled=0 unfilled=1 price=347500 branch=
 - side=sell order_no=0000027859 time=132146 qty=1 filled=0 unfilled=1 price=350000 branch=
 - side=buy order_no=0000027806 time=132054 qty=1 filled=0 unfilled=1 price=347500 branch=
 - side=sell order_no=0000027735 time=131930 qty=1 filled=0 unfilled=1 price=350000 branch=
 - side=buy order_no=0000027644 time=131802 qty=1 filled=0 unfilled=1 price=347500 branch=
 - side=sell order_no=0000027545 time=131618 qty=1 filled=0 unfilled=1 price=349500 branch=
 - side=buy order_no=0000027421 time=131428 qty=1 filled=0 unfilled=1 price=347500 branch=
 - side=sell order_no=0000027338 time=131243 qty=1 filled=0 unfilled=1 price=349500 branch=
 - side=buy order_no=0000027311 time=131211 qty=1 filled=0 unfilled=1 price=347500 branch=
 - side=sell order_no=0000027258 time=131120 qty=1 filled=0 unfilled=1 price=349500 branch=
 - side=buy order_no=0000027211 time=131026 qty=1 filled=0 unfilled=1 price=347500 branch=
 - side=buy order_no=0000027103 time=130837 qty=1 filled=0 unfilled=1 price=347000 branch=
 - side=sell order_no=0000025823 time=125011 qty=1 filled=0 unfilled=1 price=349500 branch=
 - side=sell order_no=0000025704 time=124756 qty=1 filled=0 unfilled=1 price=349500 branch=
 - side=sell order_no=0000025003 time=123729 qty=1 filled=0 unfilled=1 price=349500 branch=
 - side=buy order_no=0000023150 time=120324 qty=1 filled=0 unfilled=1 price=345500 branch=
 - side=buy order_no=0000023033 time=120151 qty=1 filled=0 unfilled=1 price=345500 branch=
 - side=buy order_no=0000022846 time=115950 qty=1 filled=0 unfilled=1 price=345500 branch=
 - side=buy order_no=0000022722 time=115827 qty=1 filled=0 unfilled=1 price=345500 branch=
 - side=buy order_no=0000022549 time=115623 qty=1 filled=0 unfilled=1 price=345000 branch=
 - side=buy order_no=0000022440 time=115448 qty=1 filled=0 unfilled=1 price=343500 branch=
====================================================================
2026-06-01 13:32:01 | INFO | samsung_auto_trader | Price normalized by tick size | current=348750 tick=500 raw_buy=347750 buy=347500 raw_sell=349750 sell=350000
2026-06-01 13:32:01 | INFO | samsung_auto_trader | Skipping buy this cycle | holding_qty=11 buy_open=14 max_position=25
2026-06-01 13:32:01 | INFO | samsung_auto_trader | Skipping sell this cycle | holding_qty=11 sell_open=8 min_position=3
2026-06-01 13:32:01 | INFO | samsung_auto_trader | Buy order skipped: max position reached, open buy exposure already counted, or available cash was not enough | holding_qty=11 effective_position=17 cash_available=883541 max_position=25
2026-06-01 13:32:01 | INFO | samsung_auto_trader | Token reuse: cached same-day token is valid.
2026-06-01 13:32:08 | INFO | samsung_auto_trader | Token reuse: cached same-day token is valid.
2026-06-01 13:32:16 | INFO | samsung_auto_trader | Token reuse: cached same-day token is valid.
2026-06-01 13:32:23 | INFO | samsung_auto_trader | Token reuse: cached same-day token is valid.
2026-06-01 13:32:30 | INFO | samsung_auto_trader | Token reuse: cached same-day token is valid.
2026-06-01 13:32:37 | INFO | samsung_auto_trader | Token reuse: cached same-day token is valid.
2026-06-01 13:32:43 | INFO | samsung_auto_trader | Token reuse: cached same-day token is valid.
2026-06-01 13:32:48 | INFO | samsung_auto_trader | Skipping sell this cycle | holding_qty=11 sell_open=8 min_position=3
2026-06-01 13:32:48 | INFO | samsung_auto_trader | Trade cycle finished.
2026-06-01 13:33:08 | INFO | samsung_auto_trader | Starting trade cycle.
2026-06-01 13:33:08 | INFO | samsung_auto_trader | Token reuse: cached same-day token is valid.
2026-06-01 13:33:09 | INFO | samsung_auto_trader | Current price: 349500 KRW | inferred_tick_size=500
2026-06-01 13:33:09 | INFO | samsung_auto_trader | Token reuse: cached same-day token is valid.
2026-06-01 13:33:15 | INFO | samsung_auto_trader | Token reuse: cached same-day token is valid.
2026-06-01 13:33:20 | INFO | samsung_auto_trader | Token reuse: cached same-day token is valid.
2026-06-01 13:33:21 | INFO | samsung_auto_trader | Token reuse: cached same-day token is valid.
2026-06-01 13:33:22 | INFO | samsung_auto_trader | Token reuse: cached same-day token is valid.
2026-06-01 13:33:23 | INFO | samsung_auto_trader | Token reuse: cached same-day token is valid.
2026-06-01 13:33:23 | WARNING | samsung_auto_trader | API request failed (GET /uapi/domestic-stock/v1/trading/inquire-daily-ccld, attempt 1/3): Retryable HTTP 500: {"rt_cd":"1","msg1":"초당 거래건수를 초과하였습니다.","msg_cd":"EGW00201","message":"EGW00201"}
2026-06-01 13:33:25 | INFO | samsung_auto_trader | Token reuse: cached same-day token is valid.
2026-06-01 13:33:26 | INFO | samsung_auto_trader | Token reuse: cached same-day token is valid.
2026-06-01 13:33:27 | INFO | samsung_auto_trader | Token reuse: cached same-day token is valid.
2026-06-01 13:33:32 | INFO | samsung_auto_trader | Holdings before order | cash_available=2963799 | total_eval_amount=9584427 | samsung_holding={'symbol': '005930', 'qty': 5, 'sellable_qty': 3, 'avg_price': 0}
2026-06-01 13:33:32 | INFO | samsung_auto_trader | 
====================================================================
[STATUS] 2026-06-01 13:33:32 KST
holding | symbol=005930 qty=5 sellable_qty=3 avg_price=0
inventory_limits | initial=12 min=3 max=25 effective_position=17
open_orders | buy_open=14 sell_open=2 total_open=16
 - side=buy order_no=0000028082 time=132554 qty=1 filled=0 unfilled=1 price=347000 branch=
 - side=buy order_no=0000027924 time=132256 qty=1 filled=0 unfilled=1 price=347500 branch=
 - side=sell order_no=0000027859 time=132146 qty=1 filled=0 unfilled=1 price=350000 branch=
 - side=buy order_no=0000027806 time=132054 qty=1 filled=0 unfilled=1 price=347500 branch=
 - side=sell order_no=0000027735 time=131930 qty=1 filled=0 unfilled=1 price=350000 branch=
 - side=buy order_no=0000027644 time=131802 qty=1 filled=0 unfilled=1 price=347500 branch=
 - side=buy order_no=0000027421 time=131428 qty=1 filled=0 unfilled=1 price=347500 branch=
 - side=buy order_no=0000027311 time=131211 qty=1 filled=0 unfilled=1 price=347500 branch=
 - side=buy order_no=0000027211 time=131026 qty=1 filled=0 unfilled=1 price=347500 branch=
 - side=buy order_no=0000027103 time=130837 qty=1 filled=0 unfilled=1 price=347000 branch=
 - side=buy order_no=0000023150 time=120324 qty=1 filled=0 unfilled=1 price=345500 branch=
 - side=buy order_no=0000023033 time=120151 qty=1 filled=0 unfilled=1 price=345500 branch=
 - side=buy order_no=0000022846 time=115950 qty=1 filled=0 unfilled=1 price=345500 branch=
 - side=buy order_no=0000022722 time=115827 qty=1 filled=0 unfilled=1 price=345500 branch=
 - side=buy order_no=0000022549 time=115623 qty=1 filled=0 unfilled=1 price=345000 branch=
 - side=buy order_no=0000022440 time=115448 qty=1 filled=0 unfilled=1 price=343500 branch=
====================================================================
2026-06-01 13:33:32 | INFO | samsung_auto_trader | Price normalized by tick size | current=349500 tick=500 raw_buy=348500 buy=348500 raw_sell=350500 sell=350500
2026-06-01 13:33:32 | INFO | samsung_auto_trader | Skipping sell this cycle | holding_qty=5 sell_open=2 min_position=3
2026-06-01 13:33:32 | INFO | samsung_auto_trader | Buy order request: qty=1, price=348500
2026-06-01 13:33:32 | INFO | samsung_auto_trader | Token reuse: cached same-day token is valid.
2026-06-01 13:33:33 | INFO | samsung_auto_trader | Buy order accepted | order_no=00950 | order_time=133333 | qty=1 | price=348500
2026-06-01 13:33:33 | INFO | samsung_auto_trader | Waiting 5 seconds before post-buy balance check.
2026-06-01 13:33:38 | INFO | samsung_auto_trader | Token reuse: cached same-day token is valid.
2026-06-01 13:33:43 | INFO | samsung_auto_trader | Token reuse: cached same-day token is valid.
2026-06-01 13:33:47 | INFO | samsung_auto_trader | Token reuse: cached same-day token is valid.
2026-06-01 13:33:48 | INFO | samsung_auto_trader | Token reuse: cached same-day token is valid.
2026-06-01 13:33:49 | INFO | samsung_auto_trader | Token reuse: cached same-day token is valid.
2026-06-01 13:33:50 | INFO | samsung_auto_trader | Token reuse: cached same-day token is valid.
2026-06-01 13:33:51 | INFO | samsung_auto_trader | Token reuse: cached same-day token is valid.
2026-06-01 13:33:52 | INFO | samsung_auto_trader | Token reuse: cached same-day token is valid.
2026-06-01 13:33:53 | INFO | samsung_auto_trader | Token reuse: cached same-day token is valid.
2026-06-01 13:33:53 | INFO | samsung_auto_trader | Holdings after buy | cash_available=2617042 | total_eval_amount=9584427 | samsung_holding={'symbol': '005930', 'qty': 5, 'sellable_qty': 3, 'avg_price': 0}
2026-06-01 13:33:53 | INFO | samsung_auto_trader | 
====================================================================
[STATUS] 2026-06-01 13:33:53 KST
holding | symbol=005930 qty=5 sellable_qty=3 avg_price=0
inventory_limits | initial=12 min=3 max=25 effective_position=18
open_orders | buy_open=15 sell_open=2 total_open=17
 - side=buy order_no=0000028557 time=133333 qty=1 filled=0 unfilled=1 price=348500 branch=
 - side=buy order_no=0000028082 time=132554 qty=1 filled=0 unfilled=1 price=347000 branch=
 - side=buy order_no=0000027924 time=132256 qty=1 filled=0 unfilled=1 price=347500 branch=
 - side=sell order_no=0000027859 time=132146 qty=1 filled=0 unfilled=1 price=350000 branch=
 - side=buy order_no=0000027806 time=132054 qty=1 filled=0 unfilled=1 price=347500 branch=
 - side=sell order_no=0000027735 time=131930 qty=1 filled=0 unfilled=1 price=350000 branch=
 - side=buy order_no=0000027644 time=131802 qty=1 filled=0 unfilled=1 price=347500 branch=
 - side=buy order_no=0000027421 time=131428 qty=1 filled=0 unfilled=1 price=347500 branch=
 - side=buy order_no=0000027311 time=131211 qty=1 filled=0 unfilled=1 price=347500 branch=
 - side=buy order_no=0000027211 time=131026 qty=1 filled=0 unfilled=1 price=347500 branch=
 - side=buy order_no=0000027103 time=130837 qty=1 filled=0 unfilled=1 price=347000 branch=
 - side=buy order_no=0000023150 time=120324 qty=1 filled=0 unfilled=1 price=345500 branch=
 - side=buy order_no=0000023033 time=120151 qty=1 filled=0 unfilled=1 price=345500 branch=
 - side=buy order_no=0000022846 time=115950 qty=1 filled=0 unfilled=1 price=345500 branch=
 - side=buy order_no=0000022722 time=115827 qty=1 filled=0 unfilled=1 price=345500 branch=
 - side=buy order_no=0000022549 time=115623 qty=1 filled=0 unfilled=1 price=345000 branch=
 - side=buy order_no=0000022440 time=115448 qty=1 filled=0 unfilled=1 price=343500 branch=
====================================================================
2026-06-01 13:33:53 | INFO | samsung_auto_trader | Execution check for buy: before_qty=5, after_qty=5, executed=False
2026-06-01 13:33:54 | INFO | samsung_auto_trader | Token reuse: cached same-day token is valid.
2026-06-01 13:33:55 | INFO | samsung_auto_trader | Token reuse: cached same-day token is valid.
2026-06-01 13:33:56 | INFO | samsung_auto_trader | Token reuse: cached same-day token is valid.
2026-06-01 13:33:57 | INFO | samsung_auto_trader | Token reuse: cached same-day token is valid.
2026-06-01 13:33:58 | INFO | samsung_auto_trader | Token reuse: cached same-day token is valid.
2026-06-01 13:33:59 | INFO | samsung_auto_trader | Token reuse: cached same-day token is valid.
2026-06-01 13:34:00 | INFO | samsung_auto_trader | Token reuse: cached same-day token is valid.
2026-06-01 13:34:01 | INFO | samsung_auto_trader | Skipping sell this cycle | holding_qty=5 sell_open=2 min_position=3
2026-06-01 13:34:01 | INFO | samsung_auto_trader | Trade cycle finished.
2026-06-01 13:34:21 | INFO | samsung_auto_trader | Starting trade cycle.
2026-06-01 13:34:21 | INFO | samsung_auto_trader | Token reuse: cached same-day token is valid.
2026-06-01 13:34:23 | INFO | samsung_auto_trader | Current price: 349250 KRW | inferred_tick_size=500
2026-06-01 13:34:23 | INFO | samsung_auto_trader | Token reuse: cached same-day token is valid.
2026-06-01 13:34:30 | INFO | samsung_auto_trader | Token reuse: cached same-day token is valid.
2026-06-01 13:34:35 | INFO | samsung_auto_trader | Token reuse: cached same-day token is valid.
2026-06-01 13:34:36 | INFO | samsung_auto_trader | Token reuse: cached same-day token is valid.
2026-06-01 13:34:38 | INFO | samsung_auto_trader | Token reuse: cached same-day token is valid.
2026-06-01 13:34:39 | INFO | samsung_auto_trader | Token reuse: cached same-day token is valid.
2026-06-01 13:34:40 | INFO | samsung_auto_trader | Token reuse: cached same-day token is valid.
2026-06-01 13:34:41 | INFO | samsung_auto_trader | Token reuse: cached same-day token is valid.
2026-06-01 13:34:42 | INFO | samsung_auto_trader | Token reuse: cached same-day token is valid.
2026-06-01 13:34:43 | WARNING | samsung_auto_trader | API request failed (GET /uapi/domestic-stock/v1/trading/inquire-daily-ccld, attempt 1/3): Retryable HTTP 500: {"rt_cd":"1","msg1":"초당 거래건수를 초과하였습니다.","msg_cd":"EGW00201","message":"EGW00201"}
2026-06-01 13:34:45 | INFO | samsung_auto_trader | Holdings before order | cash_available=2617042 | total_eval_amount=9583177 | samsung_holding={'symbol': '005930', 'qty': 5, 'sellable_qty': 3, 'avg_price': 0}
2026-06-01 13:34:45 | INFO | samsung_auto_trader | 
====================================================================
[STATUS] 2026-06-01 13:34:45 KST
holding | symbol=005930 qty=5 sellable_qty=3 avg_price=0
inventory_limits | initial=12 min=3 max=25 effective_position=18
open_orders | buy_open=15 sell_open=2 total_open=17
 - side=buy order_no=0000028557 time=133333 qty=1 filled=0 unfilled=1 price=348500 branch=
 - side=buy order_no=0000028082 time=132554 qty=1 filled=0 unfilled=1 price=347000 branch=
 - side=buy order_no=0000027924 time=132256 qty=1 filled=0 unfilled=1 price=347500 branch=
 - side=sell order_no=0000027859 time=132146 qty=1 filled=0 unfilled=1 price=350000 branch=
 - side=buy order_no=0000027806 time=132054 qty=1 filled=0 unfilled=1 price=347500 branch=
 - side=sell order_no=0000027735 time=131930 qty=1 filled=0 unfilled=1 price=350000 branch=
 - side=buy order_no=0000027644 time=131802 qty=1 filled=0 unfilled=1 price=347500 branch=
 - side=buy order_no=0000027421 time=131428 qty=1 filled=0 unfilled=1 price=347500 branch=
 - side=buy order_no=0000027311 time=131211 qty=1 filled=0 unfilled=1 price=347500 branch=
 - side=buy order_no=0000027211 time=131026 qty=1 filled=0 unfilled=1 price=347500 branch=
 - side=buy order_no=0000027103 time=130837 qty=1 filled=0 unfilled=1 price=347000 branch=
 - side=buy order_no=0000023150 time=120324 qty=1 filled=0 unfilled=1 price=345500 branch=
 - side=buy order_no=0000023033 time=120151 qty=1 filled=0 unfilled=1 price=345500 branch=
 - side=buy order_no=0000022846 time=115950 qty=1 filled=0 unfilled=1 price=345500 branch=
 - side=buy order_no=0000022722 time=115827 qty=1 filled=0 unfilled=1 price=345500 branch=
 - side=buy order_no=0000022549 time=115623 qty=1 filled=0 unfilled=1 price=345000 branch=
 - side=buy order_no=0000022440 time=115448 qty=1 filled=0 unfilled=1 price=343500 branch=
====================================================================
2026-06-01 13:34:45 | INFO | samsung_auto_trader | Price normalized by tick size | current=349250 tick=500 raw_buy=348250 buy=348000 raw_sell=350250 sell=350500
2026-06-01 13:34:45 | INFO | samsung_auto_trader | Skipping sell this cycle | holding_qty=5 sell_open=2 min_position=3
2026-06-01 13:34:45 | INFO | samsung_auto_trader | Buy order request: qty=1, price=348000
2026-06-01 13:34:45 | INFO | samsung_auto_trader | Token reuse: cached same-day token is valid.
2026-06-01 13:34:48 | INFO | samsung_auto_trader | Buy order accepted | order_no=00950 | order_time=133448 | qty=1 | price=348000
2026-06-01 13:34:48 | INFO | samsung_auto_trader | Waiting 5 seconds before post-buy balance check.
2026-06-01 13:34:53 | INFO | samsung_auto_trader | Token reuse: cached same-day token is valid.
2026-06-01 13:34:53 | WARNING | samsung_auto_trader | API request failed (GET /uapi/domestic-stock/v1/trading/inquire-balance, attempt 1/3): ('Connection aborted.', RemoteDisconnected('Remote end closed connection without response'))
2026-06-01 13:35:00 | INFO | samsung_auto_trader | Token reuse: cached same-day token is valid.
2026-06-01 13:35:06 | INFO | samsung_auto_trader | Token reuse: cached same-day token is valid.
2026-06-01 13:35:09 | INFO | samsung_auto_trader | Token reuse: cached same-day token is valid.
2026-06-01 13:35:12 | INFO | samsung_auto_trader | Token reuse: cached same-day token is valid.
2026-06-01 13:35:15 | INFO | samsung_auto_trader | Token reuse: cached same-day token is valid.
2026-06-01 13:35:18 | INFO | samsung_auto_trader | Token reuse: cached same-day token is valid.
2026-06-01 13:35:20 | INFO | samsung_auto_trader | Token reuse: cached same-day token is valid.
2026-06-01 13:35:23 | INFO | samsung_auto_trader | Token reuse: cached same-day token is valid.
2026-06-01 13:35:24 | INFO | samsung_auto_trader | Holdings after buy | cash_available=2270782 | total_eval_amount=9585677 | samsung_holding={'symbol': '005930', 'qty': 5, 'sellable_qty': 3, 'avg_price': 0}
2026-06-01 13:35:24 | INFO | samsung_auto_trader | 
====================================================================
[STATUS] 2026-06-01 13:35:24 KST
holding | symbol=005930 qty=5 sellable_qty=3 avg_price=0
inventory_limits | initial=12 min=3 max=25 effective_position=19
open_orders | buy_open=16 sell_open=2 total_open=18
 - side=buy order_no=0000028633 time=133448 qty=1 filled=0 unfilled=1 price=348000 branch=
 - side=buy order_no=0000028557 time=133333 qty=1 filled=0 unfilled=1 price=348500 branch=
 - side=buy order_no=0000028082 time=132554 qty=1 filled=0 unfilled=1 price=347000 branch=
 - side=buy order_no=0000027924 time=132256 qty=1 filled=0 unfilled=1 price=347500 branch=
 - side=sell order_no=0000027859 time=132146 qty=1 filled=0 unfilled=1 price=350000 branch=
 - side=buy order_no=0000027806 time=132054 qty=1 filled=0 unfilled=1 price=347500 branch=
 - side=sell order_no=0000027735 time=131930 qty=1 filled=0 unfilled=1 price=350000 branch=
 - side=buy order_no=0000027644 time=131802 qty=1 filled=0 unfilled=1 price=347500 branch=
 - side=buy order_no=0000027421 time=131428 qty=1 filled=0 unfilled=1 price=347500 branch=
 - side=buy order_no=0000027311 time=131211 qty=1 filled=0 unfilled=1 price=347500 branch=
 - side=buy order_no=0000027211 time=131026 qty=1 filled=0 unfilled=1 price=347500 branch=
 - side=buy order_no=0000027103 time=130837 qty=1 filled=0 unfilled=1 price=347000 branch=
 - side=buy order_no=0000023150 time=120324 qty=1 filled=0 unfilled=1 price=345500 branch=
 - side=buy order_no=0000023033 time=120151 qty=1 filled=0 unfilled=1 price=345500 branch=
 - side=buy order_no=0000022846 time=115950 qty=1 filled=0 unfilled=1 price=345500 branch=
 - side=buy order_no=0000022722 time=115827 qty=1 filled=0 unfilled=1 price=345500 branch=
 - side=buy order_no=0000022549 time=115623 qty=1 filled=0 unfilled=1 price=345000 branch=
 - side=buy order_no=0000022440 time=115448 qty=1 filled=0 unfilled=1 price=343500 branch=
====================================================================
2026-06-01 13:35:24 | INFO | samsung_auto_trader | Execution check for buy: before_qty=5, after_qty=5, executed=False
2026-06-01 13:35:24 | INFO | samsung_auto_trader | Token reuse: cached same-day token is valid.
2026-06-01 13:35:26 | INFO | samsung_auto_trader | Token reuse: cached same-day token is valid.
2026-06-01 13:35:27 | INFO | samsung_auto_trader | Token reuse: cached same-day token is valid.
2026-06-01 13:35:28 | INFO | samsung_auto_trader | Token reuse: cached same-day token is valid.
2026-06-01 13:35:29 | INFO | samsung_auto_trader | Token reuse: cached same-day token is valid.
2026-06-01 13:35:30 | INFO | samsung_auto_trader | Token reuse: cached same-day token is valid.
2026-06-01 13:35:31 | INFO | samsung_auto_trader | Token reuse: cached same-day token is valid.
2026-06-01 13:35:32 | INFO | samsung_auto_trader | Skipping sell this cycle | holding_qty=5 sell_open=2 min_position=3
2026-06-01 13:35:32 | INFO | samsung_auto_trader | Trade cycle finished.
2026-06-01 13:35:52 | INFO | samsung_auto_trader | Starting trade cycle.
2026-06-01 13:35:52 | INFO | samsung_auto_trader | Token reuse: cached same-day token is valid.
2026-06-01 13:35:54 | INFO | samsung_auto_trader | Current price: 349000 KRW | inferred_tick_size=500
2026-06-01 13:35:54 | INFO | samsung_auto_trader | Token reuse: cached same-day token is valid.
2026-06-01 13:35:59 | INFO | samsung_auto_trader | Token reuse: cached same-day token is valid.
2026-06-01 13:36:05 | INFO | samsung_auto_trader | Token reuse: cached same-day token is valid.
2026-06-01 13:36:09 | INFO | samsung_auto_trader | Token reuse: cached same-day token is valid.
2026-06-01 13:36:12 | INFO | samsung_auto_trader | Token reuse: cached same-day token is valid.
2026-06-01 13:36:14 | INFO | samsung_auto_trader | Token reuse: cached same-day token is valid.
2026-06-01 13:36:19 | INFO | samsung_auto_trader | Token reuse: cached same-day token is valid.
2026-06-01 13:36:25 | INFO | samsung_auto_trader | Token reuse: cached same-day token is valid.
2026-06-01 13:36:31 | INFO | samsung_auto_trader | Token reuse: cached same-day token is valid.
2026-06-01 13:36:36 | INFO | samsung_auto_trader | Holdings before order | cash_available=2270782 | total_eval_amount=9585677 | samsung_holding={'symbol': '005930', 'qty': 5, 'sellable_qty': 3, 'avg_price': 0}
2026-06-01 13:36:36 | INFO | samsung_auto_trader | 
====================================================================
[STATUS] 2026-06-01 13:36:36 KST
holding | symbol=005930 qty=5 sellable_qty=3 avg_price=0
inventory_limits | initial=12 min=3 max=25 effective_position=19
open_orders | buy_open=16 sell_open=2 total_open=18
 - side=buy order_no=0000028633 time=133448 qty=1 filled=0 unfilled=1 price=348000 branch=
 - side=buy order_no=0000028557 time=133333 qty=1 filled=0 unfilled=1 price=348500 branch=
 - side=buy order_no=0000028082 time=132554 qty=1 filled=0 unfilled=1 price=347000 branch=
 - side=buy order_no=0000027924 time=132256 qty=1 filled=0 unfilled=1 price=347500 branch=
 - side=sell order_no=0000027859 time=132146 qty=1 filled=0 unfilled=1 price=350000 branch=
 - side=buy order_no=0000027806 time=132054 qty=1 filled=0 unfilled=1 price=347500 branch=
 - side=sell order_no=0000027735 time=131930 qty=1 filled=0 unfilled=1 price=350000 branch=
 - side=buy order_no=0000027644 time=131802 qty=1 filled=0 unfilled=1 price=347500 branch=
 - side=buy order_no=0000027421 time=131428 qty=1 filled=0 unfilled=1 price=347500 branch=
 - side=buy order_no=0000027311 time=131211 qty=1 filled=0 unfilled=1 price=347500 branch=
 - side=buy order_no=0000027211 time=131026 qty=1 filled=0 unfilled=1 price=347500 branch=
 - side=buy order_no=0000027103 time=130837 qty=1 filled=0 unfilled=1 price=347000 branch=
 - side=buy order_no=0000023150 time=120324 qty=1 filled=0 unfilled=1 price=345500 branch=
 - side=buy order_no=0000023033 time=120151 qty=1 filled=0 unfilled=1 price=345500 branch=
 - side=buy order_no=0000022846 time=115950 qty=1 filled=0 unfilled=1 price=345500 branch=
 - side=buy order_no=0000022722 time=115827 qty=1 filled=0 unfilled=1 price=345500 branch=
 - side=buy order_no=0000022549 time=115623 qty=1 filled=0 unfilled=1 price=345000 branch=
 - side=buy order_no=0000022440 time=115448 qty=1 filled=0 unfilled=1 price=343500 branch=
====================================================================
2026-06-01 13:36:36 | INFO | samsung_auto_trader | Price normalized by tick size | current=349000 tick=500 raw_buy=348000 buy=348000 raw_sell=350000 sell=350000
2026-06-01 13:36:36 | INFO | samsung_auto_trader | Skipping sell this cycle | holding_qty=5 sell_open=2 min_position=3
2026-06-01 13:36:36 | INFO | samsung_auto_trader | Buy order request: qty=1, price=348000
2026-06-01 13:36:36 | INFO | samsung_auto_trader | Token reuse: cached same-day token is valid.
2026-06-01 13:36:39 | INFO | samsung_auto_trader | Buy order accepted | order_no=00950 | order_time=133639 | qty=1 | price=348000
2026-06-01 13:36:39 | INFO | samsung_auto_trader | Waiting 5 seconds before post-buy balance check.
2026-06-01 13:36:44 | INFO | samsung_auto_trader | Token reuse: cached same-day token is valid.
2026-06-01 13:36:48 | INFO | samsung_auto_trader | Token reuse: cached same-day token is valid.
2026-06-01 13:36:51 | INFO | samsung_auto_trader | Token reuse: cached same-day token is valid.
2026-06-01 13:36:52 | INFO | samsung_auto_trader | Token reuse: cached same-day token is valid.
2026-06-01 13:36:53 | INFO | samsung_auto_trader | Token reuse: cached same-day token is valid.
2026-06-01 13:36:54 | INFO | samsung_auto_trader | Token reuse: cached same-day token is valid.
2026-06-01 13:36:55 | INFO | samsung_auto_trader | Token reuse: cached same-day token is valid.
2026-06-01 13:36:56 | INFO | samsung_auto_trader | Token reuse: cached same-day token is valid.
2026-06-01 13:36:57 | INFO | samsung_auto_trader | Token reuse: cached same-day token is valid.
2026-06-01 13:36:57 | INFO | samsung_auto_trader | Holdings after buy | cash_available=1924522 | total_eval_amount=9584427 | samsung_holding={'symbol': '005930', 'qty': 5, 'sellable_qty': 3, 'avg_price': 0}
2026-06-01 13:36:57 | INFO | samsung_auto_trader | 
====================================================================
[STATUS] 2026-06-01 13:36:57 KST
holding | symbol=005930 qty=5 sellable_qty=3 avg_price=0
inventory_limits | initial=12 min=3 max=25 effective_position=20
open_orders | buy_open=17 sell_open=2 total_open=19
 - side=buy order_no=0000028712 time=133639 qty=1 filled=0 unfilled=1 price=348000 branch=
 - side=buy order_no=0000028633 time=133448 qty=1 filled=0 unfilled=1 price=348000 branch=
 - side=buy order_no=0000028557 time=133333 qty=1 filled=0 unfilled=1 price=348500 branch=
 - side=buy order_no=0000028082 time=132554 qty=1 filled=0 unfilled=1 price=347000 branch=
 - side=buy order_no=0000027924 time=132256 qty=1 filled=0 unfilled=1 price=347500 branch=
 - side=sell order_no=0000027859 time=132146 qty=1 filled=0 unfilled=1 price=350000 branch=
 - side=buy order_no=0000027806 time=132054 qty=1 filled=0 unfilled=1 price=347500 branch=
 - side=sell order_no=0000027735 time=131930 qty=1 filled=0 unfilled=1 price=350000 branch=
 - side=buy order_no=0000027644 time=131802 qty=1 filled=0 unfilled=1 price=347500 branch=
 - side=buy order_no=0000027421 time=131428 qty=1 filled=0 unfilled=1 price=347500 branch=
 - side=buy order_no=0000027311 time=131211 qty=1 filled=0 unfilled=1 price=347500 branch=
 - side=buy order_no=0000027211 time=131026 qty=1 filled=0 unfilled=1 price=347500 branch=
 - side=buy order_no=0000027103 time=130837 qty=1 filled=0 unfilled=1 price=347000 branch=
 - side=buy order_no=0000023150 time=120324 qty=1 filled=0 unfilled=1 price=345500 branch=
 - side=buy order_no=0000023033 time=120151 qty=1 filled=0 unfilled=1 price=345500 branch=
 - side=buy order_no=0000022846 time=115950 qty=1 filled=0 unfilled=1 price=345500 branch=
 - side=buy order_no=0000022722 time=115827 qty=1 filled=0 unfilled=1 price=345500 branch=
 - side=buy order_no=0000022549 time=115623 qty=1 filled=0 unfilled=1 price=345000 branch=
 - side=buy order_no=0000022440 time=115448 qty=1 filled=0 unfilled=1 price=343500 branch=
====================================================================
2026-06-01 13:36:57 | INFO | samsung_auto_trader | Execution check for buy: before_qty=5, after_qty=5, executed=False
2026-06-01 13:36:58 | INFO | samsung_auto_trader | Token reuse: cached same-day token is valid.
2026-06-01 13:36:59 | INFO | samsung_auto_trader | Token reuse: cached same-day token is valid.
2026-06-01 13:37:00 | INFO | samsung_auto_trader | Token reuse: cached same-day token is valid.
2026-06-01 13:37:01 | INFO | samsung_auto_trader | Token reuse: cached same-day token is valid.
2026-06-01 13:37:02 | INFO | samsung_auto_trader | Token reuse: cached same-day token is valid.
2026-06-01 13:37:03 | INFO | samsung_auto_trader | Token reuse: cached same-day token is valid.
2026-06-01 13:37:04 | INFO | samsung_auto_trader | Token reuse: cached same-day token is valid.
2026-06-01 13:37:05 | INFO | samsung_auto_trader | Skipping sell this cycle | holding_qty=5 sell_open=2 min_position=3
2026-06-01 13:37:05 | INFO | samsung_auto_trader | Trade cycle finished.
2026-06-01 13:37:25 | INFO | samsung_auto_trader | Starting trade cycle.
2026-06-01 13:37:25 | INFO | samsung_auto_trader | Token reuse: cached same-day token is valid.
2026-06-01 13:37:28 | INFO | samsung_auto_trader | Current price: 349250 KRW | inferred_tick_size=500
2026-06-01 13:37:28 | INFO | samsung_auto_trader | Token reuse: cached same-day token is valid.
2026-06-01 13:37:28 | WARNING | samsung_auto_trader | API request failed (GET /uapi/domestic-stock/v1/trading/inquire-balance, attempt 1/3): ('Connection aborted.', RemoteDisconnected('Remote end closed connection without response'))
2026-06-01 13:37:33 | INFO | samsung_auto_trader | Token reuse: cached same-day token is valid.
2026-06-01 13:37:36 | INFO | samsung_auto_trader | Token reuse: cached same-day token is valid.
2026-06-01 13:37:37 | INFO | samsung_auto_trader | Token reuse: cached same-day token is valid.
2026-06-01 13:37:38 | INFO | samsung_auto_trader | Token reuse: cached same-day token is valid.
2026-06-01 13:37:39 | INFO | samsung_auto_trader | Token reuse: cached same-day token is valid.
2026-06-01 13:37:40 | INFO | samsung_auto_trader | Token reuse: cached same-day token is valid.
2026-06-01 13:37:41 | INFO | samsung_auto_trader | Token reuse: cached same-day token is valid.
2026-06-01 13:37:42 | INFO | samsung_auto_trader | Token reuse: cached same-day token is valid.
2026-06-01 13:37:46 | INFO | samsung_auto_trader | Holdings before order | cash_available=1924522 | total_eval_amount=9583177 | samsung_holding={'symbol': '005930', 'qty': 5, 'sellable_qty': 3, 'avg_price': 0}
2026-06-01 13:37:46 | INFO | samsung_auto_trader | 
====================================================================
[STATUS] 2026-06-01 13:37:46 KST
holding | symbol=005930 qty=5 sellable_qty=3 avg_price=0
inventory_limits | initial=12 min=3 max=25 effective_position=20
open_orders | buy_open=17 sell_open=2 total_open=19
 - side=buy order_no=0000028712 time=133639 qty=1 filled=0 unfilled=1 price=348000 branch=
 - side=buy order_no=0000028633 time=133448 qty=1 filled=0 unfilled=1 price=348000 branch=
 - side=buy order_no=0000028557 time=133333 qty=1 filled=0 unfilled=1 price=348500 branch=
 - side=buy order_no=0000028082 time=132554 qty=1 filled=0 unfilled=1 price=347000 branch=
 - side=buy order_no=0000027924 time=132256 qty=1 filled=0 unfilled=1 price=347500 branch=
 - side=sell order_no=0000027859 time=132146 qty=1 filled=0 unfilled=1 price=350000 branch=
 - side=buy order_no=0000027806 time=132054 qty=1 filled=0 unfilled=1 price=347500 branch=
 - side=sell order_no=0000027735 time=131930 qty=1 filled=0 unfilled=1 price=350000 branch=
 - side=buy order_no=0000027644 time=131802 qty=1 filled=0 unfilled=1 price=347500 branch=
 - side=buy order_no=0000027421 time=131428 qty=1 filled=0 unfilled=1 price=347500 branch=
 - side=buy order_no=0000027311 time=131211 qty=1 filled=0 unfilled=1 price=347500 branch=
 - side=buy order_no=0000027211 time=131026 qty=1 filled=0 unfilled=1 price=347500 branch=
 - side=buy order_no=0000027103 time=130837 qty=1 filled=0 unfilled=1 price=347000 branch=
 - side=buy order_no=0000023150 time=120324 qty=1 filled=0 unfilled=1 price=345500 branch=
 - side=buy order_no=0000023033 time=120151 qty=1 filled=0 unfilled=1 price=345500 branch=
 - side=buy order_no=0000022846 time=115950 qty=1 filled=0 unfilled=1 price=345500 branch=
 - side=buy order_no=0000022722 time=115827 qty=1 filled=0 unfilled=1 price=345500 branch=
 - side=buy order_no=0000022549 time=115623 qty=1 filled=0 unfilled=1 price=345000 branch=
 - side=buy order_no=0000022440 time=115448 qty=1 filled=0 unfilled=1 price=343500 branch=
====================================================================
2026-06-01 13:37:46 | INFO | samsung_auto_trader | Price normalized by tick size | current=349250 tick=500 raw_buy=348250 buy=348000 raw_sell=350250 sell=350500
2026-06-01 13:37:46 | INFO | samsung_auto_trader | Skipping sell this cycle | holding_qty=5 sell_open=2 min_position=3
2026-06-01 13:37:46 | INFO | samsung_auto_trader | Buy order request: qty=1, price=348000
2026-06-01 13:37:46 | INFO | samsung_auto_trader | Token reuse: cached same-day token is valid.
2026-06-01 13:37:47 | INFO | samsung_auto_trader | Buy order accepted | order_no=00950 | order_time=133747 | qty=1 | price=348000
2026-06-01 13:37:47 | INFO | samsung_auto_trader | Waiting 5 seconds before post-buy balance check.
2026-06-01 13:37:52 | INFO | samsung_auto_trader | Token reuse: cached same-day token is valid.
2026-06-01 13:37:52 | WARNING | samsung_auto_trader | API request failed (GET /uapi/domestic-stock/v1/trading/inquire-balance, attempt 1/3): ('Connection aborted.', RemoteDisconnected('Remote end closed connection without response'))
2026-06-01 13:37:57 | INFO | samsung_auto_trader | Token reuse: cached same-day token is valid.
2026-06-01 13:38:01 | INFO | samsung_auto_trader | Token reuse: cached same-day token is valid.
2026-06-01 13:38:06 | INFO | samsung_auto_trader | Token reuse: cached same-day token is valid.
2026-06-01 13:38:11 | INFO | samsung_auto_trader | Token reuse: cached same-day token is valid.
2026-06-01 13:38:17 | INFO | samsung_auto_trader | Token reuse: cached same-day token is valid.
2026-06-01 13:38:23 | INFO | samsung_auto_trader | Token reuse: cached same-day token is valid.
2026-06-01 13:38:28 | INFO | samsung_auto_trader | Token reuse: cached same-day token is valid.
2026-06-01 13:38:35 | INFO | samsung_auto_trader | Token reuse: cached same-day token is valid.
2026-06-01 13:38:41 | INFO | samsung_auto_trader | Holdings after buy | cash_available=1578262 | total_eval_amount=9585677 | samsung_holding={'symbol': '005930', 'qty': 5, 'sellable_qty': 3, 'avg_price': 0}
2026-06-01 13:38:41 | INFO | samsung_auto_trader | 
====================================================================
[STATUS] 2026-06-01 13:38:41 KST
holding | symbol=005930 qty=5 sellable_qty=3 avg_price=0
inventory_limits | initial=12 min=3 max=25 effective_position=21
open_orders | buy_open=18 sell_open=2 total_open=20
 - side=buy order_no=0000028776 time=133747 qty=1 filled=0 unfilled=1 price=348000 branch=
 - side=buy order_no=0000028712 time=133639 qty=1 filled=0 unfilled=1 price=348000 branch=
 - side=buy order_no=0000028633 time=133448 qty=1 filled=0 unfilled=1 price=348000 branch=
 - side=buy order_no=0000028557 time=133333 qty=1 filled=0 unfilled=1 price=348500 branch=
 - side=buy order_no=0000028082 time=132554 qty=1 filled=0 unfilled=1 price=347000 branch=
 - side=buy order_no=0000027924 time=132256 qty=1 filled=0 unfilled=1 price=347500 branch=
 - side=sell order_no=0000027859 time=132146 qty=1 filled=0 unfilled=1 price=350000 branch=
 - side=buy order_no=0000027806 time=132054 qty=1 filled=0 unfilled=1 price=347500 branch=
 - side=sell order_no=0000027735 time=131930 qty=1 filled=0 unfilled=1 price=350000 branch=
 - side=buy order_no=0000027644 time=131802 qty=1 filled=0 unfilled=1 price=347500 branch=
 - side=buy order_no=0000027421 time=131428 qty=1 filled=0 unfilled=1 price=347500 branch=
 - side=buy order_no=0000027311 time=131211 qty=1 filled=0 unfilled=1 price=347500 branch=
 - side=buy order_no=0000027211 time=131026 qty=1 filled=0 unfilled=1 price=347500 branch=
 - side=buy order_no=0000027103 time=130837 qty=1 filled=0 unfilled=1 price=347000 branch=
 - side=buy order_no=0000023150 time=120324 qty=1 filled=0 unfilled=1 price=345500 branch=
 - side=buy order_no=0000023033 time=120151 qty=1 filled=0 unfilled=1 price=345500 branch=
 - side=buy order_no=0000022846 time=115950 qty=1 filled=0 unfilled=1 price=345500 branch=
 - side=buy order_no=0000022722 time=115827 qty=1 filled=0 unfilled=1 price=345500 branch=
 - side=buy order_no=0000022549 time=115623 qty=1 filled=0 unfilled=1 price=345000 branch=
 - side=buy order_no=0000022440 time=115448 qty=1 filled=0 unfilled=1 price=343500 branch=
====================================================================
2026-06-01 13:38:41 | INFO | samsung_auto_trader | Execution check for buy: before_qty=5, after_qty=5, executed=False
2026-06-01 13:38:41 | INFO | samsung_auto_trader | Token reuse: cached same-day token is valid.
2026-06-01 13:38:45 | INFO | samsung_auto_trader | Token reuse: cached same-day token is valid.
2026-06-01 13:38:49 | INFO | samsung_auto_trader | Token reuse: cached same-day token is valid.
2026-06-01 13:38:54 | INFO | samsung_auto_trader | Token reuse: cached same-day token is valid.
2026-06-01 13:38:59 | INFO | samsung_auto_trader | Token reuse: cached same-day token is valid.
2026-06-01 13:39:05 | INFO | samsung_auto_trader | Token reuse: cached same-day token is valid.
2026-06-01 13:39:05 | WARNING | samsung_auto_trader | API request failed (GET /uapi/domestic-stock/v1/trading/inquire-daily-ccld, attempt 1/3): ('Connection aborted.', RemoteDisconnected('Remote end closed connection without response'))
2026-06-01 13:39:07 | INFO | samsung_auto_trader | Token reuse: cached same-day token is valid.
2026-06-01 13:39:07 | WARNING | samsung_auto_trader | API request failed (GET /uapi/domestic-stock/v1/trading/inquire-daily-ccld, attempt 1/3): Retryable HTTP 500: {"rt_cd":"1","msg1":"초당 거래건수를 초과하였습니다.","msg_cd":"EGW00201","message":"EGW00201"}
2026-06-01 13:39:17 | INFO | samsung_auto_trader | Skipping sell this cycle | holding_qty=5 sell_open=2 min_position=3
2026-06-01 13:39:17 | INFO | samsung_auto_trader | Trade cycle finished.
2026-06-01 13:39:37 | INFO | samsung_auto_trader | Starting trade cycle.
2026-06-01 13:39:37 | INFO | samsung_auto_trader | Token reuse: cached same-day token is valid.
2026-06-01 13:39:37 | INFO | samsung_auto_trader | Current price: 349500 KRW | inferred_tick_size=500
2026-06-01 13:39:38 | INFO | samsung_auto_trader | Token reuse: cached same-day token is valid.
2026-06-01 13:39:41 | INFO | samsung_auto_trader | Token reuse: cached same-day token is valid.
2026-06-01 13:39:44 | INFO | samsung_auto_trader | Token reuse: cached same-day token is valid.
2026-06-01 13:39:45 | INFO | samsung_auto_trader | Token reuse: cached same-day token is valid.
2026-06-01 13:39:46 | INFO | samsung_auto_trader | Token reuse: cached same-day token is valid.
2026-06-01 13:39:47 | INFO | samsung_auto_trader | Token reuse: cached same-day token is valid.
2026-06-01 13:39:48 | INFO | samsung_auto_trader | Token reuse: cached same-day token is valid.
2026-06-01 13:39:49 | INFO | samsung_auto_trader | Token reuse: cached same-day token is valid.
2026-06-01 13:39:50 | INFO | samsung_auto_trader | Token reuse: cached same-day token is valid.
2026-06-01 13:39:51 | INFO | samsung_auto_trader | Holdings before order | cash_available=1578262 | total_eval_amount=9585677 | samsung_holding={'symbol': '005930', 'qty': 5, 'sellable_qty': 3, 'avg_price': 0}
2026-06-01 13:39:51 | INFO | samsung_auto_trader | 
====================================================================
[STATUS] 2026-06-01 13:39:51 KST
holding | symbol=005930 qty=5 sellable_qty=3 avg_price=0
inventory_limits | initial=12 min=3 max=25 effective_position=21
open_orders | buy_open=18 sell_open=2 total_open=20
 - side=buy order_no=0000028776 time=133747 qty=1 filled=0 unfilled=1 price=348000 branch=
 - side=buy order_no=0000028712 time=133639 qty=1 filled=0 unfilled=1 price=348000 branch=
 - side=buy order_no=0000028633 time=133448 qty=1 filled=0 unfilled=1 price=348000 branch=
 - side=buy order_no=0000028557 time=133333 qty=1 filled=0 unfilled=1 price=348500 branch=
 - side=buy order_no=0000028082 time=132554 qty=1 filled=0 unfilled=1 price=347000 branch=
 - side=buy order_no=0000027924 time=132256 qty=1 filled=0 unfilled=1 price=347500 branch=
 - side=sell order_no=0000027859 time=132146 qty=1 filled=0 unfilled=1 price=350000 branch=
 - side=buy order_no=0000027806 time=132054 qty=1 filled=0 unfilled=1 price=347500 branch=
 - side=sell order_no=0000027735 time=131930 qty=1 filled=0 unfilled=1 price=350000 branch=
 - side=buy order_no=0000027644 time=131802 qty=1 filled=0 unfilled=1 price=347500 branch=
 - side=buy order_no=0000027421 time=131428 qty=1 filled=0 unfilled=1 price=347500 branch=
 - side=buy order_no=0000027311 time=131211 qty=1 filled=0 unfilled=1 price=347500 branch=
 - side=buy order_no=0000027211 time=131026 qty=1 filled=0 unfilled=1 price=347500 branch=
 - side=buy order_no=0000027103 time=130837 qty=1 filled=0 unfilled=1 price=347000 branch=
 - side=buy order_no=0000023150 time=120324 qty=1 filled=0 unfilled=1 price=345500 branch=
 - side=buy order_no=0000023033 time=120151 qty=1 filled=0 unfilled=1 price=345500 branch=
 - side=buy order_no=0000022846 time=115950 qty=1 filled=0 unfilled=1 price=345500 branch=
 - side=buy order_no=0000022722 time=115827 qty=1 filled=0 unfilled=1 price=345500 branch=
 - side=buy order_no=0000022549 time=115623 qty=1 filled=0 unfilled=1 price=345000 branch=
 - side=buy order_no=0000022440 time=115448 qty=1 filled=0 unfilled=1 price=343500 branch=
====================================================================
2026-06-01 13:39:51 | INFO | samsung_auto_trader | Price normalized by tick size | current=349500 tick=500 raw_buy=348500 buy=348500 raw_sell=350500 sell=350500
2026-06-01 13:39:51 | INFO | samsung_auto_trader | Skipping sell this cycle | holding_qty=5 sell_open=2 min_position=3
2026-06-01 13:39:51 | INFO | samsung_auto_trader | Buy order request: qty=1, price=348500
2026-06-01 13:39:51 | INFO | samsung_auto_trader | Token reuse: cached same-day token is valid.
2026-06-01 13:39:55 | INFO | samsung_auto_trader | Buy order accepted | order_no=00950 | order_time=133955 | qty=1 | price=348500
2026-06-01 13:39:55 | INFO | samsung_auto_trader | Waiting 5 seconds before post-buy balance check.
2026-06-01 13:40:00 | INFO | samsung_auto_trader | Token reuse: cached same-day token is valid.
2026-06-01 13:40:00 | WARNING | samsung_auto_trader | API request failed (GET /uapi/domestic-stock/v1/trading/inquire-balance, attempt 1/3): ('Connection aborted.', RemoteDisconnected('Remote end closed connection without response'))
2026-06-01 13:40:07 | INFO | samsung_auto_trader | Token reuse: cached same-day token is valid.
2026-06-01 13:40:14 | INFO | samsung_auto_trader | Token reuse: cached same-day token is valid.
2026-06-01 13:40:17 | INFO | samsung_auto_trader | Token reuse: cached same-day token is valid.
2026-06-01 13:40:20 | INFO | samsung_auto_trader | Token reuse: cached same-day token is valid.
2026-06-01 13:40:25 | INFO | samsung_auto_trader | Token reuse: cached same-day token is valid.
2026-06-01 13:40:27 | INFO | samsung_auto_trader | Token reuse: cached same-day token is valid.
2026-06-01 13:40:28 | INFO | samsung_auto_trader | Token reuse: cached same-day token is valid.
2026-06-01 13:40:29 | INFO | samsung_auto_trader | Token reuse: cached same-day token is valid.
2026-06-01 13:40:30 | INFO | samsung_auto_trader | Holdings after buy | cash_available=1231504 | total_eval_amount=9585677 | samsung_holding={'symbol': '005930', 'qty': 5, 'sellable_qty': 3, 'avg_price': 0}
2026-06-01 13:40:30 | INFO | samsung_auto_trader | 
====================================================================
[STATUS] 2026-06-01 13:40:30 KST
holding | symbol=005930 qty=5 sellable_qty=3 avg_price=0
inventory_limits | initial=12 min=3 max=25 effective_position=22
open_orders | buy_open=19 sell_open=2 total_open=21
 - side=buy order_no=0000028885 time=133955 qty=1 filled=0 unfilled=1 price=348500 branch=
 - side=buy order_no=0000028776 time=133747 qty=1 filled=0 unfilled=1 price=348000 branch=
 - side=buy order_no=0000028712 time=133639 qty=1 filled=0 unfilled=1 price=348000 branch=
 - side=buy order_no=0000028633 time=133448 qty=1 filled=0 unfilled=1 price=348000 branch=
 - side=buy order_no=0000028557 time=133333 qty=1 filled=0 unfilled=1 price=348500 branch=
 - side=buy order_no=0000028082 time=132554 qty=1 filled=0 unfilled=1 price=347000 branch=
 - side=buy order_no=0000027924 time=132256 qty=1 filled=0 unfilled=1 price=347500 branch=
 - side=sell order_no=0000027859 time=132146 qty=1 filled=0 unfilled=1 price=350000 branch=
 - side=buy order_no=0000027806 time=132054 qty=1 filled=0 unfilled=1 price=347500 branch=
 - side=sell order_no=0000027735 time=131930 qty=1 filled=0 unfilled=1 price=350000 branch=
 - side=buy order_no=0000027644 time=131802 qty=1 filled=0 unfilled=1 price=347500 branch=
 - side=buy order_no=0000027421 time=131428 qty=1 filled=0 unfilled=1 price=347500 branch=
 - side=buy order_no=0000027311 time=131211 qty=1 filled=0 unfilled=1 price=347500 branch=
 - side=buy order_no=0000027211 time=131026 qty=1 filled=0 unfilled=1 price=347500 branch=
 - side=buy order_no=0000027103 time=130837 qty=1 filled=0 unfilled=1 price=347000 branch=
 - side=buy order_no=0000023150 time=120324 qty=1 filled=0 unfilled=1 price=345500 branch=
 - side=buy order_no=0000023033 time=120151 qty=1 filled=0 unfilled=1 price=345500 branch=
 - side=buy order_no=0000022846 time=115950 qty=1 filled=0 unfilled=1 price=345500 branch=
 - side=buy order_no=0000022722 time=115827 qty=1 filled=0 unfilled=1 price=345500 branch=
 - side=buy order_no=0000022549 time=115623 qty=1 filled=0 unfilled=1 price=345000 branch=
 - side=buy order_no=0000022440 time=115448 qty=1 filled=0 unfilled=1 price=343500 branch=
====================================================================
2026-06-01 13:40:30 | INFO | samsung_auto_trader | Execution check for buy: before_qty=5, after_qty=5, executed=False
2026-06-01 13:40:30 | INFO | samsung_auto_trader | Token reuse: cached same-day token is valid.
2026-06-01 13:40:31 | INFO | samsung_auto_trader | Token reuse: cached same-day token is valid.
2026-06-01 13:40:32 | INFO | samsung_auto_trader | Token reuse: cached same-day token is valid.
2026-06-01 13:40:33 | INFO | samsung_auto_trader | Token reuse: cached same-day token is valid.
2026-06-01 13:40:34 | INFO | samsung_auto_trader | Token reuse: cached same-day token is valid.
2026-06-01 13:40:36 | INFO | samsung_auto_trader | Token reuse: cached same-day token is valid.
2026-06-01 13:40:37 | INFO | samsung_auto_trader | Token reuse: cached same-day token is valid.
2026-06-01 13:40:38 | INFO | samsung_auto_trader | Skipping sell this cycle | holding_qty=5 sell_open=2 min_position=3
2026-06-01 13:40:38 | INFO | samsung_auto_trader | Trade cycle finished.
2026-06-01 13:40:58 | INFO | samsung_auto_trader | Starting trade cycle.
2026-06-01 13:40:58 | INFO | samsung_auto_trader | Token reuse: cached same-day token is valid.
2026-06-01 13:40:59 | INFO | samsung_auto_trader | Current price: 349250 KRW | inferred_tick_size=500
2026-06-01 13:40:59 | INFO | samsung_auto_trader | Token reuse: cached same-day token is valid.
2026-06-01 13:41:04 | INFO | samsung_auto_trader | Token reuse: cached same-day token is valid.
2026-06-01 13:41:11 | INFO | samsung_auto_trader | Token reuse: cached same-day token is valid.
2026-06-01 13:41:16 | INFO | samsung_auto_trader | Token reuse: cached same-day token is valid.
2026-06-01 13:41:22 | INFO | samsung_auto_trader | Token reuse: cached same-day token is valid.
2026-06-01 13:41:28 | INFO | samsung_auto_trader | Token reuse: cached same-day token is valid.
2026-06-01 13:41:34 | INFO | samsung_auto_trader | Token reuse: cached same-day token is valid.
2026-06-01 13:41:39 | INFO | samsung_auto_trader | Token reuse: cached same-day token is valid.
2026-06-01 13:41:46 | INFO | samsung_auto_trader | Token reuse: cached same-day token is valid.
2026-06-01 13:41:54 | INFO | samsung_auto_trader | Holdings before order | cash_available=1231504 | total_eval_amount=9585677 | samsung_holding={'symbol': '005930', 'qty': 5, 'sellable_qty': 3, 'avg_price': 0}
2026-06-01 13:41:54 | INFO | samsung_auto_trader | 
====================================================================
[STATUS] 2026-06-01 13:41:54 KST
holding | symbol=005930 qty=5 sellable_qty=3 avg_price=0
inventory_limits | initial=12 min=3 max=25 effective_position=22
open_orders | buy_open=19 sell_open=2 total_open=21
 - side=buy order_no=0000028885 time=133955 qty=1 filled=0 unfilled=1 price=348500 branch=
 - side=buy order_no=0000028776 time=133747 qty=1 filled=0 unfilled=1 price=348000 branch=
 - side=buy order_no=0000028712 time=133639 qty=1 filled=0 unfilled=1 price=348000 branch=
 - side=buy order_no=0000028633 time=133448 qty=1 filled=0 unfilled=1 price=348000 branch=
 - side=buy order_no=0000028557 time=133333 qty=1 filled=0 unfilled=1 price=348500 branch=
 - side=buy order_no=0000028082 time=132554 qty=1 filled=0 unfilled=1 price=347000 branch=
 - side=buy order_no=0000027924 time=132256 qty=1 filled=0 unfilled=1 price=347500 branch=
 - side=sell order_no=0000027859 time=132146 qty=1 filled=0 unfilled=1 price=350000 branch=
 - side=buy order_no=0000027806 time=132054 qty=1 filled=0 unfilled=1 price=347500 branch=
 - side=sell order_no=0000027735 time=131930 qty=1 filled=0 unfilled=1 price=350000 branch=
 - side=buy order_no=0000027644 time=131802 qty=1 filled=0 unfilled=1 price=347500 branch=
 - side=buy order_no=0000027421 time=131428 qty=1 filled=0 unfilled=1 price=347500 branch=
 - side=buy order_no=0000027311 time=131211 qty=1 filled=0 unfilled=1 price=347500 branch=
 - side=buy order_no=0000027211 time=131026 qty=1 filled=0 unfilled=1 price=347500 branch=
 - side=buy order_no=0000027103 time=130837 qty=1 filled=0 unfilled=1 price=347000 branch=
 - side=buy order_no=0000023150 time=120324 qty=1 filled=0 unfilled=1 price=345500 branch=
 - side=buy order_no=0000023033 time=120151 qty=1 filled=0 unfilled=1 price=345500 branch=
 - side=buy order_no=0000022846 time=115950 qty=1 filled=0 unfilled=1 price=345500 branch=
 - side=buy order_no=0000022722 time=115827 qty=1 filled=0 unfilled=1 price=345500 branch=
 - side=buy order_no=0000022549 time=115623 qty=1 filled=0 unfilled=1 price=345000 branch=
 - side=buy order_no=0000022440 time=115448 qty=1 filled=0 unfilled=1 price=343500 branch=
====================================================================
2026-06-01 13:41:54 | INFO | samsung_auto_trader | Price normalized by tick size | current=349250 tick=500 raw_buy=348250 buy=348000 raw_sell=350250 sell=350500
2026-06-01 13:41:54 | INFO | samsung_auto_trader | Skipping sell this cycle | holding_qty=5 sell_open=2 min_position=3
2026-06-01 13:41:54 | INFO | samsung_auto_trader | Buy order request: qty=1, price=348000
2026-06-01 13:41:54 | INFO | samsung_auto_trader | Token reuse: cached same-day token is valid.
2026-06-01 13:41:56 | INFO | samsung_auto_trader | Buy order accepted | order_no=00950 | order_time=134156 | qty=1 | price=348000
2026-06-01 13:41:56 | INFO | samsung_auto_trader | Waiting 5 seconds before post-buy balance check.
2026-06-01 13:42:01 | INFO | samsung_auto_trader | Token reuse: cached same-day token is valid.
2026-06-01 13:42:10 | INFO | samsung_auto_trader | Token reuse: cached same-day token is valid.
2026-06-01 13:42:20 | WARNING | samsung_auto_trader | API request failed (GET /uapi/domestic-stock/v1/trading/inquire-psbl-order, attempt 1/3): HTTPSConnectionPool(host='openapivts.koreainvestment.com', port=29443): Read timed out. (read timeout=10)
2026-06-01 13:42:27 | INFO | samsung_auto_trader | Token reuse: cached same-day token is valid.
2026-06-01 13:42:28 | INFO | samsung_auto_trader | Token reuse: cached same-day token is valid.
2026-06-01 13:42:29 | INFO | samsung_auto_trader | Token reuse: cached same-day token is valid.
2026-06-01 13:42:30 | INFO | samsung_auto_trader | Token reuse: cached same-day token is valid.
2026-06-01 13:42:31 | INFO | samsung_auto_trader | Token reuse: cached same-day token is valid.
2026-06-01 13:42:32 | INFO | samsung_auto_trader | Token reuse: cached same-day token is valid.
2026-06-01 13:42:33 | INFO | samsung_auto_trader | Token reuse: cached same-day token is valid.
2026-06-01 13:42:33 | INFO | samsung_auto_trader | Holdings after buy | cash_available=885244 | total_eval_amount=9585677 | samsung_holding={'symbol': '005930', 'qty': 5, 'sellable_qty': 3, 'avg_price': 0}
2026-06-01 13:42:33 | INFO | samsung_auto_trader | 
====================================================================
[STATUS] 2026-06-01 13:42:33 KST
holding | symbol=005930 qty=5 sellable_qty=3 avg_price=0
inventory_limits | initial=12 min=3 max=25 effective_position=23
open_orders | buy_open=20 sell_open=2 total_open=22
 - side=buy order_no=0000029000 time=134156 qty=1 filled=0 unfilled=1 price=348000 branch=
 - side=buy order_no=0000028885 time=133955 qty=1 filled=0 unfilled=1 price=348500 branch=
 - side=buy order_no=0000028776 time=133747 qty=1 filled=0 unfilled=1 price=348000 branch=
 - side=buy order_no=0000028712 time=133639 qty=1 filled=0 unfilled=1 price=348000 branch=
 - side=buy order_no=0000028633 time=133448 qty=1 filled=0 unfilled=1 price=348000 branch=
 - side=buy order_no=0000028557 time=133333 qty=1 filled=0 unfilled=1 price=348500 branch=
 - side=buy order_no=0000028082 time=132554 qty=1 filled=0 unfilled=1 price=347000 branch=
 - side=buy order_no=0000027924 time=132256 qty=1 filled=0 unfilled=1 price=347500 branch=
 - side=sell order_no=0000027859 time=132146 qty=1 filled=0 unfilled=1 price=350000 branch=
 - side=buy order_no=0000027806 time=132054 qty=1 filled=0 unfilled=1 price=347500 branch=
 - side=sell order_no=0000027735 time=131930 qty=1 filled=0 unfilled=1 price=350000 branch=
 - side=buy order_no=0000027644 time=131802 qty=1 filled=0 unfilled=1 price=347500 branch=
 - side=buy order_no=0000027421 time=131428 qty=1 filled=0 unfilled=1 price=347500 branch=
 - side=buy order_no=0000027311 time=131211 qty=1 filled=0 unfilled=1 price=347500 branch=
 - side=buy order_no=0000027211 time=131026 qty=1 filled=0 unfilled=1 price=347500 branch=
 - side=buy order_no=0000027103 time=130837 qty=1 filled=0 unfilled=1 price=347000 branch=
 - side=buy order_no=0000023150 time=120324 qty=1 filled=0 unfilled=1 price=345500 branch=
 - side=buy order_no=0000023033 time=120151 qty=1 filled=0 unfilled=1 price=345500 branch=
 - side=buy order_no=0000022846 time=115950 qty=1 filled=0 unfilled=1 price=345500 branch=
 - side=buy order_no=0000022722 time=115827 qty=1 filled=0 unfilled=1 price=345500 branch=
 - side=buy order_no=0000022549 time=115623 qty=1 filled=0 unfilled=1 price=345000 branch=
 - side=buy order_no=0000022440 time=115448 qty=1 filled=0 unfilled=1 price=343500 branch=
====================================================================
2026-06-01 13:42:33 | INFO | samsung_auto_trader | Execution check for buy: before_qty=5, after_qty=5, executed=False
2026-06-01 13:42:34 | INFO | samsung_auto_trader | Token reuse: cached same-day token is valid.
2026-06-01 13:42:35 | INFO | samsung_auto_trader | Token reuse: cached same-day token is valid.
2026-06-01 13:42:36 | INFO | samsung_auto_trader | Token reuse: cached same-day token is valid.
2026-06-01 13:42:37 | INFO | samsung_auto_trader | Token reuse: cached same-day token is valid.
2026-06-01 13:42:38 | INFO | samsung_auto_trader | Token reuse: cached same-day token is valid.
2026-06-01 13:42:39 | INFO | samsung_auto_trader | Token reuse: cached same-day token is valid.
2026-06-01 13:42:40 | INFO | samsung_auto_trader | Token reuse: cached same-day token is valid.
2026-06-01 13:42:40 | INFO | samsung_auto_trader | Skipping sell this cycle | holding_qty=5 sell_open=2 min_position=3
2026-06-01 13:42:40 | INFO | samsung_auto_trader | Trade cycle finished.
2026-06-01 13:43:00 | INFO | samsung_auto_trader | Starting trade cycle.
2026-06-01 13:43:00 | INFO | samsung_auto_trader | Token reuse: cached same-day token is valid.
2026-06-01 13:43:00 | INFO | samsung_auto_trader | Current price: 349000 KRW | inferred_tick_size=500
2026-06-01 13:43:01 | INFO | samsung_auto_trader | Token reuse: cached same-day token is valid.
2026-06-01 13:43:04 | INFO | samsung_auto_trader | Token reuse: cached same-day token is valid.
2026-06-01 13:43:07 | INFO | samsung_auto_trader | Token reuse: cached same-day token is valid.
2026-06-01 13:43:08 | INFO | samsung_auto_trader | Token reuse: cached same-day token is valid.
2026-06-01 13:43:09 | INFO | samsung_auto_trader | Token reuse: cached same-day token is valid.
2026-06-01 13:43:10 | INFO | samsung_auto_trader | Token reuse: cached same-day token is valid.
2026-06-01 13:43:11 | INFO | samsung_auto_trader | Token reuse: cached same-day token is valid.
2026-06-01 13:43:12 | INFO | samsung_auto_trader | Token reuse: cached same-day token is valid.
2026-06-01 13:43:13 | INFO | samsung_auto_trader | Token reuse: cached same-day token is valid.
2026-06-01 13:43:13 | INFO | samsung_auto_trader | Holdings before order | cash_available=885244 | total_eval_amount=9583177 | samsung_holding={'symbol': '005930', 'qty': 5, 'sellable_qty': 3, 'avg_price': 0}
2026-06-01 13:43:13 | INFO | samsung_auto_trader | 
====================================================================
[STATUS] 2026-06-01 13:43:13 KST
holding | symbol=005930 qty=5 sellable_qty=3 avg_price=0
inventory_limits | initial=12 min=3 max=25 effective_position=23
open_orders | buy_open=20 sell_open=2 total_open=22
 - side=buy order_no=0000029000 time=134156 qty=1 filled=0 unfilled=1 price=348000 branch=
 - side=buy order_no=0000028885 time=133955 qty=1 filled=0 unfilled=1 price=348500 branch=
 - side=buy order_no=0000028776 time=133747 qty=1 filled=0 unfilled=1 price=348000 branch=
 - side=buy order_no=0000028712 time=133639 qty=1 filled=0 unfilled=1 price=348000 branch=
 - side=buy order_no=0000028633 time=133448 qty=1 filled=0 unfilled=1 price=348000 branch=
 - side=buy order_no=0000028557 time=133333 qty=1 filled=0 unfilled=1 price=348500 branch=
 - side=buy order_no=0000028082 time=132554 qty=1 filled=0 unfilled=1 price=347000 branch=
 - side=buy order_no=0000027924 time=132256 qty=1 filled=0 unfilled=1 price=347500 branch=
 - side=sell order_no=0000027859 time=132146 qty=1 filled=0 unfilled=1 price=350000 branch=
 - side=buy order_no=0000027806 time=132054 qty=1 filled=0 unfilled=1 price=347500 branch=
 - side=sell order_no=0000027735 time=131930 qty=1 filled=0 unfilled=1 price=350000 branch=
 - side=buy order_no=0000027644 time=131802 qty=1 filled=0 unfilled=1 price=347500 branch=
 - side=buy order_no=0000027421 time=131428 qty=1 filled=0 unfilled=1 price=347500 branch=
 - side=buy order_no=0000027311 time=131211 qty=1 filled=0 unfilled=1 price=347500 branch=
 - side=buy order_no=0000027211 time=131026 qty=1 filled=0 unfilled=1 price=347500 branch=
 - side=buy order_no=0000027103 time=130837 qty=1 filled=0 unfilled=1 price=347000 branch=
 - side=buy order_no=0000023150 time=120324 qty=1 filled=0 unfilled=1 price=345500 branch=
 - side=buy order_no=0000023033 time=120151 qty=1 filled=0 unfilled=1 price=345500 branch=
 - side=buy order_no=0000022846 time=115950 qty=1 filled=0 unfilled=1 price=345500 branch=
 - side=buy order_no=0000022722 time=115827 qty=1 filled=0 unfilled=1 price=345500 branch=
 - side=buy order_no=0000022549 time=115623 qty=1 filled=0 unfilled=1 price=345000 branch=
 - side=buy order_no=0000022440 time=115448 qty=1 filled=0 unfilled=1 price=343500 branch=
====================================================================
2026-06-01 13:43:13 | INFO | samsung_auto_trader | Price normalized by tick size | current=349000 tick=500 raw_buy=348000 buy=348000 raw_sell=350000 sell=350000
2026-06-01 13:43:13 | INFO | samsung_auto_trader | Skipping buy this cycle | holding_qty=5 buy_open=20 max_position=25
2026-06-01 13:43:13 | INFO | samsung_auto_trader | Skipping sell this cycle | holding_qty=5 sell_open=2 min_position=3
2026-06-01 13:43:13 | INFO | samsung_auto_trader | Buy order skipped: max position reached, open buy exposure already counted, or available cash was not enough | holding_qty=5 effective_position=23 cash_available=885244 max_position=25
2026-06-01 13:43:14 | INFO | samsung_auto_trader | Token reuse: cached same-day token is valid.
2026-06-01 13:43:15 | INFO | samsung_auto_trader | Token reuse: cached same-day token is valid.
2026-06-01 13:43:16 | INFO | samsung_auto_trader | Token reuse: cached same-day token is valid.
2026-06-01 13:43:17 | INFO | samsung_auto_trader | Token reuse: cached same-day token is valid.
2026-06-01 13:43:18 | INFO | samsung_auto_trader | Token reuse: cached same-day token is valid.
2026-06-01 13:43:19 | INFO | samsung_auto_trader | Token reuse: cached same-day token is valid.
2026-06-01 13:43:20 | INFO | samsung_auto_trader | Token reuse: cached same-day token is valid.
2026-06-01 13:43:20 | INFO | samsung_auto_trader | Skipping sell this cycle | holding_qty=5 sell_open=2 min_position=3
2026-06-01 13:43:20 | INFO | samsung_auto_trader | Trade cycle finished.
2026-06-01 13:43:40 | INFO | samsung_auto_trader | Starting trade cycle.
2026-06-01 13:43:40 | INFO | samsung_auto_trader | Token reuse: cached same-day token is valid.
2026-06-01 13:43:40 | INFO | samsung_auto_trader | Current price: 349250 KRW | inferred_tick_size=500
2026-06-01 13:43:41 | INFO | samsung_auto_trader | Token reuse: cached same-day token is valid.
2026-06-01 13:43:44 | INFO | samsung_auto_trader | Token reuse: cached same-day token is valid.
2026-06-01 13:43:47 | INFO | samsung_auto_trader | Token reuse: cached same-day token is valid.
2026-06-01 13:43:48 | INFO | samsung_auto_trader | Token reuse: cached same-day token is valid.
2026-06-01 13:43:49 | INFO | samsung_auto_trader | Token reuse: cached same-day token is valid.
2026-06-01 13:43:50 | INFO | samsung_auto_trader | Token reuse: cached same-day token is valid.
2026-06-01 13:43:51 | INFO | samsung_auto_trader | Token reuse: cached same-day token is valid.
2026-06-01 13:43:52 | INFO | samsung_auto_trader | Token reuse: cached same-day token is valid.
2026-06-01 13:43:53 | INFO | samsung_auto_trader | Token reuse: cached same-day token is valid.
2026-06-01 13:43:53 | INFO | samsung_auto_trader | Holdings before order | cash_available=885244 | total_eval_amount=9585677 | samsung_holding={'symbol': '005930', 'qty': 5, 'sellable_qty': 3, 'avg_price': 0}
2026-06-01 13:43:53 | INFO | samsung_auto_trader | 
====================================================================
[STATUS] 2026-06-01 13:43:53 KST
holding | symbol=005930 qty=5 sellable_qty=3 avg_price=0
inventory_limits | initial=12 min=3 max=25 effective_position=23
open_orders | buy_open=20 sell_open=2 total_open=22
 - side=buy order_no=0000029000 time=134156 qty=1 filled=0 unfilled=1 price=348000 branch=
 - side=buy order_no=0000028885 time=133955 qty=1 filled=0 unfilled=1 price=348500 branch=
 - side=buy order_no=0000028776 time=133747 qty=1 filled=0 unfilled=1 price=348000 branch=
 - side=buy order_no=0000028712 time=133639 qty=1 filled=0 unfilled=1 price=348000 branch=
 - side=buy order_no=0000028633 time=133448 qty=1 filled=0 unfilled=1 price=348000 branch=
 - side=buy order_no=0000028557 time=133333 qty=1 filled=0 unfilled=1 price=348500 branch=
 - side=buy order_no=0000028082 time=132554 qty=1 filled=0 unfilled=1 price=347000 branch=
 - side=buy order_no=0000027924 time=132256 qty=1 filled=0 unfilled=1 price=347500 branch=
 - side=sell order_no=0000027859 time=132146 qty=1 filled=0 unfilled=1 price=350000 branch=
 - side=buy order_no=0000027806 time=132054 qty=1 filled=0 unfilled=1 price=347500 branch=
 - side=sell order_no=0000027735 time=131930 qty=1 filled=0 unfilled=1 price=350000 branch=
 - side=buy order_no=0000027644 time=131802 qty=1 filled=0 unfilled=1 price=347500 branch=
 - side=buy order_no=0000027421 time=131428 qty=1 filled=0 unfilled=1 price=347500 branch=
 - side=buy order_no=0000027311 time=131211 qty=1 filled=0 unfilled=1 price=347500 branch=
 - side=buy order_no=0000027211 time=131026 qty=1 filled=0 unfilled=1 price=347500 branch=
 - side=buy order_no=0000027103 time=130837 qty=1 filled=0 unfilled=1 price=347000 branch=
 - side=buy order_no=0000023150 time=120324 qty=1 filled=0 unfilled=1 price=345500 branch=
 - side=buy order_no=0000023033 time=120151 qty=1 filled=0 unfilled=1 price=345500 branch=
 - side=buy order_no=0000022846 time=115950 qty=1 filled=0 unfilled=1 price=345500 branch=
 - side=buy order_no=0000022722 time=115827 qty=1 filled=0 unfilled=1 price=345500 branch=
 - side=buy order_no=0000022549 time=115623 qty=1 filled=0 unfilled=1 price=345000 branch=
 - side=buy order_no=0000022440 time=115448 qty=1 filled=0 unfilled=1 price=343500 branch=
====================================================================
2026-06-01 13:43:53 | INFO | samsung_auto_trader | Price normalized by tick size | current=349250 tick=500 raw_buy=348250 buy=348000 raw_sell=350250 sell=350500
2026-06-01 13:43:53 | INFO | samsung_auto_trader | Skipping buy this cycle | holding_qty=5 buy_open=20 max_position=25
2026-06-01 13:43:53 | INFO | samsung_auto_trader | Skipping sell this cycle | holding_qty=5 sell_open=2 min_position=3
2026-06-01 13:43:53 | INFO | samsung_auto_trader | Buy order skipped: max position reached, open buy exposure already counted, or available cash was not enough | holding_qty=5 effective_position=23 cash_available=885244 max_position=25
2026-06-01 13:43:54 | INFO | samsung_auto_trader | Token reuse: cached same-day token is valid.
2026-06-01 13:43:55 | INFO | samsung_auto_trader | Token reuse: cached same-day token is valid.
2026-06-01 13:43:56 | INFO | samsung_auto_trader | Token reuse: cached same-day token is valid.
2026-06-01 13:43:57 | INFO | samsung_auto_trader | Token reuse: cached same-day token is valid.
2026-06-01 13:43:58 | INFO | samsung_auto_trader | Token reuse: cached same-day token is valid.
2026-06-01 13:43:59 | INFO | samsung_auto_trader | Token reuse: cached same-day token is valid.
2026-06-01 13:44:00 | INFO | samsung_auto_trader | Token reuse: cached same-day token is valid.
2026-06-01 13:44:01 | INFO | samsung_auto_trader | Skipping sell this cycle | holding_qty=5 sell_open=2 min_position=3
2026-06-01 13:44:01 | INFO | samsung_auto_trader | Trade cycle finished.
2026-06-01 13:44:21 | INFO | samsung_auto_trader | Starting trade cycle.
2026-06-01 13:44:21 | INFO | samsung_auto_trader | Token reuse: cached same-day token is valid.
2026-06-01 13:44:23 | INFO | samsung_auto_trader | Current price: 349500 KRW | inferred_tick_size=500
2026-06-01 13:44:23 | INFO | samsung_auto_trader | Token reuse: cached same-day token is valid.
2026-06-01 13:44:30 | INFO | samsung_auto_trader | Token reuse: cached same-day token is valid.
2026-06-01 13:44:36 | INFO | samsung_auto_trader | Token reuse: cached same-day token is valid.
2026-06-01 13:44:41 | INFO | samsung_auto_trader | Token reuse: cached same-day token is valid.
2026-06-01 13:44:47 | INFO | samsung_auto_trader | Token reuse: cached same-day token is valid.
2026-06-01 13:44:52 | INFO | samsung_auto_trader | Token reuse: cached same-day token is valid.
2026-06-01 13:44:56 | INFO | samsung_auto_trader | Token reuse: cached same-day token is valid.
2026-06-01 13:45:01 | INFO | samsung_auto_trader | Token reuse: cached same-day token is valid.
2026-06-01 13:45:07 | INFO | samsung_auto_trader | Token reuse: cached same-day token is valid.
2026-06-01 13:45:16 | INFO | samsung_auto_trader | Holdings before order | cash_available=1579655 | total_eval_amount=9585677 | samsung_holding={'symbol': '005930', 'qty': 5, 'sellable_qty': 3, 'avg_price': 0}
2026-06-01 13:45:16 | INFO | samsung_auto_trader | 
====================================================================
[STATUS] 2026-06-01 13:45:16 KST
holding | symbol=005930 qty=5 sellable_qty=3 avg_price=0
inventory_limits | initial=12 min=3 max=25 effective_position=25
open_orders | buy_open=20 sell_open=0 total_open=20
 - side=buy order_no=0000029000 time=134156 qty=1 filled=0 unfilled=1 price=348000 branch=
 - side=buy order_no=0000028885 time=133955 qty=1 filled=0 unfilled=1 price=348500 branch=
 - side=buy order_no=0000028776 time=133747 qty=1 filled=0 unfilled=1 price=348000 branch=
 - side=buy order_no=0000028712 time=133639 qty=1 filled=0 unfilled=1 price=348000 branch=
 - side=buy order_no=0000028633 time=133448 qty=1 filled=0 unfilled=1 price=348000 branch=
 - side=buy order_no=0000028557 time=133333 qty=1 filled=0 unfilled=1 price=348500 branch=
 - side=buy order_no=0000028082 time=132554 qty=1 filled=0 unfilled=1 price=347000 branch=
 - side=buy order_no=0000027924 time=132256 qty=1 filled=0 unfilled=1 price=347500 branch=
 - side=buy order_no=0000027806 time=132054 qty=1 filled=0 unfilled=1 price=347500 branch=
 - side=buy order_no=0000027644 time=131802 qty=1 filled=0 unfilled=1 price=347500 branch=
 - side=buy order_no=0000027421 time=131428 qty=1 filled=0 unfilled=1 price=347500 branch=
 - side=buy order_no=0000027311 time=131211 qty=1 filled=0 unfilled=1 price=347500 branch=
 - side=buy order_no=0000027211 time=131026 qty=1 filled=0 unfilled=1 price=347500 branch=
 - side=buy order_no=0000027103 time=130837 qty=1 filled=0 unfilled=1 price=347000 branch=
 - side=buy order_no=0000023150 time=120324 qty=1 filled=0 unfilled=1 price=345500 branch=
 - side=buy order_no=0000023033 time=120151 qty=1 filled=0 unfilled=1 price=345500 branch=
 - side=buy order_no=0000022846 time=115950 qty=1 filled=0 unfilled=1 price=345500 branch=
 - side=buy order_no=0000022722 time=115827 qty=1 filled=0 unfilled=1 price=345500 branch=
 - side=buy order_no=0000022549 time=115623 qty=1 filled=0 unfilled=1 price=345000 branch=
 - side=buy order_no=0000022440 time=115448 qty=1 filled=0 unfilled=1 price=343500 branch=
====================================================================
2026-06-01 13:45:16 | WARNING | samsung_auto_trader | Max position guard triggered by effective position. Cancelling all open buy orders | holding_qty=5 effective_position=25 max=25 buy_open_qty=20
2026-06-01 13:45:16 | INFO | samsung_auto_trader | Cancel order request | order_no=0000029000 branch= side=buy unfilled_qty=1 price=348000
2026-06-01 13:45:16 | INFO | samsung_auto_trader | Token reuse: cached same-day token is valid.
2026-06-01 13:45:20 | INFO | samsung_auto_trader | Cancel order request | order_no=0000028885 branch= side=buy unfilled_qty=1 price=348500
2026-06-01 13:45:20 | INFO | samsung_auto_trader | Token reuse: cached same-day token is valid.
2026-06-01 13:45:25 | INFO | samsung_auto_trader | Cancel order request | order_no=0000028776 branch= side=buy unfilled_qty=1 price=348000
2026-06-01 13:45:25 | INFO | samsung_auto_trader | Token reuse: cached same-day token is valid.
2026-06-01 13:45:28 | INFO | samsung_auto_trader | Cancel order request | order_no=0000028712 branch= side=buy unfilled_qty=1 price=348000
2026-06-01 13:45:28 | INFO | samsung_auto_trader | Token reuse: cached same-day token is valid.
2026-06-01 13:45:29 | INFO | samsung_auto_trader | Cancel order request | order_no=0000028633 branch= side=buy unfilled_qty=1 price=348000
2026-06-01 13:45:29 | INFO | samsung_auto_trader | Token reuse: cached same-day token is valid.
2026-06-01 13:45:34 | INFO | samsung_auto_trader | Cancel order request | order_no=0000028557 branch= side=buy unfilled_qty=1 price=348500
2026-06-01 13:45:34 | INFO | samsung_auto_trader | Token reuse: cached same-day token is valid.
2026-06-01 13:45:38 | INFO | samsung_auto_trader | Cancel order request | order_no=0000028082 branch= side=buy unfilled_qty=1 price=347000
2026-06-01 13:45:38 | INFO | samsung_auto_trader | Token reuse: cached same-day token is valid.
2026-06-01 13:45:42 | INFO | samsung_auto_trader | Cancel order request | order_no=0000027924 branch= side=buy unfilled_qty=1 price=347500
2026-06-01 13:45:42 | INFO | samsung_auto_trader | Token reuse: cached same-day token is valid.
2026-06-01 13:45:48 | INFO | samsung_auto_trader | Cancel order request | order_no=0000027806 branch= side=buy unfilled_qty=1 price=347500
2026-06-01 13:45:48 | INFO | samsung_auto_trader | Token reuse: cached same-day token is valid.
2026-06-01 13:45:53 | INFO | samsung_auto_trader | Cancel order request | order_no=0000027644 branch= side=buy unfilled_qty=1 price=347500
2026-06-01 13:45:53 | INFO | samsung_auto_trader | Token reuse: cached same-day token is valid.
2026-06-01 13:45:56 | INFO | samsung_auto_trader | Cancel order request | order_no=0000027421 branch= side=buy unfilled_qty=1 price=347500
2026-06-01 13:45:56 | INFO | samsung_auto_trader | Token reuse: cached same-day token is valid.
2026-06-01 13:45:58 | INFO | samsung_auto_trader | Cancel order request | order_no=0000027311 branch= side=buy unfilled_qty=1 price=347500
2026-06-01 13:45:58 | INFO | samsung_auto_trader | Token reuse: cached same-day token is valid.
2026-06-01 13:45:58 | WARNING | samsung_auto_trader | API request failed (POST /uapi/domestic-stock/v1/trading/order-rvsecncl, attempt 1/3): ('Connection aborted.', RemoteDisconnected('Remote end closed connection without response'))
2026-06-01 13:46:03 | INFO | samsung_auto_trader | Cancel order request | order_no=0000027211 branch= side=buy unfilled_qty=1 price=347500
2026-06-01 13:46:03 | INFO | samsung_auto_trader | Token reuse: cached same-day token is valid.
2026-06-01 13:46:10 | INFO | samsung_auto_trader | Cancel order request | order_no=0000027103 branch= side=buy unfilled_qty=1 price=347000
2026-06-01 13:46:10 | INFO | samsung_auto_trader | Token reuse: cached same-day token is valid.
2026-06-01 13:46:21 | INFO | samsung_auto_trader | Cancel order request | order_no=0000023150 branch= side=buy unfilled_qty=1 price=345500
2026-06-01 13:46:21 | INFO | samsung_auto_trader | Token reuse: cached same-day token is valid.
2026-06-01 13:46:28 | INFO | samsung_auto_trader | Cancel order request | order_no=0000023033 branch= side=buy unfilled_qty=1 price=345500
2026-06-01 13:46:28 | INFO | samsung_auto_trader | Token reuse: cached same-day token is valid.
2026-06-01 13:46:31 | INFO | samsung_auto_trader | Cancel order request | order_no=0000022846 branch= side=buy unfilled_qty=1 price=345500
2026-06-01 13:46:31 | INFO | samsung_auto_trader | Token reuse: cached same-day token is valid.
2026-06-01 13:46:31 | WARNING | samsung_auto_trader | API request failed (POST /uapi/domestic-stock/v1/trading/order-rvsecncl, attempt 1/3): Retryable HTTP 500: {"rt_cd":"1","msg1":"초당 거래건수를 초과하였습니다.","msg_cd":"EGW00201","message":"EGW00201"}
2026-06-01 13:46:35 | INFO | samsung_auto_trader | Cancel order request | order_no=0000022722 branch= side=buy unfilled_qty=1 price=345500
2026-06-01 13:46:35 | INFO | samsung_auto_trader | Token reuse: cached same-day token is valid.
2026-06-01 13:46:40 | INFO | samsung_auto_trader | Cancel order request | order_no=0000022549 branch= side=buy unfilled_qty=1 price=345000
2026-06-01 13:46:40 | INFO | samsung_auto_trader | Token reuse: cached same-day token is valid.
2026-06-01 13:46:42 | INFO | samsung_auto_trader | Cancel order request | order_no=0000022440 branch= side=buy unfilled_qty=1 price=343500
2026-06-01 13:46:42 | INFO | samsung_auto_trader | Token reuse: cached same-day token is valid.
2026-06-01 13:46:47 | INFO | samsung_auto_trader | Waiting 2 seconds after max-guard buy-order cancels.
2026-06-01 13:46:49 | INFO | samsung_auto_trader | Token reuse: cached same-day token is valid.
2026-06-01 13:46:55 | INFO | samsung_auto_trader | Token reuse: cached same-day token is valid.
2026-06-01 13:47:02 | INFO | samsung_auto_trader | Token reuse: cached same-day token is valid.
2026-06-01 13:47:07 | INFO | samsung_auto_trader | Token reuse: cached same-day token is valid.
2026-06-01 13:47:11 | INFO | samsung_auto_trader | Token reuse: cached same-day token is valid.
2026-06-01 13:47:15 | INFO | samsung_auto_trader | Token reuse: cached same-day token is valid.
2026-06-01 13:47:18 | INFO | samsung_auto_trader | Token reuse: cached same-day token is valid.
2026-06-01 13:47:20 | INFO | samsung_auto_trader | Token reuse: cached same-day token is valid.
2026-06-01 13:47:23 | INFO | samsung_auto_trader | Token reuse: cached same-day token is valid.
2026-06-01 13:47:26 | INFO | samsung_auto_trader | Token reuse: cached same-day token is valid.
2026-06-01 13:47:29 | INFO | samsung_auto_trader | Holdings after max-guard cancel | cash_available=8483462 | total_eval_amount=9585177 | samsung_holding={'symbol': '005930', 'qty': 3, 'sellable_qty': 3, 'avg_price': 0}
2026-06-01 13:47:29 | INFO | samsung_auto_trader | 
====================================================================
[STATUS] 2026-06-01 13:47:29 KST
holding | symbol=005930 qty=3 sellable_qty=3 avg_price=0
inventory_limits | initial=12 min=3 max=25 effective_position=3
open_orders | buy_open=0 sell_open=0 total_open=0
 - no open orders
====================================================================
2026-06-01 13:47:29 | INFO | samsung_auto_trader | Price normalized by tick size | current=349500 tick=500 raw_buy=348500 buy=348500 raw_sell=350500 sell=350500
2026-06-01 13:47:29 | INFO | samsung_auto_trader | Skipping sell this cycle | holding_qty=3 sell_open=0 min_position=3
2026-06-01 13:47:29 | INFO | samsung_auto_trader | Buy order request: qty=1, price=348500
2026-06-01 13:47:29 | INFO | samsung_auto_trader | Token reuse: cached same-day token is valid.
2026-06-01 13:47:29 | INFO | samsung_auto_trader | Buy order accepted | order_no=00950 | order_time=134729 | qty=1 | price=348500
2026-06-01 13:47:29 | INFO | samsung_auto_trader | Waiting 5 seconds before post-buy balance check.
2026-06-01 13:47:34 | INFO | samsung_auto_trader | Token reuse: cached same-day token is valid.
2026-06-01 13:47:34 | WARNING | samsung_auto_trader | API request failed (GET /uapi/domestic-stock/v1/trading/inquire-balance, attempt 1/3): ('Connection aborted.', RemoteDisconnected('Remote end closed connection without response'))
2026-06-01 13:47:39 | INFO | samsung_auto_trader | Token reuse: cached same-day token is valid.
2026-06-01 13:47:42 | INFO | samsung_auto_trader | Token reuse: cached same-day token is valid.
2026-06-01 13:47:46 | INFO | samsung_auto_trader | Token reuse: cached same-day token is valid.
2026-06-01 13:47:50 | INFO | samsung_auto_trader | Token reuse: cached same-day token is valid.
2026-06-01 13:47:53 | INFO | samsung_auto_trader | Token reuse: cached same-day token is valid.
2026-06-01 13:47:56 | INFO | samsung_auto_trader | Token reuse: cached same-day token is valid.
2026-06-01 13:47:58 | INFO | samsung_auto_trader | Token reuse: cached same-day token is valid.
2026-06-01 13:48:01 | INFO | samsung_auto_trader | Token reuse: cached same-day token is valid.
2026-06-01 13:48:05 | INFO | samsung_auto_trader | Token reuse: cached same-day token is valid.
2026-06-01 13:48:10 | INFO | samsung_auto_trader | Holdings after buy | cash_available=8136705 | total_eval_amount=9583677 | samsung_holding={'symbol': '005930', 'qty': 3, 'sellable_qty': 3, 'avg_price': 0}
2026-06-01 13:48:10 | INFO | samsung_auto_trader | 
====================================================================
[STATUS] 2026-06-01 13:48:10 KST
holding | symbol=005930 qty=3 sellable_qty=3 avg_price=0
inventory_limits | initial=12 min=3 max=25 effective_position=4
open_orders | buy_open=1 sell_open=0 total_open=1
 - side=buy order_no=0000029388 time=134729 qty=1 filled=0 unfilled=1 price=348500 branch=
====================================================================
2026-06-01 13:48:10 | INFO | samsung_auto_trader | Execution check for buy: before_qty=3, after_qty=3, executed=False
2026-06-01 13:48:10 | INFO | samsung_auto_trader | Token reuse: cached same-day token is valid.
2026-06-01 13:48:16 | INFO | samsung_auto_trader | Token reuse: cached same-day token is valid.
2026-06-01 13:48:22 | INFO | samsung_auto_trader | Token reuse: cached same-day token is valid.
2026-06-01 13:48:26 | INFO | samsung_auto_trader | Token reuse: cached same-day token is valid.
2026-06-01 13:48:30 | INFO | samsung_auto_trader | Token reuse: cached same-day token is valid.
2026-06-01 13:48:35 | INFO | samsung_auto_trader | Token reuse: cached same-day token is valid.
2026-06-01 13:48:39 | INFO | samsung_auto_trader | Token reuse: cached same-day token is valid.
2026-06-01 13:48:42 | INFO | samsung_auto_trader | Token reuse: cached same-day token is valid.
2026-06-01 13:48:45 | INFO | samsung_auto_trader | Skipping sell this cycle | holding_qty=3 sell_open=0 min_position=3
2026-06-01 13:48:45 | INFO | samsung_auto_trader | Trade cycle finished.
2026-06-01 13:49:05 | INFO | samsung_auto_trader | Starting trade cycle.
2026-06-01 13:49:05 | INFO | samsung_auto_trader | Token reuse: cached same-day token is valid.
2026-06-01 13:49:08 | INFO | samsung_auto_trader | Current price: 348500 KRW | inferred_tick_size=500
2026-06-01 13:49:08 | INFO | samsung_auto_trader | Token reuse: cached same-day token is valid.
2026-06-01 13:49:14 | INFO | samsung_auto_trader | Token reuse: cached same-day token is valid.
2026-06-01 13:49:21 | INFO | samsung_auto_trader | Token reuse: cached same-day token is valid.
2026-06-01 13:49:22 | INFO | samsung_auto_trader | Token reuse: cached same-day token is valid.
2026-06-01 13:49:24 | INFO | samsung_auto_trader | Token reuse: cached same-day token is valid.
2026-06-01 13:49:26 | INFO | samsung_auto_trader | Token reuse: cached same-day token is valid.
2026-06-01 13:49:27 | INFO | samsung_auto_trader | Token reuse: cached same-day token is valid.
2026-06-01 13:49:28 | INFO | samsung_auto_trader | Token reuse: cached same-day token is valid.
2026-06-01 13:49:32 | INFO | samsung_auto_trader | Token reuse: cached same-day token is valid.
2026-06-01 13:49:36 | INFO | samsung_auto_trader | Token reuse: cached same-day token is valid.
2026-06-01 13:49:40 | INFO | samsung_auto_trader | Holdings before order | cash_available=8136705 | total_eval_amount=9581127 | samsung_holding={'symbol': '005930', 'qty': 4, 'sellable_qty': 4, 'avg_price': 0}
2026-06-01 13:49:40 | INFO | samsung_auto_trader | 
====================================================================
[STATUS] 2026-06-01 13:49:40 KST
holding | symbol=005930 qty=4 sellable_qty=4 avg_price=0
inventory_limits | initial=12 min=3 max=25 effective_position=4
open_orders | buy_open=0 sell_open=0 total_open=0
 - no open orders
====================================================================
2026-06-01 13:49:40 | INFO | samsung_auto_trader | Price normalized by tick size | current=348500 tick=500 raw_buy=347500 buy=347500 raw_sell=349500 sell=349500
2026-06-01 13:49:40 | INFO | samsung_auto_trader | Buy order request: qty=1, price=347500
2026-06-01 13:49:40 | INFO | samsung_auto_trader | Token reuse: cached same-day token is valid.
2026-06-01 13:49:40 | INFO | samsung_auto_trader | Buy order accepted | order_no=00950 | order_time=134940 | qty=1 | price=347500
2026-06-01 13:49:40 | INFO | samsung_auto_trader | Waiting 5 seconds before post-buy balance check.
2026-06-01 13:49:45 | INFO | samsung_auto_trader | Token reuse: cached same-day token is valid.
2026-06-01 13:49:45 | WARNING | samsung_auto_trader | API request failed (GET /uapi/domestic-stock/v1/trading/inquire-balance, attempt 1/3): ('Connection aborted.', RemoteDisconnected('Remote end closed connection without response'))
2026-06-01 13:49:52 | INFO | samsung_auto_trader | Token reuse: cached same-day token is valid.
2026-06-01 13:49:56 | INFO | samsung_auto_trader | Token reuse: cached same-day token is valid.
2026-06-01 13:49:57 | INFO | samsung_auto_trader | Token reuse: cached same-day token is valid.
2026-06-01 13:49:58 | INFO | samsung_auto_trader | Token reuse: cached same-day token is valid.
2026-06-01 13:49:59 | INFO | samsung_auto_trader | Token reuse: cached same-day token is valid.
2026-06-01 13:50:00 | INFO | samsung_auto_trader | Token reuse: cached same-day token is valid.
2026-06-01 13:50:01 | INFO | samsung_auto_trader | Token reuse: cached same-day token is valid.
2026-06-01 13:50:03 | INFO | samsung_auto_trader | Token reuse: cached same-day token is valid.
2026-06-01 13:50:06 | INFO | samsung_auto_trader | Token reuse: cached same-day token is valid.
2026-06-01 13:50:09 | INFO | samsung_auto_trader | Holdings after buy | cash_available=7790942 | total_eval_amount=9582127 | samsung_holding={'symbol': '005930', 'qty': 4, 'sellable_qty': 4, 'avg_price': 0}
2026-06-01 13:50:09 | INFO | samsung_auto_trader | 
====================================================================
[STATUS] 2026-06-01 13:50:09 KST
holding | symbol=005930 qty=4 sellable_qty=4 avg_price=0
inventory_limits | initial=12 min=3 max=25 effective_position=5
open_orders | buy_open=1 sell_open=0 total_open=1
 - side=buy order_no=0000029508 time=134940 qty=1 filled=0 unfilled=1 price=347500 branch=
====================================================================
2026-06-01 13:50:09 | INFO | samsung_auto_trader | Execution check for buy: before_qty=4, after_qty=4, executed=False
2026-06-01 13:50:09 | INFO | samsung_auto_trader | Token reuse: cached same-day token is valid.
2026-06-01 13:50:12 | INFO | samsung_auto_trader | Token reuse: cached same-day token is valid.
2026-06-01 13:50:14 | INFO | samsung_auto_trader | Token reuse: cached same-day token is valid.
2026-06-01 13:50:16 | INFO | samsung_auto_trader | Token reuse: cached same-day token is valid.
2026-06-01 13:50:19 | INFO | samsung_auto_trader | Token reuse: cached same-day token is valid.
2026-06-01 13:50:28 | INFO | samsung_auto_trader | Token reuse: cached same-day token is valid.
2026-06-01 13:50:36 | INFO | samsung_auto_trader | Token reuse: cached same-day token is valid.
2026-06-01 13:50:43 | INFO | samsung_auto_trader | Token reuse: cached same-day token is valid.
2026-06-01 13:50:49 | INFO | samsung_auto_trader | Sell order request: qty=1, price=349500 | sellable_qty=4 min_position=3
2026-06-01 13:50:49 | INFO | samsung_auto_trader | Token reuse: cached same-day token is valid.
2026-06-01 13:50:52 | INFO | samsung_auto_trader | Sell order accepted | order_no=00950 | order_time=135052 | qty=1 | price=349500
2026-06-01 13:50:52 | INFO | samsung_auto_trader | Waiting 5 seconds before post-sell balance check.
2026-06-01 13:50:57 | INFO | samsung_auto_trader | Token reuse: cached same-day token is valid.
2026-06-01 13:50:57 | WARNING | samsung_auto_trader | API request failed (GET /uapi/domestic-stock/v1/trading/inquire-balance, attempt 1/3): ('Connection aborted.', RemoteDisconnected('Remote end closed connection without response'))
2026-06-01 13:51:05 | INFO | samsung_auto_trader | Token reuse: cached same-day token is valid.
2026-06-01 13:51:13 | INFO | samsung_auto_trader | Token reuse: cached same-day token is valid.
2026-06-01 13:51:21 | INFO | samsung_auto_trader | Token reuse: cached same-day token is valid.
2026-06-01 13:51:29 | INFO | samsung_auto_trader | Token reuse: cached same-day token is valid.
2026-06-01 13:51:37 | INFO | samsung_auto_trader | Token reuse: cached same-day token is valid.
2026-06-01 13:51:44 | INFO | samsung_auto_trader | Token reuse: cached same-day token is valid.
2026-06-01 13:51:50 | INFO | samsung_auto_trader | Token reuse: cached same-day token is valid.
2026-06-01 13:51:50 | WARNING | samsung_auto_trader | API request failed (GET /uapi/domestic-stock/v1/trading/inquire-daily-ccld, attempt 1/3): ('Connection aborted.', RemoteDisconnected('Remote end closed connection without response'))
2026-06-01 13:51:52 | INFO | samsung_auto_trader | Token reuse: cached same-day token is valid.
2026-06-01 13:51:52 | WARNING | samsung_auto_trader | API request failed (GET /uapi/domestic-stock/v1/trading/inquire-daily-ccld, attempt 1/3): Retryable HTTP 500: {"rt_cd":"1","msg1":"초당 거래건수를 초과하였습니다.","msg_cd":"EGW00201","message":"EGW00201"}
2026-06-01 13:51:59 | INFO | samsung_auto_trader | Token reuse: cached same-day token is valid.
2026-06-01 13:52:06 | INFO | samsung_auto_trader | Token reuse: cached same-day token is valid.
2026-06-01 13:52:14 | INFO | samsung_auto_trader | Holdings after sell | cash_available=7790942 | total_eval_amount=9584127 | samsung_holding={'symbol': '005930', 'qty': 4, 'sellable_qty': 3, 'avg_price': 0}
2026-06-01 13:52:14 | INFO | samsung_auto_trader | 
====================================================================
[STATUS] 2026-06-01 13:52:14 KST
holding | symbol=005930 qty=4 sellable_qty=3 avg_price=0
inventory_limits | initial=12 min=3 max=25 effective_position=4
open_orders | buy_open=1 sell_open=1 total_open=2
 - side=sell order_no=0000029576 time=135052 qty=1 filled=0 unfilled=1 price=349500 branch=
 - side=buy order_no=0000029508 time=134940 qty=1 filled=0 unfilled=1 price=347500 branch=
====================================================================
2026-06-01 13:52:14 | INFO | samsung_auto_trader | Execution check for sell: before_qty=4, after_qty=4, executed=False
2026-06-01 13:52:14 | INFO | samsung_auto_trader | Trade cycle finished.
2026-06-01 13:52:34 | INFO | samsung_auto_trader | Starting trade cycle.
2026-06-01 13:52:34 | INFO | samsung_auto_trader | Token reuse: cached same-day token is valid.
2026-06-01 13:52:36 | INFO | samsung_auto_trader | Current price: 349000 KRW | inferred_tick_size=500
2026-06-01 13:52:36 | INFO | samsung_auto_trader | Token reuse: cached same-day token is valid.
2026-06-01 13:52:43 | INFO | samsung_auto_trader | Token reuse: cached same-day token is valid.
2026-06-01 13:52:50 | INFO | samsung_auto_trader | Token reuse: cached same-day token is valid.
2026-06-01 13:52:56 | INFO | samsung_auto_trader | Token reuse: cached same-day token is valid.
2026-06-01 13:53:01 | INFO | samsung_auto_trader | Token reuse: cached same-day token is valid.
2026-06-01 13:53:03 | INFO | samsung_auto_trader | Token reuse: cached same-day token is valid.
2026-06-01 13:53:05 | INFO | samsung_auto_trader | Token reuse: cached same-day token is valid.
2026-06-01 13:53:07 | INFO | samsung_auto_trader | Token reuse: cached same-day token is valid.
2026-06-01 13:53:10 | INFO | samsung_auto_trader | Token reuse: cached same-day token is valid.
2026-06-01 13:53:13 | INFO | samsung_auto_trader | Token reuse: cached same-day token is valid.
2026-06-01 13:53:15 | INFO | samsung_auto_trader | Token reuse: cached same-day token is valid.
2026-06-01 13:53:17 | INFO | samsung_auto_trader | Holdings before order | cash_available=8137652 | total_eval_amount=9585378 | samsung_holding={'symbol': '005930', 'qty': 3, 'sellable_qty': 3, 'avg_price': 0}
2026-06-01 13:53:17 | INFO | samsung_auto_trader | 
====================================================================
[STATUS] 2026-06-01 13:53:17 KST
holding | symbol=005930 qty=3 sellable_qty=3 avg_price=0
inventory_limits | initial=12 min=3 max=25 effective_position=4
open_orders | buy_open=1 sell_open=0 total_open=1
 - side=buy order_no=0000029508 time=134940 qty=1 filled=0 unfilled=1 price=347500 branch=
====================================================================
2026-06-01 13:53:17 | INFO | samsung_auto_trader | Price normalized by tick size | current=349000 tick=500 raw_buy=348000 buy=348000 raw_sell=350000 sell=350000
2026-06-01 13:53:17 | INFO | samsung_auto_trader | Skipping sell this cycle | holding_qty=3 sell_open=0 min_position=3
2026-06-01 13:53:17 | INFO | samsung_auto_trader | Buy order request: qty=1, price=348000
2026-06-01 13:53:17 | INFO | samsung_auto_trader | Token reuse: cached same-day token is valid.
2026-06-01 13:53:21 | INFO | samsung_auto_trader | Buy order accepted | order_no=00950 | order_time=135321 | qty=1 | price=348000
2026-06-01 13:53:21 | INFO | samsung_auto_trader | Waiting 5 seconds before post-buy balance check.
2026-06-01 13:53:26 | INFO | samsung_auto_trader | Token reuse: cached same-day token is valid.
2026-06-01 13:53:29 | INFO | samsung_auto_trader | Token reuse: cached same-day token is valid.
2026-06-01 13:53:31 | INFO | samsung_auto_trader | Token reuse: cached same-day token is valid.
2026-06-01 13:53:34 | INFO | samsung_auto_trader | Token reuse: cached same-day token is valid.
2026-06-01 13:53:37 | INFO | samsung_auto_trader | Token reuse: cached same-day token is valid.
2026-06-01 13:53:40 | INFO | samsung_auto_trader | Token reuse: cached same-day token is valid.
2026-06-01 13:53:42 | INFO | samsung_auto_trader | Token reuse: cached same-day token is valid.
2026-06-01 13:53:44 | INFO | samsung_auto_trader | Token reuse: cached same-day token is valid.
2026-06-01 13:53:47 | INFO | samsung_auto_trader | Token reuse: cached same-day token is valid.
2026-06-01 13:53:49 | INFO | samsung_auto_trader | Token reuse: cached same-day token is valid.
2026-06-01 13:53:51 | INFO | samsung_auto_trader | Token reuse: cached same-day token is valid.
2026-06-01 13:53:55 | INFO | samsung_auto_trader | Holdings after buy | cash_available=7791392 | total_eval_amount=9583878 | samsung_holding={'symbol': '005930', 'qty': 3, 'sellable_qty': 3, 'avg_price': 0}
2026-06-01 13:53:55 | INFO | samsung_auto_trader | 
====================================================================
[STATUS] 2026-06-01 13:53:55 KST
holding | symbol=005930 qty=3 sellable_qty=3 avg_price=0
inventory_limits | initial=12 min=3 max=25 effective_position=5
open_orders | buy_open=2 sell_open=0 total_open=2
 - side=buy order_no=0000029721 time=135321 qty=1 filled=0 unfilled=1 price=348000 branch=
 - side=buy order_no=0000029508 time=134940 qty=1 filled=0 unfilled=1 price=347500 branch=
====================================================================
2026-06-01 13:53:55 | INFO | samsung_auto_trader | Execution check for buy: before_qty=3, after_qty=3, executed=False
2026-06-01 13:53:55 | INFO | samsung_auto_trader | Token reuse: cached same-day token is valid.
2026-06-01 13:53:58 | INFO | samsung_auto_trader | Token reuse: cached same-day token is valid.
2026-06-01 13:54:01 | INFO | samsung_auto_trader | Token reuse: cached same-day token is valid.
2026-06-01 13:54:07 | INFO | samsung_auto_trader | Token reuse: cached same-day token is valid.
2026-06-01 13:54:13 | INFO | samsung_auto_trader | Token reuse: cached same-day token is valid.
2026-06-01 13:54:18 | INFO | samsung_auto_trader | Token reuse: cached same-day token is valid.
2026-06-01 13:54:23 | INFO | samsung_auto_trader | Token reuse: cached same-day token is valid.
2026-06-01 13:54:27 | INFO | samsung_auto_trader | Token reuse: cached same-day token is valid.
2026-06-01 13:54:31 | INFO | samsung_auto_trader | Token reuse: cached same-day token is valid.
2026-06-01 13:54:34 | INFO | samsung_auto_trader | Skipping sell this cycle | holding_qty=3 sell_open=0 min_position=3
2026-06-01 13:54:34 | INFO | samsung_auto_trader | Trade cycle finished.
2026-06-01 13:54:54 | INFO | samsung_auto_trader | Starting trade cycle.
2026-06-01 13:54:54 | INFO | samsung_auto_trader | Token reuse: cached same-day token is valid.
2026-06-01 13:54:54 | INFO | samsung_auto_trader | Current price: 349250 KRW | inferred_tick_size=500
2026-06-01 13:54:55 | INFO | samsung_auto_trader | Token reuse: cached same-day token is valid.
2026-06-01 13:54:59 | INFO | samsung_auto_trader | Token reuse: cached same-day token is valid.
2026-06-01 13:55:03 | INFO | samsung_auto_trader | Token reuse: cached same-day token is valid.
2026-06-01 13:55:09 | INFO | samsung_auto_trader | Token reuse: cached same-day token is valid.
2026-06-01 13:55:16 | INFO | samsung_auto_trader | Token reuse: cached same-day token is valid.
2026-06-01 13:55:24 | INFO | samsung_auto_trader | Token reuse: cached same-day token is valid.
2026-06-01 13:55:31 | INFO | samsung_auto_trader | Token reuse: cached same-day token is valid.
2026-06-01 13:55:32 | INFO | samsung_auto_trader | Token reuse: cached same-day token is valid.
2026-06-01 13:55:33 | INFO | samsung_auto_trader | Token reuse: cached same-day token is valid.
2026-06-01 13:55:34 | INFO | samsung_auto_trader | Token reuse: cached same-day token is valid.
2026-06-01 13:55:35 | INFO | samsung_auto_trader | Token reuse: cached same-day token is valid.
2026-06-01 13:55:35 | WARNING | samsung_auto_trader | API request failed (GET /uapi/domestic-stock/v1/trading/inquire-daily-ccld, attempt 1/3): Retryable HTTP 500: {"rt_cd":"1","msg1":"초당 거래건수를 초과하였습니다.","msg_cd":"EGW00201","message":"EGW00201"}
2026-06-01 13:55:38 | INFO | samsung_auto_trader | Holdings before order | cash_available=7791392 | total_eval_amount=9583878 | samsung_holding={'symbol': '005930', 'qty': 3, 'sellable_qty': 3, 'avg_price': 0}
2026-06-01 13:55:38 | INFO | samsung_auto_trader | 
====================================================================
[STATUS] 2026-06-01 13:55:38 KST
holding | symbol=005930 qty=3 sellable_qty=3 avg_price=0
inventory_limits | initial=12 min=3 max=25 effective_position=5
open_orders | buy_open=2 sell_open=0 total_open=2
 - side=buy order_no=0000029721 time=135321 qty=1 filled=0 unfilled=1 price=348000 branch=
 - side=buy order_no=0000029508 time=134940 qty=1 filled=0 unfilled=1 price=347500 branch=
====================================================================
2026-06-01 13:55:38 | INFO | samsung_auto_trader | Price normalized by tick size | current=349250 tick=500 raw_buy=348250 buy=348000 raw_sell=350250 sell=350500
2026-06-01 13:55:38 | INFO | samsung_auto_trader | Skipping sell this cycle | holding_qty=3 sell_open=0 min_position=3
2026-06-01 13:55:38 | INFO | samsung_auto_trader | Buy order request: qty=1, price=348000
2026-06-01 13:55:38 | INFO | samsung_auto_trader | Token reuse: cached same-day token is valid.
2026-06-01 13:55:42 | INFO | samsung_auto_trader | Buy order accepted | order_no=00950 | order_time=135541 | qty=1 | price=348000
2026-06-01 13:55:42 | INFO | samsung_auto_trader | Waiting 5 seconds before post-buy balance check.
2026-06-01 13:55:47 | INFO | samsung_auto_trader | Token reuse: cached same-day token is valid.
2026-06-01 13:55:47 | WARNING | samsung_auto_trader | API request failed (GET /uapi/domestic-stock/v1/trading/inquire-balance, attempt 1/3): ('Connection aborted.', RemoteDisconnected('Remote end closed connection without response'))
2026-06-01 13:55:52 | INFO | samsung_auto_trader | Token reuse: cached same-day token is valid.
2026-06-01 13:55:56 | INFO | samsung_auto_trader | Token reuse: cached same-day token is valid.
2026-06-01 13:55:57 | INFO | samsung_auto_trader | Token reuse: cached same-day token is valid.
2026-06-01 13:55:58 | WARNING | samsung_auto_trader | API request failed (GET /uapi/domestic-stock/v1/trading/inquire-daily-ccld, attempt 1/3): Retryable HTTP 500: {"rt_cd":"1","msg1":"초당 거래건수를 초과하였습니다.","msg_cd":"EGW00201","message":"EGW00201"}
2026-06-01 13:56:05 | INFO | samsung_auto_trader | Token reuse: cached same-day token is valid.
2026-06-01 13:56:11 | INFO | samsung_auto_trader | Token reuse: cached same-day token is valid.
2026-06-01 13:56:14 | INFO | samsung_auto_trader | Token reuse: cached same-day token is valid.
2026-06-01 13:56:15 | INFO | samsung_auto_trader | Token reuse: cached same-day token is valid.
2026-06-01 13:56:18 | INFO | samsung_auto_trader | Token reuse: cached same-day token is valid.
2026-06-01 13:56:20 | INFO | samsung_auto_trader | Token reuse: cached same-day token is valid.
2026-06-01 13:56:22 | INFO | samsung_auto_trader | Token reuse: cached same-day token is valid.
2026-06-01 13:56:25 | INFO | samsung_auto_trader | Holdings after buy | cash_available=7445132 | total_eval_amount=9585378 | samsung_holding={'symbol': '005930', 'qty': 3, 'sellable_qty': 3, 'avg_price': 0}
2026-06-01 13:56:25 | INFO | samsung_auto_trader | 
====================================================================
[STATUS] 2026-06-01 13:56:25 KST
holding | symbol=005930 qty=3 sellable_qty=3 avg_price=0
inventory_limits | initial=12 min=3 max=25 effective_position=6
open_orders | buy_open=3 sell_open=0 total_open=3
 - side=buy order_no=0000029844 time=135541 qty=1 filled=0 unfilled=1 price=348000 branch=
 - side=buy order_no=0000029721 time=135321 qty=1 filled=0 unfilled=1 price=348000 branch=
 - side=buy order_no=0000029508 time=134940 qty=1 filled=0 unfilled=1 price=347500 branch=
====================================================================
2026-06-01 13:56:25 | INFO | samsung_auto_trader | Execution check for buy: before_qty=3, after_qty=3, executed=False
2026-06-01 13:56:25 | INFO | samsung_auto_trader | Token reuse: cached same-day token is valid.
2026-06-01 13:56:27 | INFO | samsung_auto_trader | Token reuse: cached same-day token is valid.
2026-06-01 13:56:30 | INFO | samsung_auto_trader | Token reuse: cached same-day token is valid.
2026-06-01 13:56:32 | INFO | samsung_auto_trader | Token reuse: cached same-day token is valid.
2026-06-01 13:56:34 | INFO | samsung_auto_trader | Token reuse: cached same-day token is valid.
2026-06-01 13:56:36 | INFO | samsung_auto_trader | Token reuse: cached same-day token is valid.
2026-06-01 13:56:38 | INFO | samsung_auto_trader | Token reuse: cached same-day token is valid.
2026-06-01 13:56:41 | INFO | samsung_auto_trader | Token reuse: cached same-day token is valid.
2026-06-01 13:56:44 | INFO | samsung_auto_trader | Token reuse: cached same-day token is valid.
2026-06-01 13:56:46 | INFO | samsung_auto_trader | Skipping sell this cycle | holding_qty=3 sell_open=0 min_position=3
2026-06-01 13:56:46 | INFO | samsung_auto_trader | Trade cycle finished.
2026-06-01 13:57:06 | INFO | samsung_auto_trader | Starting trade cycle.
2026-06-01 13:57:06 | INFO | samsung_auto_trader | Token reuse: cached same-day token is valid.
2026-06-01 13:57:06 | INFO | samsung_auto_trader | Current price: 349500 KRW | inferred_tick_size=500
2026-06-01 13:57:07 | INFO | samsung_auto_trader | Token reuse: cached same-day token is valid.
2026-06-01 13:57:11 | INFO | samsung_auto_trader | Token reuse: cached same-day token is valid.
2026-06-01 13:57:14 | INFO | samsung_auto_trader | Token reuse: cached same-day token is valid.
2026-06-01 13:57:16 | INFO | samsung_auto_trader | Token reuse: cached same-day token is valid.
2026-06-01 13:57:19 | INFO | samsung_auto_trader | Token reuse: cached same-day token is valid.
2026-06-01 13:57:22 | INFO | samsung_auto_trader | Token reuse: cached same-day token is valid.
2026-06-01 13:57:24 | INFO | samsung_auto_trader | Token reuse: cached same-day token is valid.
2026-06-01 13:57:26 | INFO | samsung_auto_trader | Token reuse: cached same-day token is valid.
2026-06-01 13:57:29 | INFO | samsung_auto_trader | Token reuse: cached same-day token is valid.
2026-06-01 13:57:31 | INFO | samsung_auto_trader | Token reuse: cached same-day token is valid.
2026-06-01 13:57:34 | INFO | samsung_auto_trader | Token reuse: cached same-day token is valid.
2026-06-01 13:57:36 | INFO | samsung_auto_trader | Holdings before order | cash_available=7445132 | total_eval_amount=9584628 | samsung_holding={'symbol': '005930', 'qty': 3, 'sellable_qty': 3, 'avg_price': 0}
2026-06-01 13:57:36 | INFO | samsung_auto_trader | 
====================================================================
[STATUS] 2026-06-01 13:57:36 KST
holding | symbol=005930 qty=3 sellable_qty=3 avg_price=0
inventory_limits | initial=12 min=3 max=25 effective_position=6
open_orders | buy_open=3 sell_open=0 total_open=3
 - side=buy order_no=0000029844 time=135541 qty=1 filled=0 unfilled=1 price=348000 branch=
 - side=buy order_no=0000029721 time=135321 qty=1 filled=0 unfilled=1 price=348000 branch=
 - side=buy order_no=0000029508 time=134940 qty=1 filled=0 unfilled=1 price=347500 branch=
====================================================================
2026-06-01 13:57:36 | INFO | samsung_auto_trader | Price normalized by tick size | current=349500 tick=500 raw_buy=348500 buy=348500 raw_sell=350500 sell=350500
2026-06-01 13:57:36 | INFO | samsung_auto_trader | Skipping sell this cycle | holding_qty=3 sell_open=0 min_position=3
2026-06-01 13:57:36 | INFO | samsung_auto_trader | Buy order request: qty=1, price=348500
2026-06-01 13:57:36 | INFO | samsung_auto_trader | Token reuse: cached same-day token is valid.
2026-06-01 13:57:36 | INFO | samsung_auto_trader | Buy order accepted | order_no=00950 | order_time=135736 | qty=1 | price=348500
2026-06-01 13:57:36 | INFO | samsung_auto_trader | Waiting 5 seconds before post-buy balance check.
2026-06-01 13:57:41 | INFO | samsung_auto_trader | Token reuse: cached same-day token is valid.
2026-06-01 13:57:41 | WARNING | samsung_auto_trader | API request failed (GET /uapi/domestic-stock/v1/trading/inquire-balance, attempt 1/3): ('Connection aborted.', RemoteDisconnected('Remote end closed connection without response'))
2026-06-01 13:57:50 | INFO | samsung_auto_trader | Token reuse: cached same-day token is valid.
2026-06-01 13:57:57 | INFO | samsung_auto_trader | Token reuse: cached same-day token is valid.
2026-06-01 13:57:59 | INFO | samsung_auto_trader | Token reuse: cached same-day token is valid.
2026-06-01 13:58:01 | INFO | samsung_auto_trader | Token reuse: cached same-day token is valid.
2026-06-01 13:58:04 | INFO | samsung_auto_trader | Token reuse: cached same-day token is valid.
2026-06-01 13:58:08 | INFO | samsung_auto_trader | Token reuse: cached same-day token is valid.
2026-06-01 13:58:12 | INFO | samsung_auto_trader | Token reuse: cached same-day token is valid.
2026-06-01 13:58:15 | INFO | samsung_auto_trader | Token reuse: cached same-day token is valid.
2026-06-01 13:58:18 | INFO | samsung_auto_trader | Token reuse: cached same-day token is valid.
2026-06-01 13:58:21 | INFO | samsung_auto_trader | Token reuse: cached same-day token is valid.
2026-06-01 13:58:24 | INFO | samsung_auto_trader | Holdings after buy | cash_available=7098374 | total_eval_amount=9584628 | samsung_holding={'symbol': '005930', 'qty': 3, 'sellable_qty': 3, 'avg_price': 0}
2026-06-01 13:58:24 | INFO | samsung_auto_trader | 
====================================================================
[STATUS] 2026-06-01 13:58:24 KST
holding | symbol=005930 qty=3 sellable_qty=3 avg_price=0
inventory_limits | initial=12 min=3 max=25 effective_position=7
open_orders | buy_open=4 sell_open=0 total_open=4
 - side=buy order_no=0000029954 time=135736 qty=1 filled=0 unfilled=1 price=348500 branch=
 - side=buy order_no=0000029844 time=135541 qty=1 filled=0 unfilled=1 price=348000 branch=
 - side=buy order_no=0000029721 time=135321 qty=1 filled=0 unfilled=1 price=348000 branch=
 - side=buy order_no=0000029508 time=134940 qty=1 filled=0 unfilled=1 price=347500 branch=
====================================================================
2026-06-01 13:58:24 | INFO | samsung_auto_trader | Execution check for buy: before_qty=3, after_qty=3, executed=False
2026-06-01 13:58:24 | INFO | samsung_auto_trader | Token reuse: cached same-day token is valid.
2026-06-01 13:58:27 | INFO | samsung_auto_trader | Token reuse: cached same-day token is valid.
2026-06-01 13:58:29 | INFO | samsung_auto_trader | Token reuse: cached same-day token is valid.
2026-06-01 13:58:33 | INFO | samsung_auto_trader | Token reuse: cached same-day token is valid.
2026-06-01 13:58:35 | INFO | samsung_auto_trader | Token reuse: cached same-day token is valid.
2026-06-01 13:58:37 | INFO | samsung_auto_trader | Token reuse: cached same-day token is valid.
2026-06-01 13:58:39 | INFO | samsung_auto_trader | Token reuse: cached same-day token is valid.
2026-06-01 13:58:40 | INFO | samsung_auto_trader | Token reuse: cached same-day token is valid.
2026-06-01 13:58:41 | INFO | samsung_auto_trader | Token reuse: cached same-day token is valid.
2026-06-01 13:58:43 | INFO | samsung_auto_trader | Skipping sell this cycle | holding_qty=3 sell_open=0 min_position=3
2026-06-01 13:58:43 | INFO | samsung_auto_trader | Trade cycle finished.
2026-06-01 13:59:03 | INFO | samsung_auto_trader | Starting trade cycle.
2026-06-01 13:59:03 | INFO | samsung_auto_trader | Token reuse: cached same-day token is valid.
2026-06-01 13:59:03 | INFO | samsung_auto_trader | Current price: 349750 KRW | inferred_tick_size=500
2026-06-01 13:59:04 | INFO | samsung_auto_trader | Token reuse: cached same-day token is valid.
2026-06-01 13:59:09 | INFO | samsung_auto_trader | Token reuse: cached same-day token is valid.
2026-06-01 13:59:13 | INFO | samsung_auto_trader | Token reuse: cached same-day token is valid.
2026-06-01 13:59:14 | INFO | samsung_auto_trader | Token reuse: cached same-day token is valid.
2026-06-01 13:59:15 | INFO | samsung_auto_trader | Token reuse: cached same-day token is valid.
2026-06-01 13:59:16 | INFO | samsung_auto_trader | Token reuse: cached same-day token is valid.
2026-06-01 13:59:17 | INFO | samsung_auto_trader | Token reuse: cached same-day token is valid.
2026-06-01 13:59:17 | WARNING | samsung_auto_trader | API request failed (GET /uapi/domestic-stock/v1/trading/inquire-daily-ccld, attempt 1/3): ('Connection aborted.', RemoteDisconnected('Remote end closed connection without response'))
2026-06-01 13:59:24 | INFO | samsung_auto_trader | Token reuse: cached same-day token is valid.
2026-06-01 13:59:30 | INFO | samsung_auto_trader | Token reuse: cached same-day token is valid.
2026-06-01 13:59:35 | INFO | samsung_auto_trader | Token reuse: cached same-day token is valid.
2026-06-01 13:59:40 | INFO | samsung_auto_trader | Token reuse: cached same-day token is valid.
2026-06-01 13:59:46 | INFO | samsung_auto_trader | Holdings before order | cash_available=7098374 | total_eval_amount=9586128 | samsung_holding={'symbol': '005930', 'qty': 3, 'sellable_qty': 3, 'avg_price': 0}
2026-06-01 13:59:46 | INFO | samsung_auto_trader | 
====================================================================
[STATUS] 2026-06-01 13:59:46 KST
holding | symbol=005930 qty=3 sellable_qty=3 avg_price=0
inventory_limits | initial=12 min=3 max=25 effective_position=7
open_orders | buy_open=4 sell_open=0 total_open=4
 - side=buy order_no=0000029954 time=135736 qty=1 filled=0 unfilled=1 price=348500 branch=
 - side=buy order_no=0000029844 time=135541 qty=1 filled=0 unfilled=1 price=348000 branch=
 - side=buy order_no=0000029721 time=135321 qty=1 filled=0 unfilled=1 price=348000 branch=
 - side=buy order_no=0000029508 time=134940 qty=1 filled=0 unfilled=1 price=347500 branch=
====================================================================
2026-06-01 13:59:46 | INFO | samsung_auto_trader | Price normalized by tick size | current=349750 tick=500 raw_buy=348750 buy=348500 raw_sell=350750 sell=351000
2026-06-01 13:59:46 | INFO | samsung_auto_trader | Skipping sell this cycle | holding_qty=3 sell_open=0 min_position=3
2026-06-01 13:59:46 | INFO | samsung_auto_trader | Buy order request: qty=1, price=348500
2026-06-01 13:59:46 | INFO | samsung_auto_trader | Token reuse: cached same-day token is valid.
2026-06-01 13:59:48 | INFO | samsung_auto_trader | Buy order accepted | order_no=00950 | order_time=135948 | qty=1 | price=348500
2026-06-01 13:59:48 | INFO | samsung_auto_trader | Waiting 5 seconds before post-buy balance check.
2026-06-01 13:59:53 | INFO | samsung_auto_trader | Token reuse: cached same-day token is valid.
2026-06-01 13:59:59 | INFO | samsung_auto_trader | Token reuse: cached same-day token is valid.
2026-06-01 14:00:06 | INFO | samsung_auto_trader | Token reuse: cached same-day token is valid.
2026-06-01 14:00:16 | WARNING | samsung_auto_trader | API request failed (GET /uapi/domestic-stock/v1/trading/inquire-daily-ccld, attempt 1/3): HTTPSConnectionPool(host='openapivts.koreainvestment.com', port=29443): Read timed out. (read timeout=10)
2026-06-01 14:00:20 | INFO | samsung_auto_trader | Token reuse: cached same-day token is valid.
2026-06-01 14:00:21 | INFO | samsung_auto_trader | Token reuse: cached same-day token is valid.
2026-06-01 14:00:23 | INFO | samsung_auto_trader | Token reuse: cached same-day token is valid.
2026-06-01 14:00:25 | INFO | samsung_auto_trader | Token reuse: cached same-day token is valid.
2026-06-01 14:00:27 | INFO | samsung_auto_trader | Token reuse: cached same-day token is valid.
2026-06-01 14:00:29 | INFO | samsung_auto_trader | Token reuse: cached same-day token is valid.
2026-06-01 14:00:31 | INFO | samsung_auto_trader | Token reuse: cached same-day token is valid.
2026-06-01 14:00:33 | INFO | samsung_auto_trader | Token reuse: cached same-day token is valid.
2026-06-01 14:00:34 | INFO | samsung_auto_trader | Holdings after buy | cash_available=6751617 | total_eval_amount=9586128 | samsung_holding={'symbol': '005930', 'qty': 3, 'sellable_qty': 3, 'avg_price': 0}
2026-06-01 14:00:34 | INFO | samsung_auto_trader | 
====================================================================
[STATUS] 2026-06-01 14:00:34 KST
holding | symbol=005930 qty=3 sellable_qty=3 avg_price=0
inventory_limits | initial=12 min=3 max=25 effective_position=8
open_orders | buy_open=5 sell_open=0 total_open=5
 - side=buy order_no=0000030093 time=135948 qty=1 filled=0 unfilled=1 price=348500 branch=
 - side=buy order_no=0000029954 time=135736 qty=1 filled=0 unfilled=1 price=348500 branch=
 - side=buy order_no=0000029844 time=135541 qty=1 filled=0 unfilled=1 price=348000 branch=
 - side=buy order_no=0000029721 time=135321 qty=1 filled=0 unfilled=1 price=348000 branch=
 - side=buy order_no=0000029508 time=134940 qty=1 filled=0 unfilled=1 price=347500 branch=
====================================================================
2026-06-01 14:00:34 | INFO | samsung_auto_trader | Execution check for buy: before_qty=3, after_qty=3, executed=False
2026-06-01 14:00:34 | INFO | samsung_auto_trader | Token reuse: cached same-day token is valid.
2026-06-01 14:00:36 | INFO | samsung_auto_trader | Token reuse: cached same-day token is valid.
2026-06-01 14:00:38 | INFO | samsung_auto_trader | Token reuse: cached same-day token is valid.
2026-06-01 14:00:39 | INFO | samsung_auto_trader | Token reuse: cached same-day token is valid.
2026-06-01 14:00:41 | INFO | samsung_auto_trader | Token reuse: cached same-day token is valid.
2026-06-01 14:00:43 | INFO | samsung_auto_trader | Token reuse: cached same-day token is valid.
2026-06-01 14:00:45 | INFO | samsung_auto_trader | Token reuse: cached same-day token is valid.
2026-06-01 14:00:47 | INFO | samsung_auto_trader | Token reuse: cached same-day token is valid.
2026-06-01 14:00:49 | INFO | samsung_auto_trader | Token reuse: cached same-day token is valid.
2026-06-01 14:00:51 | INFO | samsung_auto_trader | Skipping sell this cycle | holding_qty=3 sell_open=0 min_position=3
2026-06-01 14:00:51 | INFO | samsung_auto_trader | Trade cycle finished.
2026-06-01 14:01:11 | INFO | samsung_auto_trader | Starting trade cycle.
2026-06-01 14:01:11 | INFO | samsung_auto_trader | Token reuse: cached same-day token is valid.
2026-06-01 14:01:15 | INFO | samsung_auto_trader | Current price: 349000 KRW | inferred_tick_size=500
2026-06-01 14:01:15 | INFO | samsung_auto_trader | Token reuse: cached same-day token is valid.
2026-06-01 14:01:23 | INFO | samsung_auto_trader | Token reuse: cached same-day token is valid.
2026-06-01 14:01:29 | INFO | samsung_auto_trader | Token reuse: cached same-day token is valid.
2026-06-01 14:01:35 | INFO | samsung_auto_trader | Token reuse: cached same-day token is valid.
2026-06-01 14:01:41 | INFO | samsung_auto_trader | Token reuse: cached same-day token is valid.
2026-06-01 14:01:45 | INFO | samsung_auto_trader | Token reuse: cached same-day token is valid.
2026-06-01 14:01:49 | INFO | samsung_auto_trader | Token reuse: cached same-day token is valid.
2026-06-01 14:01:52 | INFO | samsung_auto_trader | Token reuse: cached same-day token is valid.
2026-06-01 14:01:55 | INFO | samsung_auto_trader | Token reuse: cached same-day token is valid.
2026-06-01 14:01:58 | INFO | samsung_auto_trader | Token reuse: cached same-day token is valid.
2026-06-01 14:02:01 | INFO | samsung_auto_trader | Token reuse: cached same-day token is valid.
2026-06-01 14:02:04 | INFO | samsung_auto_trader | Holdings before order | cash_available=6751617 | total_eval_amount=9585378 | samsung_holding={'symbol': '005930', 'qty': 3, 'sellable_qty': 3, 'avg_price': 0}
2026-06-01 14:02:04 | INFO | samsung_auto_trader | 
====================================================================
[STATUS] 2026-06-01 14:02:04 KST
holding | symbol=005930 qty=3 sellable_qty=3 avg_price=0
inventory_limits | initial=12 min=3 max=25 effective_position=8
open_orders | buy_open=5 sell_open=0 total_open=5
 - side=buy order_no=0000030093 time=135948 qty=1 filled=0 unfilled=1 price=348500 branch=
 - side=buy order_no=0000029954 time=135736 qty=1 filled=0 unfilled=1 price=348500 branch=
 - side=buy order_no=0000029844 time=135541 qty=1 filled=0 unfilled=1 price=348000 branch=
 - side=buy order_no=0000029721 time=135321 qty=1 filled=0 unfilled=1 price=348000 branch=
 - side=buy order_no=0000029508 time=134940 qty=1 filled=0 unfilled=1 price=347500 branch=
====================================================================
2026-06-01 14:02:04 | INFO | samsung_auto_trader | Price normalized by tick size | current=349000 tick=500 raw_buy=348000 buy=348000 raw_sell=350000 sell=350000
2026-06-01 14:02:04 | INFO | samsung_auto_trader | Skipping sell this cycle | holding_qty=3 sell_open=0 min_position=3
2026-06-01 14:02:04 | INFO | samsung_auto_trader | Buy order request: qty=1, price=348000
2026-06-01 14:02:04 | INFO | samsung_auto_trader | Token reuse: cached same-day token is valid.
2026-06-01 14:02:04 | INFO | samsung_auto_trader | Buy order accepted | order_no=00950 | order_time=140204 | qty=1 | price=348000
2026-06-01 14:02:04 | INFO | samsung_auto_trader | Waiting 5 seconds before post-buy balance check.
2026-06-01 14:02:09 | INFO | samsung_auto_trader | Token reuse: cached same-day token is valid.
2026-06-01 14:02:09 | WARNING | samsung_auto_trader | API request failed (GET /uapi/domestic-stock/v1/trading/inquire-balance, attempt 1/3): ('Connection aborted.', RemoteDisconnected('Remote end closed connection without response'))
2026-06-01 14:02:20 | INFO | samsung_auto_trader | Token reuse: cached same-day token is valid.
2026-06-01 14:02:27 | INFO | samsung_auto_trader | Token reuse: cached same-day token is valid.
2026-06-01 14:02:30 | INFO | samsung_auto_trader | Token reuse: cached same-day token is valid.
2026-06-01 14:02:30 | WARNING | samsung_auto_trader | API request failed (GET /uapi/domestic-stock/v1/trading/inquire-daily-ccld, attempt 1/3): ('Connection aborted.', RemoteDisconnected('Remote end closed connection without response'))
2026-06-01 14:02:35 | INFO | samsung_auto_trader | Token reuse: cached same-day token is valid.
2026-06-01 14:02:39 | INFO | samsung_auto_trader | Token reuse: cached same-day token is valid.
2026-06-01 14:02:43 | INFO | samsung_auto_trader | Token reuse: cached same-day token is valid.
2026-06-01 14:02:47 | INFO | samsung_auto_trader | Token reuse: cached same-day token is valid.
2026-06-01 14:02:52 | INFO | samsung_auto_trader | Token reuse: cached same-day token is valid.
2026-06-01 14:02:57 | INFO | samsung_auto_trader | Token reuse: cached same-day token is valid.
2026-06-01 14:03:02 | INFO | samsung_auto_trader | Token reuse: cached same-day token is valid.
2026-06-01 14:03:08 | INFO | samsung_auto_trader | Holdings after buy | cash_available=6405357 | total_eval_amount=9582278 | samsung_holding={'symbol': '005930', 'qty': 5, 'sellable_qty': 5, 'avg_price': 0}
2026-06-01 14:03:08 | INFO | samsung_auto_trader | 
====================================================================
[STATUS] 2026-06-01 14:03:08 KST
holding | symbol=005930 qty=5 sellable_qty=5 avg_price=0
inventory_limits | initial=12 min=3 max=25 effective_position=9
open_orders | buy_open=4 sell_open=0 total_open=4
 - side=buy order_no=0000030272 time=140204 qty=1 filled=0 unfilled=1 price=348000 branch=
 - side=buy order_no=0000029844 time=135541 qty=1 filled=0 unfilled=1 price=348000 branch=
 - side=buy order_no=0000029721 time=135321 qty=1 filled=0 unfilled=1 price=348000 branch=
 - side=buy order_no=0000029508 time=134940 qty=1 filled=0 unfilled=1 price=347500 branch=
====================================================================
2026-06-01 14:03:08 | INFO | samsung_auto_trader | Execution check for buy: before_qty=3, after_qty=5, executed=True
2026-06-01 14:03:08 | INFO | samsung_auto_trader | Token reuse: cached same-day token is valid.
2026-06-01 14:03:14 | INFO | samsung_auto_trader | Token reuse: cached same-day token is valid.
2026-06-01 14:03:21 | INFO | samsung_auto_trader | Token reuse: cached same-day token is valid.
2026-06-01 14:03:27 | INFO | samsung_auto_trader | Token reuse: cached same-day token is valid.
2026-06-01 14:03:33 | INFO | samsung_auto_trader | Token reuse: cached same-day token is valid.
2026-06-01 14:03:39 | INFO | samsung_auto_trader | Token reuse: cached same-day token is valid.
2026-06-01 14:03:46 | INFO | samsung_auto_trader | Token reuse: cached same-day token is valid.
2026-06-01 14:03:51 | INFO | samsung_auto_trader | Token reuse: cached same-day token is valid.
2026-06-01 14:03:57 | INFO | samsung_auto_trader | Token reuse: cached same-day token is valid.
2026-06-01 14:04:03 | INFO | samsung_auto_trader | Sell order request: qty=1, price=350000 | sellable_qty=5 min_position=3
2026-06-01 14:04:03 | INFO | samsung_auto_trader | Token reuse: cached same-day token is valid.
2026-06-01 14:04:05 | INFO | samsung_auto_trader | Sell order accepted | order_no=00950 | order_time=140405 | qty=1 | price=350000
2026-06-01 14:04:05 | INFO | samsung_auto_trader | Waiting 5 seconds before post-sell balance check.
2026-06-01 14:04:10 | INFO | samsung_auto_trader | Token reuse: cached same-day token is valid.
2026-06-01 14:04:17 | INFO | samsung_auto_trader | Token reuse: cached same-day token is valid.
2026-06-01 14:04:24 | INFO | samsung_auto_trader | Token reuse: cached same-day token is valid.
2026-06-01 14:04:31 | INFO | samsung_auto_trader | Token reuse: cached same-day token is valid.
2026-06-01 14:04:38 | INFO | samsung_auto_trader | Token reuse: cached same-day token is valid.
2026-06-01 14:04:45 | INFO | samsung_auto_trader | Token reuse: cached same-day token is valid.
2026-06-01 14:04:52 | INFO | samsung_auto_trader | Token reuse: cached same-day token is valid.
2026-06-01 14:04:57 | INFO | samsung_auto_trader | Token reuse: cached same-day token is valid.
2026-06-01 14:05:03 | INFO | samsung_auto_trader | Token reuse: cached same-day token is valid.
2026-06-01 14:05:11 | INFO | samsung_auto_trader | Token reuse: cached same-day token is valid.
2026-06-01 14:05:18 | INFO | samsung_auto_trader | Token reuse: cached same-day token is valid.
2026-06-01 14:05:26 | INFO | samsung_auto_trader | Holdings after sell | cash_available=6405357 | total_eval_amount=9582278 | samsung_holding={'symbol': '005930', 'qty': 5, 'sellable_qty': 4, 'avg_price': 0}
2026-06-01 14:05:26 | INFO | samsung_auto_trader | 
====================================================================
[STATUS] 2026-06-01 14:05:26 KST
holding | symbol=005930 qty=5 sellable_qty=4 avg_price=0
inventory_limits | initial=12 min=3 max=25 effective_position=8
open_orders | buy_open=4 sell_open=1 total_open=5
 - side=sell order_no=0000030420 time=140405 qty=1 filled=0 unfilled=1 price=350000 branch=
 - side=buy order_no=0000030272 time=140204 qty=1 filled=0 unfilled=1 price=348000 branch=
 - side=buy order_no=0000029844 time=135541 qty=1 filled=0 unfilled=1 price=348000 branch=
 - side=buy order_no=0000029721 time=135321 qty=1 filled=0 unfilled=1 price=348000 branch=
 - side=buy order_no=0000029508 time=134940 qty=1 filled=0 unfilled=1 price=347500 branch=
====================================================================
2026-06-01 14:05:26 | INFO | samsung_auto_trader | Execution check for sell: before_qty=5, after_qty=5, executed=False
2026-06-01 14:05:26 | INFO | samsung_auto_trader | Trade cycle finished.
2026-06-01 14:05:46 | INFO | samsung_auto_trader | Starting trade cycle.
2026-06-01 14:05:46 | INFO | samsung_auto_trader | Token reuse: cached same-day token is valid.
2026-06-01 14:05:48 | INFO | samsung_auto_trader | Current price: 349250 KRW | inferred_tick_size=500
2026-06-01 14:05:48 | INFO | samsung_auto_trader | Token reuse: cached same-day token is valid.
2026-06-01 14:05:54 | INFO | samsung_auto_trader | Token reuse: cached same-day token is valid.
2026-06-01 14:05:59 | INFO | samsung_auto_trader | Token reuse: cached same-day token is valid.
2026-06-01 14:06:00 | INFO | samsung_auto_trader | Token reuse: cached same-day token is valid.
2026-06-01 14:06:01 | INFO | samsung_auto_trader | Token reuse: cached same-day token is valid.
2026-06-01 14:06:03 | INFO | samsung_auto_trader | Token reuse: cached same-day token is valid.
2026-06-01 14:06:05 | INFO | samsung_auto_trader | Token reuse: cached same-day token is valid.
2026-06-01 14:06:06 | INFO | samsung_auto_trader | Token reuse: cached same-day token is valid.
2026-06-01 14:06:08 | INFO | samsung_auto_trader | Token reuse: cached same-day token is valid.
2026-06-01 14:06:10 | INFO | samsung_auto_trader | Token reuse: cached same-day token is valid.
2026-06-01 14:06:12 | INFO | samsung_auto_trader | Token reuse: cached same-day token is valid.
2026-06-01 14:06:14 | INFO | samsung_auto_trader | Holdings before order | cash_available=6752562 | total_eval_amount=9587028 | samsung_holding={'symbol': '005930', 'qty': 4, 'sellable_qty': 4, 'avg_price': 0}
2026-06-01 14:06:14 | INFO | samsung_auto_trader | 
====================================================================
[STATUS] 2026-06-01 14:06:14 KST
holding | symbol=005930 qty=4 sellable_qty=4 avg_price=0
inventory_limits | initial=12 min=3 max=25 effective_position=8
open_orders | buy_open=4 sell_open=0 total_open=4
 - side=buy order_no=0000030272 time=140204 qty=1 filled=0 unfilled=1 price=348000 branch=
 - side=buy order_no=0000029844 time=135541 qty=1 filled=0 unfilled=1 price=348000 branch=
 - side=buy order_no=0000029721 time=135321 qty=1 filled=0 unfilled=1 price=348000 branch=
 - side=buy order_no=0000029508 time=134940 qty=1 filled=0 unfilled=1 price=347500 branch=
====================================================================
2026-06-01 14:06:14 | INFO | samsung_auto_trader | Price normalized by tick size | current=349250 tick=500 raw_buy=348250 buy=348000 raw_sell=350250 sell=350500
2026-06-01 14:06:14 | INFO | samsung_auto_trader | Buy order request: qty=1, price=348000
2026-06-01 14:06:14 | INFO | samsung_auto_trader | Token reuse: cached same-day token is valid.
2026-06-01 14:06:19 | INFO | samsung_auto_trader | Buy order accepted | order_no=00950 | order_time=140618 | qty=1 | price=348000
2026-06-01 14:06:19 | INFO | samsung_auto_trader | Waiting 5 seconds before post-buy balance check.
2026-06-01 14:06:24 | INFO | samsung_auto_trader | Token reuse: cached same-day token is valid.
2026-06-01 14:06:31 | INFO | samsung_auto_trader | Token reuse: cached same-day token is valid.
2026-06-01 14:06:38 | INFO | samsung_auto_trader | Token reuse: cached same-day token is valid.
2026-06-01 14:06:39 | INFO | samsung_auto_trader | Token reuse: cached same-day token is valid.
2026-06-01 14:06:40 | INFO | samsung_auto_trader | Token reuse: cached same-day token is valid.
2026-06-01 14:06:41 | INFO | samsung_auto_trader | Token reuse: cached same-day token is valid.
2026-06-01 14:06:42 | INFO | samsung_auto_trader | Token reuse: cached same-day token is valid.
2026-06-01 14:06:45 | INFO | samsung_auto_trader | Token reuse: cached same-day token is valid.
2026-06-01 14:06:46 | INFO | samsung_auto_trader | Token reuse: cached same-day token is valid.
2026-06-01 14:06:48 | INFO | samsung_auto_trader | Token reuse: cached same-day token is valid.
2026-06-01 14:06:50 | INFO | samsung_auto_trader | Token reuse: cached same-day token is valid.
2026-06-01 14:06:51 | INFO | samsung_auto_trader | Holdings after buy | cash_available=6406302 | total_eval_amount=9587028 | samsung_holding={'symbol': '005930', 'qty': 4, 'sellable_qty': 4, 'avg_price': 0}
2026-06-01 14:06:51 | INFO | samsung_auto_trader | 
====================================================================
[STATUS] 2026-06-01 14:06:51 KST
holding | symbol=005930 qty=4 sellable_qty=4 avg_price=0
inventory_limits | initial=12 min=3 max=25 effective_position=9
open_orders | buy_open=5 sell_open=0 total_open=5
 - side=buy order_no=0000030567 time=140618 qty=1 filled=0 unfilled=1 price=348000 branch=
 - side=buy order_no=0000030272 time=140204 qty=1 filled=0 unfilled=1 price=348000 branch=
 - side=buy order_no=0000029844 time=135541 qty=1 filled=0 unfilled=1 price=348000 branch=
 - side=buy order_no=0000029721 time=135321 qty=1 filled=0 unfilled=1 price=348000 branch=
 - side=buy order_no=0000029508 time=134940 qty=1 filled=0 unfilled=1 price=347500 branch=
====================================================================
2026-06-01 14:06:51 | INFO | samsung_auto_trader | Execution check for buy: before_qty=4, after_qty=4, executed=False
2026-06-01 14:06:51 | INFO | samsung_auto_trader | Token reuse: cached same-day token is valid.
2026-06-01 14:06:53 | INFO | samsung_auto_trader | Token reuse: cached same-day token is valid.
2026-06-01 14:06:54 | INFO | samsung_auto_trader | Token reuse: cached same-day token is valid.
2026-06-01 14:06:55 | INFO | samsung_auto_trader | Token reuse: cached same-day token is valid.
2026-06-01 14:06:57 | INFO | samsung_auto_trader | Token reuse: cached same-day token is valid.
2026-06-01 14:06:58 | INFO | samsung_auto_trader | Token reuse: cached same-day token is valid.
2026-06-01 14:06:59 | INFO | samsung_auto_trader | Token reuse: cached same-day token is valid.
2026-06-01 14:07:00 | INFO | samsung_auto_trader | Token reuse: cached same-day token is valid.
2026-06-01 14:07:02 | INFO | samsung_auto_trader | Token reuse: cached same-day token is valid.
2026-06-01 14:07:03 | INFO | samsung_auto_trader | Sell order request: qty=1, price=350500 | sellable_qty=4 min_position=3
2026-06-01 14:07:03 | INFO | samsung_auto_trader | Token reuse: cached same-day token is valid.
2026-06-01 14:07:06 | INFO | samsung_auto_trader | Sell order accepted | order_no=00950 | order_time=140706 | qty=1 | price=350500
2026-06-01 14:07:06 | INFO | samsung_auto_trader | Waiting 5 seconds before post-sell balance check.
2026-06-01 14:07:11 | INFO | samsung_auto_trader | Token reuse: cached same-day token is valid.
2026-06-01 14:07:11 | WARNING | samsung_auto_trader | API request failed (GET /uapi/domestic-stock/v1/trading/inquire-balance, attempt 1/3): ('Connection aborted.', RemoteDisconnected('Remote end closed connection without response'))
2026-06-01 14:07:19 | INFO | samsung_auto_trader | Token reuse: cached same-day token is valid.
2026-06-01 14:07:24 | INFO | samsung_auto_trader | Token reuse: cached same-day token is valid.
2026-06-01 14:07:28 | INFO | samsung_auto_trader | Token reuse: cached same-day token is valid.
2026-06-01 14:07:32 | INFO | samsung_auto_trader | Token reuse: cached same-day token is valid.
2026-06-01 14:07:37 | INFO | samsung_auto_trader | Token reuse: cached same-day token is valid.
2026-06-01 14:07:41 | INFO | samsung_auto_trader | Token reuse: cached same-day token is valid.
2026-06-01 14:07:44 | INFO | samsung_auto_trader | Token reuse: cached same-day token is valid.
2026-06-01 14:07:49 | INFO | samsung_auto_trader | Token reuse: cached same-day token is valid.
2026-06-01 14:07:53 | INFO | samsung_auto_trader | Token reuse: cached same-day token is valid.
2026-06-01 14:07:57 | INFO | samsung_auto_trader | Token reuse: cached same-day token is valid.
2026-06-01 14:08:01 | INFO | samsung_auto_trader | Holdings after sell | cash_available=6406302 | total_eval_amount=9585028 | samsung_holding={'symbol': '005930', 'qty': 4, 'sellable_qty': 3, 'avg_price': 0}
2026-06-01 14:08:01 | INFO | samsung_auto_trader | 
====================================================================
[STATUS] 2026-06-01 14:08:01 KST
holding | symbol=005930 qty=4 sellable_qty=3 avg_price=0
inventory_limits | initial=12 min=3 max=25 effective_position=8
open_orders | buy_open=5 sell_open=1 total_open=6
 - side=sell order_no=0000030604 time=140706 qty=1 filled=0 unfilled=1 price=350500 branch=
 - side=buy order_no=0000030567 time=140618 qty=1 filled=0 unfilled=1 price=348000 branch=
 - side=buy order_no=0000030272 time=140204 qty=1 filled=0 unfilled=1 price=348000 branch=
 - side=buy order_no=0000029844 time=135541 qty=1 filled=0 unfilled=1 price=348000 branch=
 - side=buy order_no=0000029721 time=135321 qty=1 filled=0 unfilled=1 price=348000 branch=
 - side=buy order_no=0000029508 time=134940 qty=1 filled=0 unfilled=1 price=347500 branch=
====================================================================
2026-06-01 14:08:01 | INFO | samsung_auto_trader | Execution check for sell: before_qty=4, after_qty=4, executed=False
2026-06-01 14:08:01 | INFO | samsung_auto_trader | Trade cycle finished.
2026-06-01 14:08:21 | INFO | samsung_auto_trader | Starting trade cycle.
2026-06-01 14:08:21 | INFO | samsung_auto_trader | Token reuse: cached same-day token is valid.
2026-06-01 14:08:23 | INFO | samsung_auto_trader | Current price: 349500 KRW | inferred_tick_size=500
2026-06-01 14:08:23 | INFO | samsung_auto_trader | Token reuse: cached same-day token is valid.
2026-06-01 14:08:28 | INFO | samsung_auto_trader | Token reuse: cached same-day token is valid.
2026-06-01 14:08:34 | INFO | samsung_auto_trader | Token reuse: cached same-day token is valid.
2026-06-01 14:08:36 | INFO | samsung_auto_trader | Token reuse: cached same-day token is valid.
2026-06-01 14:08:38 | INFO | samsung_auto_trader | Token reuse: cached same-day token is valid.
2026-06-01 14:08:41 | INFO | samsung_auto_trader | Token reuse: cached same-day token is valid.
2026-06-01 14:08:43 | INFO | samsung_auto_trader | Token reuse: cached same-day token is valid.
2026-06-01 14:08:47 | INFO | samsung_auto_trader | Token reuse: cached same-day token is valid.
2026-06-01 14:08:49 | INFO | samsung_auto_trader | Token reuse: cached same-day token is valid.
2026-06-01 14:08:50 | INFO | samsung_auto_trader | Token reuse: cached same-day token is valid.
2026-06-01 14:08:57 | INFO | samsung_auto_trader | Token reuse: cached same-day token is valid.
2026-06-01 14:08:59 | INFO | samsung_auto_trader | Holdings before order | cash_available=6406302 | total_eval_amount=9587028 | samsung_holding={'symbol': '005930', 'qty': 4, 'sellable_qty': 3, 'avg_price': 0}
2026-06-01 14:08:59 | INFO | samsung_auto_trader | 
====================================================================
[STATUS] 2026-06-01 14:08:59 KST
holding | symbol=005930 qty=4 sellable_qty=3 avg_price=0
inventory_limits | initial=12 min=3 max=25 effective_position=8
open_orders | buy_open=5 sell_open=1 total_open=6
 - side=sell order_no=0000030604 time=140706 qty=1 filled=0 unfilled=1 price=350500 branch=
 - side=buy order_no=0000030567 time=140618 qty=1 filled=0 unfilled=1 price=348000 branch=
 - side=buy order_no=0000030272 time=140204 qty=1 filled=0 unfilled=1 price=348000 branch=
 - side=buy order_no=0000029844 time=135541 qty=1 filled=0 unfilled=1 price=348000 branch=
 - side=buy order_no=0000029721 time=135321 qty=1 filled=0 unfilled=1 price=348000 branch=
 - side=buy order_no=0000029508 time=134940 qty=1 filled=0 unfilled=1 price=347500 branch=
====================================================================
2026-06-01 14:08:59 | INFO | samsung_auto_trader | Price normalized by tick size | current=349500 tick=500 raw_buy=348500 buy=348500 raw_sell=350500 sell=350500
2026-06-01 14:08:59 | INFO | samsung_auto_trader | Skipping sell this cycle | holding_qty=4 sell_open=1 min_position=3
2026-06-01 14:08:59 | INFO | samsung_auto_trader | Buy order request: qty=1, price=348500
2026-06-01 14:08:59 | INFO | samsung_auto_trader | Token reuse: cached same-day token is valid.
2026-06-01 14:09:02 | INFO | samsung_auto_trader | Buy order accepted | order_no=00950 | order_time=140902 | qty=1 | price=348500
2026-06-01 14:09:02 | INFO | samsung_auto_trader | Waiting 5 seconds before post-buy balance check.
2026-06-01 14:09:07 | INFO | samsung_auto_trader | Token reuse: cached same-day token is valid.
2026-06-01 14:09:12 | INFO | samsung_auto_trader | Token reuse: cached same-day token is valid.
2026-06-01 14:09:16 | INFO | samsung_auto_trader | Token reuse: cached same-day token is valid.
2026-06-01 14:09:21 | INFO | samsung_auto_trader | Token reuse: cached same-day token is valid.
2026-06-01 14:09:25 | INFO | samsung_auto_trader | Token reuse: cached same-day token is valid.
2026-06-01 14:09:28 | INFO | samsung_auto_trader | Token reuse: cached same-day token is valid.
2026-06-01 14:09:31 | INFO | samsung_auto_trader | Token reuse: cached same-day token is valid.
2026-06-01 14:09:35 | INFO | samsung_auto_trader | Token reuse: cached same-day token is valid.
2026-06-01 14:09:38 | INFO | samsung_auto_trader | Token reuse: cached same-day token is valid.
2026-06-01 14:09:40 | INFO | samsung_auto_trader | Token reuse: cached same-day token is valid.
2026-06-01 14:09:45 | INFO | samsung_auto_trader | Token reuse: cached same-day token is valid.
2026-06-01 14:09:49 | INFO | samsung_auto_trader | Holdings after buy | cash_available=6059545 | total_eval_amount=9585478 | samsung_holding={'symbol': '005930', 'qty': 5, 'sellable_qty': 4, 'avg_price': 0}
2026-06-01 14:09:49 | INFO | samsung_auto_trader | 
====================================================================
[STATUS] 2026-06-01 14:09:49 KST
holding | symbol=005930 qty=5 sellable_qty=4 avg_price=0
inventory_limits | initial=12 min=3 max=25 effective_position=9
open_orders | buy_open=5 sell_open=1 total_open=6
 - side=sell order_no=0000030604 time=140706 qty=1 filled=0 unfilled=1 price=350500 branch=
 - side=buy order_no=0000030567 time=140618 qty=1 filled=0 unfilled=1 price=348000 branch=
 - side=buy order_no=0000030272 time=140204 qty=1 filled=0 unfilled=1 price=348000 branch=
 - side=buy order_no=0000029844 time=135541 qty=1 filled=0 unfilled=1 price=348000 branch=
 - side=buy order_no=0000029721 time=135321 qty=1 filled=0 unfilled=1 price=348000 branch=
 - side=buy order_no=0000029508 time=134940 qty=1 filled=0 unfilled=1 price=347500 branch=
====================================================================
2026-06-01 14:09:49 | INFO | samsung_auto_trader | Execution check for buy: before_qty=4, after_qty=5, executed=True
2026-06-01 14:09:49 | INFO | samsung_auto_trader | Token reuse: cached same-day token is valid.
2026-06-01 14:09:53 | INFO | samsung_auto_trader | Token reuse: cached same-day token is valid.
2026-06-01 14:09:57 | INFO | samsung_auto_trader | Token reuse: cached same-day token is valid.
2026-06-01 14:10:02 | INFO | samsung_auto_trader | Token reuse: cached same-day token is valid.
2026-06-01 14:10:08 | INFO | samsung_auto_trader | Token reuse: cached same-day token is valid.
2026-06-01 14:10:15 | INFO | samsung_auto_trader | Token reuse: cached same-day token is valid.
2026-06-01 14:10:22 | INFO | samsung_auto_trader | Token reuse: cached same-day token is valid.
2026-06-01 14:10:31 | INFO | samsung_auto_trader | Token reuse: cached same-day token is valid.
2026-06-01 14:10:38 | INFO | samsung_auto_trader | Token reuse: cached same-day token is valid.
2026-06-01 14:10:46 | INFO | samsung_auto_trader | Sell order request: qty=1, price=350500 | sellable_qty=4 min_position=3
2026-06-01 14:10:46 | INFO | samsung_auto_trader | Token reuse: cached same-day token is valid.
2026-06-01 14:10:51 | INFO | samsung_auto_trader | Sell order accepted | order_no=00950 | order_time=141051 | qty=1 | price=350500
2026-06-01 14:10:51 | INFO | samsung_auto_trader | Waiting 5 seconds before post-sell balance check.
2026-06-01 14:10:56 | INFO | samsung_auto_trader | Token reuse: cached same-day token is valid.
2026-06-01 14:10:56 | WARNING | samsung_auto_trader | API request failed (GET /uapi/domestic-stock/v1/trading/inquire-balance, attempt 1/3): ('Connection aborted.', RemoteDisconnected('Remote end closed connection without response'))
2026-06-01 14:11:04 | INFO | samsung_auto_trader | Token reuse: cached same-day token is valid.
2026-06-01 14:11:10 | INFO | samsung_auto_trader | Token reuse: cached same-day token is valid.
2026-06-01 14:11:12 | INFO | samsung_auto_trader | Token reuse: cached same-day token is valid.
2026-06-01 14:11:14 | INFO | samsung_auto_trader | Token reuse: cached same-day token is valid.
2026-06-01 14:11:16 | INFO | samsung_auto_trader | Token reuse: cached same-day token is valid.
2026-06-01 14:11:18 | INFO | samsung_auto_trader | Token reuse: cached same-day token is valid.
2026-06-01 14:11:20 | INFO | samsung_auto_trader | Token reuse: cached same-day token is valid.
2026-06-01 14:11:22 | INFO | samsung_auto_trader | Token reuse: cached same-day token is valid.
2026-06-01 14:11:24 | INFO | samsung_auto_trader | Token reuse: cached same-day token is valid.
2026-06-01 14:11:27 | INFO | samsung_auto_trader | Token reuse: cached same-day token is valid.
2026-06-01 14:11:29 | INFO | samsung_auto_trader | Holdings after sell | cash_available=6059545 | total_eval_amount=9580738 | samsung_holding={'symbol': '005930', 'qty': 10, 'sellable_qty': 8, 'avg_price': 0}
2026-06-01 14:11:29 | INFO | samsung_auto_trader | 
====================================================================
[STATUS] 2026-06-01 14:11:29 KST
holding | symbol=005930 qty=10 sellable_qty=8 avg_price=0
inventory_limits | initial=12 min=3 max=25 effective_position=8
open_orders | buy_open=0 sell_open=2 total_open=2
 - side=sell order_no=0000030853 time=141051 qty=1 filled=0 unfilled=1 price=350500 branch=
 - side=sell order_no=0000030604 time=140706 qty=1 filled=0 unfilled=1 price=350500 branch=
====================================================================
2026-06-01 14:11:29 | INFO | samsung_auto_trader | Execution check for sell: before_qty=5, after_qty=10, executed=False
2026-06-01 14:11:29 | INFO | samsung_auto_trader | Trade cycle finished.
2026-06-01 14:11:49 | INFO | samsung_auto_trader | Starting trade cycle.
2026-06-01 14:11:49 | INFO | samsung_auto_trader | Token reuse: cached same-day token is valid.
2026-06-01 14:11:52 | INFO | samsung_auto_trader | Current price: 348250 KRW | inferred_tick_size=500
2026-06-01 14:11:52 | INFO | samsung_auto_trader | Token reuse: cached same-day token is valid.
2026-06-01 14:11:58 | INFO | samsung_auto_trader | Token reuse: cached same-day token is valid.
2026-06-01 14:12:03 | INFO | samsung_auto_trader | Token reuse: cached same-day token is valid.
2026-06-01 14:12:06 | INFO | samsung_auto_trader | Token reuse: cached same-day token is valid.
2026-06-01 14:12:09 | INFO | samsung_auto_trader | Token reuse: cached same-day token is valid.
2026-06-01 14:12:13 | INFO | samsung_auto_trader | Token reuse: cached same-day token is valid.
2026-06-01 14:12:17 | INFO | samsung_auto_trader | Token reuse: cached same-day token is valid.
2026-06-01 14:12:21 | INFO | samsung_auto_trader | Token reuse: cached same-day token is valid.
2026-06-01 14:12:23 | INFO | samsung_auto_trader | Token reuse: cached same-day token is valid.
2026-06-01 14:12:26 | INFO | samsung_auto_trader | Token reuse: cached same-day token is valid.
2026-06-01 14:12:28 | INFO | samsung_auto_trader | Token reuse: cached same-day token is valid.
2026-06-01 14:12:30 | INFO | samsung_auto_trader | Holdings before order | cash_available=6059545 | total_eval_amount=9585738 | samsung_holding={'symbol': '005930', 'qty': 10, 'sellable_qty': 8, 'avg_price': 0}
2026-06-01 14:12:30 | INFO | samsung_auto_trader | 
====================================================================
[STATUS] 2026-06-01 14:12:30 KST
holding | symbol=005930 qty=10 sellable_qty=8 avg_price=0
inventory_limits | initial=12 min=3 max=25 effective_position=8
open_orders | buy_open=0 sell_open=2 total_open=2
 - side=sell order_no=0000030853 time=141051 qty=1 filled=0 unfilled=1 price=350500 branch=
 - side=sell order_no=0000030604 time=140706 qty=1 filled=0 unfilled=1 price=350500 branch=
====================================================================
2026-06-01 14:12:30 | INFO | samsung_auto_trader | Price normalized by tick size | current=348250 tick=500 raw_buy=347250 buy=347000 raw_sell=349250 sell=349500
2026-06-01 14:12:30 | INFO | samsung_auto_trader | Buy order request: qty=1, price=347000
2026-06-01 14:12:30 | INFO | samsung_auto_trader | Token reuse: cached same-day token is valid.
2026-06-01 14:12:34 | INFO | samsung_auto_trader | Buy order accepted | order_no=00950 | order_time=141234 | qty=1 | price=347000
2026-06-01 14:12:34 | INFO | samsung_auto_trader | Waiting 5 seconds before post-buy balance check.
2026-06-01 14:12:39 | INFO | samsung_auto_trader | Token reuse: cached same-day token is valid.
2026-06-01 14:12:45 | INFO | samsung_auto_trader | Token reuse: cached same-day token is valid.
2026-06-01 14:12:51 | INFO | samsung_auto_trader | Token reuse: cached same-day token is valid.
2026-06-01 14:12:57 | INFO | samsung_auto_trader | Token reuse: cached same-day token is valid.
2026-06-01 14:13:04 | INFO | samsung_auto_trader | Token reuse: cached same-day token is valid.
2026-06-01 14:13:13 | INFO | samsung_auto_trader | Token reuse: cached same-day token is valid.
2026-06-01 14:13:20 | INFO | samsung_auto_trader | Token reuse: cached same-day token is valid.
2026-06-01 14:13:26 | INFO | samsung_auto_trader | Token reuse: cached same-day token is valid.
2026-06-01 14:13:31 | INFO | samsung_auto_trader | Token reuse: cached same-day token is valid.
2026-06-01 14:13:38 | INFO | samsung_auto_trader | Token reuse: cached same-day token is valid.
2026-06-01 14:13:43 | INFO | samsung_auto_trader | Token reuse: cached same-day token is valid.
2026-06-01 14:13:48 | INFO | samsung_auto_trader | Holdings after buy | cash_available=5714280 | total_eval_amount=9585738 | samsung_holding={'symbol': '005930', 'qty': 10, 'sellable_qty': 8, 'avg_price': 0}
2026-06-01 14:13:48 | INFO | samsung_auto_trader | 
====================================================================
[STATUS] 2026-06-01 14:13:48 KST
holding | symbol=005930 qty=10 sellable_qty=8 avg_price=0
inventory_limits | initial=12 min=3 max=25 effective_position=9
open_orders | buy_open=1 sell_open=2 total_open=3
 - side=buy order_no=0000030957 time=141234 qty=1 filled=0 unfilled=1 price=347000 branch=
 - side=sell order_no=0000030853 time=141051 qty=1 filled=0 unfilled=1 price=350500 branch=
 - side=sell order_no=0000030604 time=140706 qty=1 filled=0 unfilled=1 price=350500 branch=
====================================================================
2026-06-01 14:13:48 | INFO | samsung_auto_trader | Execution check for buy: before_qty=10, after_qty=10, executed=False
2026-06-01 14:13:48 | INFO | samsung_auto_trader | Token reuse: cached same-day token is valid.
2026-06-01 14:13:53 | INFO | samsung_auto_trader | Token reuse: cached same-day token is valid.
2026-06-01 14:13:57 | INFO | samsung_auto_trader | Token reuse: cached same-day token is valid.
2026-06-01 14:14:02 | INFO | samsung_auto_trader | Token reuse: cached same-day token is valid.
2026-06-01 14:14:09 | INFO | samsung_auto_trader | Token reuse: cached same-day token is valid.
2026-06-01 14:14:10 | WARNING | samsung_auto_trader | API request failed (GET /uapi/domestic-stock/v1/trading/inquire-daily-ccld, attempt 1/3): ('Connection aborted.', RemoteDisconnected('Remote end closed connection without response'))
2026-06-01 14:14:13 | INFO | samsung_auto_trader | Token reuse: cached same-day token is valid.
2026-06-01 14:14:14 | INFO | samsung_auto_trader | Token reuse: cached same-day token is valid.
2026-06-01 14:14:15 | INFO | samsung_auto_trader | Token reuse: cached same-day token is valid.
2026-06-01 14:14:16 | INFO | samsung_auto_trader | Token reuse: cached same-day token is valid.
2026-06-01 14:14:17 | INFO | samsung_auto_trader | Sell order request: qty=1, price=349500 | sellable_qty=8 min_position=3
2026-06-01 14:14:17 | INFO | samsung_auto_trader | Token reuse: cached same-day token is valid.
2026-06-01 14:14:20 | INFO | samsung_auto_trader | Sell order accepted | order_no=00950 | order_time=141420 | qty=1 | price=349500
2026-06-01 14:14:20 | INFO | samsung_auto_trader | Waiting 5 seconds before post-sell balance check.
2026-06-01 14:14:25 | INFO | samsung_auto_trader | Token reuse: cached same-day token is valid.
2026-06-01 14:14:25 | WARNING | samsung_auto_trader | API request failed (GET /uapi/domestic-stock/v1/trading/inquire-balance, attempt 1/3): ('Connection aborted.', RemoteDisconnected('Remote end closed connection without response'))
2026-06-01 14:14:30 | INFO | samsung_auto_trader | Token reuse: cached same-day token is valid.
2026-06-01 14:14:34 | INFO | samsung_auto_trader | Token reuse: cached same-day token is valid.
2026-06-01 14:14:35 | INFO | samsung_auto_trader | Token reuse: cached same-day token is valid.
2026-06-01 14:14:36 | INFO | samsung_auto_trader | Token reuse: cached same-day token is valid.
2026-06-01 14:14:37 | INFO | samsung_auto_trader | Token reuse: cached same-day token is valid.
2026-06-01 14:14:38 | INFO | samsung_auto_trader | Token reuse: cached same-day token is valid.
2026-06-01 14:14:39 | INFO | samsung_auto_trader | Token reuse: cached same-day token is valid.
2026-06-01 14:14:40 | INFO | samsung_auto_trader | Token reuse: cached same-day token is valid.
2026-06-01 14:14:41 | INFO | samsung_auto_trader | Token reuse: cached same-day token is valid.
2026-06-01 14:14:42 | INFO | samsung_auto_trader | Token reuse: cached same-day token is valid.
2026-06-01 14:14:42 | INFO | samsung_auto_trader | Holdings after sell | cash_available=5714280 | total_eval_amount=9575738 | samsung_holding={'symbol': '005930', 'qty': 10, 'sellable_qty': 7, 'avg_price': 0}
2026-06-01 14:14:42 | INFO | samsung_auto_trader | 
====================================================================
[STATUS] 2026-06-01 14:14:42 KST
holding | symbol=005930 qty=10 sellable_qty=7 avg_price=0
inventory_limits | initial=12 min=3 max=25 effective_position=8
open_orders | buy_open=1 sell_open=3 total_open=4
 - side=sell order_no=0000031068 time=141420 qty=1 filled=0 unfilled=1 price=349500 branch=
 - side=buy order_no=0000030957 time=141234 qty=1 filled=0 unfilled=1 price=347000 branch=
 - side=sell order_no=0000030853 time=141051 qty=1 filled=0 unfilled=1 price=350500 branch=
 - side=sell order_no=0000030604 time=140706 qty=1 filled=0 unfilled=1 price=350500 branch=
====================================================================
2026-06-01 14:14:42 | INFO | samsung_auto_trader | Execution check for sell: before_qty=10, after_qty=10, executed=False
2026-06-01 14:14:42 | INFO | samsung_auto_trader | Trade cycle finished.
2026-06-01 14:15:02 | INFO | samsung_auto_trader | Starting trade cycle.
2026-06-01 14:15:02 | INFO | samsung_auto_trader | Token reuse: cached same-day token is valid.
2026-06-01 14:15:07 | INFO | samsung_auto_trader | Current price: 347500 KRW | inferred_tick_size=500
2026-06-01 14:15:07 | INFO | samsung_auto_trader | Token reuse: cached same-day token is valid.
2026-06-01 14:15:17 | WARNING | samsung_auto_trader | API request failed (GET /uapi/domestic-stock/v1/trading/inquire-balance, attempt 1/3): HTTPSConnectionPool(host='openapivts.koreainvestment.com', port=29443): Read timed out. (read timeout=10)
2026-06-01 14:15:28 | INFO | samsung_auto_trader | Token reuse: cached same-day token is valid.
2026-06-01 14:15:28 | WARNING | samsung_auto_trader | API request failed (GET /uapi/domestic-stock/v1/trading/inquire-psbl-order, attempt 1/3): ('Connection aborted.', RemoteDisconnected('Remote end closed connection without response'))
2026-06-01 14:15:32 | INFO | samsung_auto_trader | Token reuse: cached same-day token is valid.
2026-06-01 14:15:33 | INFO | samsung_auto_trader | Token reuse: cached same-day token is valid.
2026-06-01 14:15:34 | INFO | samsung_auto_trader | Token reuse: cached same-day token is valid.
2026-06-01 14:15:35 | INFO | samsung_auto_trader | Token reuse: cached same-day token is valid.
2026-06-01 14:15:36 | INFO | samsung_auto_trader | Token reuse: cached same-day token is valid.
2026-06-01 14:15:37 | INFO | samsung_auto_trader | Token reuse: cached same-day token is valid.
2026-06-01 14:15:38 | INFO | samsung_auto_trader | Token reuse: cached same-day token is valid.
2026-06-01 14:15:39 | INFO | samsung_auto_trader | Token reuse: cached same-day token is valid.
2026-06-01 14:15:40 | INFO | samsung_auto_trader | Token reuse: cached same-day token is valid.
2026-06-01 14:15:40 | INFO | samsung_auto_trader | Holdings before order | cash_available=5714280 | total_eval_amount=9576188 | samsung_holding={'symbol': '005930', 'qty': 11, 'sellable_qty': 8, 'avg_price': 0}
2026-06-01 14:15:40 | INFO | samsung_auto_trader | 
====================================================================
[STATUS] 2026-06-01 14:15:40 KST
holding | symbol=005930 qty=11 sellable_qty=8 avg_price=0
inventory_limits | initial=12 min=3 max=25 effective_position=8
open_orders | buy_open=0 sell_open=3 total_open=3
 - side=sell order_no=0000031068 time=141420 qty=1 filled=0 unfilled=1 price=349500 branch=
 - side=sell order_no=0000030853 time=141051 qty=1 filled=0 unfilled=1 price=350500 branch=
 - side=sell order_no=0000030604 time=140706 qty=1 filled=0 unfilled=1 price=350500 branch=
====================================================================
2026-06-01 14:15:40 | INFO | samsung_auto_trader | Price normalized by tick size | current=347500 tick=500 raw_buy=346500 buy=346500 raw_sell=348500 sell=348500
2026-06-01 14:15:40 | INFO | samsung_auto_trader | Buy order request: qty=1, price=346500
2026-06-01 14:15:41 | INFO | samsung_auto_trader | Token reuse: cached same-day token is valid.
2026-06-01 14:15:41 | INFO | samsung_auto_trader | Buy order accepted | order_no=00950 | order_time=141541 | qty=1 | price=346500
2026-06-01 14:15:41 | INFO | samsung_auto_trader | Waiting 5 seconds before post-buy balance check.
2026-06-01 14:15:46 | INFO | samsung_auto_trader | Token reuse: cached same-day token is valid.
2026-06-01 14:15:46 | WARNING | samsung_auto_trader | API request failed (GET /uapi/domestic-stock/v1/trading/inquire-balance, attempt 1/3): ('Connection aborted.', RemoteDisconnected('Remote end closed connection without response'))
2026-06-01 14:15:50 | INFO | samsung_auto_trader | Token reuse: cached same-day token is valid.
2026-06-01 14:15:53 | INFO | samsung_auto_trader | Token reuse: cached same-day token is valid.
2026-06-01 14:15:54 | INFO | samsung_auto_trader | Token reuse: cached same-day token is valid.
2026-06-01 14:15:55 | INFO | samsung_auto_trader | Token reuse: cached same-day token is valid.
2026-06-01 14:15:56 | INFO | samsung_auto_trader | Token reuse: cached same-day token is valid.
2026-06-01 14:15:57 | INFO | samsung_auto_trader | Token reuse: cached same-day token is valid.
2026-06-01 14:15:58 | INFO | samsung_auto_trader | Token reuse: cached same-day token is valid.
2026-06-01 14:15:59 | INFO | samsung_auto_trader | Token reuse: cached same-day token is valid.
2026-06-01 14:16:00 | INFO | samsung_auto_trader | Token reuse: cached same-day token is valid.
2026-06-01 14:16:01 | INFO | samsung_auto_trader | Token reuse: cached same-day token is valid.
2026-06-01 14:16:01 | INFO | samsung_auto_trader | Holdings after buy | cash_available=5369512 | total_eval_amount=9576188 | samsung_holding={'symbol': '005930', 'qty': 11, 'sellable_qty': 8, 'avg_price': 0}
2026-06-01 14:16:01 | INFO | samsung_auto_trader | 
====================================================================
[STATUS] 2026-06-01 14:16:01 KST
holding | symbol=005930 qty=11 sellable_qty=8 avg_price=0
inventory_limits | initial=12 min=3 max=25 effective_position=9
open_orders | buy_open=1 sell_open=3 total_open=4
 - side=buy order_no=0000031155 time=141541 qty=1 filled=0 unfilled=1 price=346500 branch=
 - side=sell order_no=0000031068 time=141420 qty=1 filled=0 unfilled=1 price=349500 branch=
 - side=sell order_no=0000030853 time=141051 qty=1 filled=0 unfilled=1 price=350500 branch=
 - side=sell order_no=0000030604 time=140706 qty=1 filled=0 unfilled=1 price=350500 branch=
====================================================================
2026-06-01 14:16:01 | INFO | samsung_auto_trader | Execution check for buy: before_qty=11, after_qty=11, executed=False
2026-06-01 14:16:02 | INFO | samsung_auto_trader | Token reuse: cached same-day token is valid.
2026-06-01 14:16:03 | INFO | samsung_auto_trader | Token reuse: cached same-day token is valid.
2026-06-01 14:16:04 | INFO | samsung_auto_trader | Token reuse: cached same-day token is valid.
2026-06-01 14:16:05 | INFO | samsung_auto_trader | Token reuse: cached same-day token is valid.
2026-06-01 14:16:06 | INFO | samsung_auto_trader | Token reuse: cached same-day token is valid.
2026-06-01 14:16:07 | INFO | samsung_auto_trader | Token reuse: cached same-day token is valid.
2026-06-01 14:16:08 | INFO | samsung_auto_trader | Token reuse: cached same-day token is valid.
2026-06-01 14:16:09 | INFO | samsung_auto_trader | Token reuse: cached same-day token is valid.
2026-06-01 14:16:10 | INFO | samsung_auto_trader | Token reuse: cached same-day token is valid.
2026-06-01 14:16:18 | INFO | samsung_auto_trader | Sell order request: qty=1, price=348500 | sellable_qty=8 min_position=3
2026-06-01 14:16:18 | INFO | samsung_auto_trader | Token reuse: cached same-day token is valid.
2026-06-01 14:16:23 | INFO | samsung_auto_trader | Sell order accepted | order_no=00950 | order_time=141623 | qty=1 | price=348500
2026-06-01 14:16:23 | INFO | samsung_auto_trader | Waiting 5 seconds before post-sell balance check.
2026-06-01 14:16:28 | INFO | samsung_auto_trader | Token reuse: cached same-day token is valid.
2026-06-01 14:16:34 | INFO | samsung_auto_trader | Token reuse: cached same-day token is valid.
2026-06-01 14:16:40 | INFO | samsung_auto_trader | Token reuse: cached same-day token is valid.
2026-06-01 14:16:46 | INFO | samsung_auto_trader | Token reuse: cached same-day token is valid.
2026-06-01 14:16:53 | INFO | samsung_auto_trader | Token reuse: cached same-day token is valid.
2026-06-01 14:17:00 | INFO | samsung_auto_trader | Token reuse: cached same-day token is valid.
2026-06-01 14:17:08 | INFO | samsung_auto_trader | Token reuse: cached same-day token is valid.
2026-06-01 14:17:15 | INFO | samsung_auto_trader | Token reuse: cached same-day token is valid.
2026-06-01 14:17:24 | INFO | samsung_auto_trader | Token reuse: cached same-day token is valid.
2026-06-01 14:17:31 | INFO | samsung_auto_trader | Token reuse: cached same-day token is valid.
2026-06-01 14:17:38 | INFO | samsung_auto_trader | Token reuse: cached same-day token is valid.
2026-06-01 14:17:55 | WARNING | samsung_auto_trader | API request failed (GET /uapi/domestic-stock/v1/trading/inquire-daily-ccld, attempt 1/3): HTTPSConnectionPool(host='openapivts.koreainvestment.com', port=29443): Read timed out.
2026-06-01 14:17:57 | INFO | samsung_auto_trader | Holdings after sell | cash_available=5369512 | total_eval_amount=9576188 | samsung_holding={'symbol': '005930', 'qty': 11, 'sellable_qty': 7, 'avg_price': 0}
2026-06-01 14:17:57 | INFO | samsung_auto_trader | 
====================================================================
[STATUS] 2026-06-01 14:17:57 KST
holding | symbol=005930 qty=11 sellable_qty=7 avg_price=0
inventory_limits | initial=12 min=3 max=25 effective_position=8
open_orders | buy_open=1 sell_open=4 total_open=5
 - side=sell order_no=0000031196 time=141623 qty=1 filled=0 unfilled=1 price=348500 branch=
 - side=buy order_no=0000031155 time=141541 qty=1 filled=0 unfilled=1 price=346500 branch=
 - side=sell order_no=0000031068 time=141420 qty=1 filled=0 unfilled=1 price=349500 branch=
 - side=sell order_no=0000030853 time=141051 qty=1 filled=0 unfilled=1 price=350500 branch=
 - side=sell order_no=0000030604 time=140706 qty=1 filled=0 unfilled=1 price=350500 branch=
====================================================================
2026-06-01 14:17:57 | INFO | samsung_auto_trader | Execution check for sell: before_qty=11, after_qty=11, executed=False
2026-06-01 14:17:57 | INFO | samsung_auto_trader | Trade cycle finished.
2026-06-01 14:18:17 | INFO | samsung_auto_trader | Starting trade cycle.
2026-06-01 14:18:17 | INFO | samsung_auto_trader | Token reuse: cached same-day token is valid.
2026-06-01 14:18:20 | INFO | samsung_auto_trader | Current price: 348000 KRW | inferred_tick_size=500
2026-06-01 14:18:20 | INFO | samsung_auto_trader | Token reuse: cached same-day token is valid.
2026-06-01 14:18:27 | INFO | samsung_auto_trader | Token reuse: cached same-day token is valid.
2026-06-01 14:18:33 | INFO | samsung_auto_trader | Token reuse: cached same-day token is valid.
2026-06-01 14:18:39 | INFO | samsung_auto_trader | Token reuse: cached same-day token is valid.
2026-06-01 14:18:46 | INFO | samsung_auto_trader | Token reuse: cached same-day token is valid.
2026-06-01 14:18:53 | INFO | samsung_auto_trader | Token reuse: cached same-day token is valid.
2026-06-01 14:18:59 | INFO | samsung_auto_trader | Token reuse: cached same-day token is valid.
2026-06-01 14:19:07 | INFO | samsung_auto_trader | Token reuse: cached same-day token is valid.
2026-06-01 14:19:15 | INFO | samsung_auto_trader | Token reuse: cached same-day token is valid.
2026-06-01 14:19:22 | INFO | samsung_auto_trader | Token reuse: cached same-day token is valid.
2026-06-01 14:19:28 | INFO | samsung_auto_trader | Token reuse: cached same-day token is valid.
2026-06-01 14:19:34 | INFO | samsung_auto_trader | Holdings before order | cash_available=5369512 | total_eval_amount=9581688 | samsung_holding={'symbol': '005930', 'qty': 11, 'sellable_qty': 7, 'avg_price': 0}
2026-06-01 14:19:34 | INFO | samsung_auto_trader | 
====================================================================
[STATUS] 2026-06-01 14:19:34 KST
holding | symbol=005930 qty=11 sellable_qty=7 avg_price=0
inventory_limits | initial=12 min=3 max=25 effective_position=9
open_orders | buy_open=1 sell_open=3 total_open=4
 - side=buy order_no=0000031155 time=141541 qty=1 filled=0 unfilled=1 price=346500 branch=
 - side=sell order_no=0000031068 time=141420 qty=1 filled=0 unfilled=1 price=349500 branch=
 - side=sell order_no=0000030853 time=141051 qty=1 filled=0 unfilled=1 price=350500 branch=
 - side=sell order_no=0000030604 time=140706 qty=1 filled=0 unfilled=1 price=350500 branch=
====================================================================
2026-06-01 14:19:34 | INFO | samsung_auto_trader | Price normalized by tick size | current=348000 tick=500 raw_buy=347000 buy=347000 raw_sell=349000 sell=349000
2026-06-01 14:19:34 | INFO | samsung_auto_trader | Buy order request: qty=1, price=347000
2026-06-01 14:19:34 | INFO | samsung_auto_trader | Token reuse: cached same-day token is valid.
2026-06-01 14:19:39 | INFO | samsung_auto_trader | Buy order accepted | order_no=00950 | order_time=141938 | qty=1 | price=347000
2026-06-01 14:19:39 | INFO | samsung_auto_trader | Waiting 5 seconds before post-buy balance check.
2026-06-01 14:19:44 | INFO | samsung_auto_trader | Token reuse: cached same-day token is valid.
2026-06-01 14:19:44 | WARNING | samsung_auto_trader | API request failed (GET /uapi/domestic-stock/v1/trading/inquire-balance, attempt 1/3): ('Connection aborted.', RemoteDisconnected('Remote end closed connection without response'))
2026-06-01 14:19:51 | INFO | samsung_auto_trader | Token reuse: cached same-day token is valid.
2026-06-01 14:19:58 | INFO | samsung_auto_trader | Token reuse: cached same-day token is valid.
2026-06-01 14:20:04 | INFO | samsung_auto_trader | Token reuse: cached same-day token is valid.
2026-06-01 14:20:13 | INFO | samsung_auto_trader | Token reuse: cached same-day token is valid.
2026-06-01 14:20:22 | INFO | samsung_auto_trader | Token reuse: cached same-day token is valid.
2026-06-01 14:20:32 | INFO | samsung_auto_trader | Token reuse: cached same-day token is valid.
2026-06-01 14:20:41 | INFO | samsung_auto_trader | Token reuse: cached same-day token is valid.
2026-06-01 14:20:48 | INFO | samsung_auto_trader | Token reuse: cached same-day token is valid.
2026-06-01 14:20:56 | INFO | samsung_auto_trader | Token reuse: cached same-day token is valid.
2026-06-01 14:21:04 | INFO | samsung_auto_trader | Token reuse: cached same-day token is valid.
2026-06-01 14:21:12 | INFO | samsung_auto_trader | Token reuse: cached same-day token is valid.
2026-06-01 14:21:21 | INFO | samsung_auto_trader | Holdings after buy | cash_available=5369965 | total_eval_amount=9581441 | samsung_holding={'symbol': '005930', 'qty': 10, 'sellable_qty': 7, 'avg_price': 0}
2026-06-01 14:21:21 | INFO | samsung_auto_trader | 
====================================================================
[STATUS] 2026-06-01 14:21:21 KST
holding | symbol=005930 qty=10 sellable_qty=7 avg_price=0
inventory_limits | initial=12 min=3 max=25 effective_position=9
open_orders | buy_open=2 sell_open=3 total_open=5
 - side=buy order_no=0000031413 time=141938 qty=1 filled=0 unfilled=1 price=347000 branch=
 - side=buy order_no=0000031155 time=141541 qty=1 filled=0 unfilled=1 price=346500 branch=
 - side=sell order_no=0000031068 time=141420 qty=1 filled=0 unfilled=1 price=349500 branch=
 - side=sell order_no=0000030853 time=141051 qty=1 filled=0 unfilled=1 price=350500 branch=
 - side=sell order_no=0000030604 time=140706 qty=1 filled=0 unfilled=1 price=350500 branch=
====================================================================
2026-06-01 14:21:21 | INFO | samsung_auto_trader | Execution check for buy: before_qty=11, after_qty=10, executed=False
2026-06-01 14:21:21 | INFO | samsung_auto_trader | Token reuse: cached same-day token is valid.
2026-06-01 14:21:28 | INFO | samsung_auto_trader | Token reuse: cached same-day token is valid.
2026-06-01 14:21:36 | INFO | samsung_auto_trader | Token reuse: cached same-day token is valid.
2026-06-01 14:21:43 | INFO | samsung_auto_trader | Token reuse: cached same-day token is valid.
2026-06-01 14:21:50 | INFO | samsung_auto_trader | Token reuse: cached same-day token is valid.
2026-06-01 14:21:59 | INFO | samsung_auto_trader | Token reuse: cached same-day token is valid.
2026-06-01 14:22:00 | INFO | samsung_auto_trader | Token reuse: cached same-day token is valid.
2026-06-01 14:22:01 | INFO | samsung_auto_trader | Token reuse: cached same-day token is valid.
2026-06-01 14:22:02 | INFO | samsung_auto_trader | Token reuse: cached same-day token is valid.
2026-06-01 14:22:03 | INFO | samsung_auto_trader | Token reuse: cached same-day token is valid.
2026-06-01 14:22:03 | INFO | samsung_auto_trader | Sell order request: qty=1, price=349000 | sellable_qty=7 min_position=3
2026-06-01 14:22:04 | INFO | samsung_auto_trader | Token reuse: cached same-day token is valid.
2026-06-01 14:22:09 | INFO | samsung_auto_trader | Sell order accepted | order_no=00950 | order_time=142209 | qty=1 | price=349000
2026-06-01 14:22:09 | INFO | samsung_auto_trader | Waiting 5 seconds before post-sell balance check.
2026-06-01 14:22:14 | INFO | samsung_auto_trader | Token reuse: cached same-day token is valid.
2026-06-01 14:22:14 | WARNING | samsung_auto_trader | API request failed (GET /uapi/domestic-stock/v1/trading/inquire-balance, attempt 1/3): ('Connection aborted.', RemoteDisconnected('Remote end closed connection without response'))
2026-06-01 14:22:25 | INFO | samsung_auto_trader | Token reuse: cached same-day token is valid.
2026-06-01 14:22:32 | INFO | samsung_auto_trader | Token reuse: cached same-day token is valid.
2026-06-01 14:22:38 | INFO | samsung_auto_trader | Token reuse: cached same-day token is valid.
2026-06-01 14:22:44 | INFO | samsung_auto_trader | Token reuse: cached same-day token is valid.
2026-06-01 14:22:49 | INFO | samsung_auto_trader | Token reuse: cached same-day token is valid.
2026-06-01 14:22:55 | INFO | samsung_auto_trader | Token reuse: cached same-day token is valid.
2026-06-01 14:23:01 | INFO | samsung_auto_trader | Token reuse: cached same-day token is valid.
2026-06-01 14:23:07 | INFO | samsung_auto_trader | Token reuse: cached same-day token is valid.
2026-06-01 14:23:13 | INFO | samsung_auto_trader | Token reuse: cached same-day token is valid.
2026-06-01 14:23:18 | INFO | samsung_auto_trader | Token reuse: cached same-day token is valid.
2026-06-01 14:23:24 | INFO | samsung_auto_trader | Token reuse: cached same-day token is valid.
2026-06-01 14:23:28 | INFO | samsung_auto_trader | Holdings after sell | cash_available=5369965 | total_eval_amount=9578941 | samsung_holding={'symbol': '005930', 'qty': 10, 'sellable_qty': 6, 'avg_price': 0}
2026-06-01 14:23:28 | INFO | samsung_auto_trader | 
====================================================================
[STATUS] 2026-06-01 14:23:28 KST
holding | symbol=005930 qty=10 sellable_qty=6 avg_price=0
inventory_limits | initial=12 min=3 max=25 effective_position=7
open_orders | buy_open=1 sell_open=4 total_open=5
 - side=sell order_no=0000031605 time=142209 qty=1 filled=0 unfilled=1 price=349000 branch=
 - side=buy order_no=0000031155 time=141541 qty=1 filled=0 unfilled=1 price=346500 branch=
 - side=sell order_no=0000031068 time=141420 qty=1 filled=0 unfilled=1 price=349500 branch=
 - side=sell order_no=0000030853 time=141051 qty=1 filled=0 unfilled=1 price=350500 branch=
 - side=sell order_no=0000030604 time=140706 qty=1 filled=0 unfilled=1 price=350500 branch=
====================================================================
2026-06-01 14:23:28 | INFO | samsung_auto_trader | Execution check for sell: before_qty=10, after_qty=10, executed=False
2026-06-01 14:23:28 | INFO | samsung_auto_trader | Trade cycle finished.
2026-06-01 14:23:48 | INFO | samsung_auto_trader | Starting trade cycle.
2026-06-01 14:23:48 | INFO | samsung_auto_trader | Token reuse: cached same-day token is valid.
2026-06-01 14:23:48 | INFO | samsung_auto_trader | Current price: 347500 KRW | inferred_tick_size=500
2026-06-01 14:23:49 | INFO | samsung_auto_trader | Token reuse: cached same-day token is valid.
2026-06-01 14:23:52 | INFO | samsung_auto_trader | Token reuse: cached same-day token is valid.
2026-06-01 14:23:54 | INFO | samsung_auto_trader | Token reuse: cached same-day token is valid.
2026-06-01 14:23:57 | INFO | samsung_auto_trader | Token reuse: cached same-day token is valid.
2026-06-01 14:23:59 | INFO | samsung_auto_trader | Token reuse: cached same-day token is valid.
2026-06-01 14:24:01 | INFO | samsung_auto_trader | Token reuse: cached same-day token is valid.
2026-06-01 14:24:04 | INFO | samsung_auto_trader | Token reuse: cached same-day token is valid.
2026-06-01 14:24:08 | INFO | samsung_auto_trader | Token reuse: cached same-day token is valid.
2026-06-01 14:24:12 | INFO | samsung_auto_trader | Token reuse: cached same-day token is valid.
2026-06-01 14:24:16 | INFO | samsung_auto_trader | Token reuse: cached same-day token is valid.
2026-06-01 14:24:21 | INFO | samsung_auto_trader | Token reuse: cached same-day token is valid.
2026-06-01 14:24:25 | INFO | samsung_auto_trader | Token reuse: cached same-day token is valid.
2026-06-01 14:24:29 | INFO | samsung_auto_trader | Holdings before order | cash_available=5369965 | total_eval_amount=9576891 | samsung_holding={'symbol': '005930', 'qty': 11, 'sellable_qty': 7, 'avg_price': 0}
2026-06-01 14:24:29 | INFO | samsung_auto_trader | 
====================================================================
[STATUS] 2026-06-01 14:24:29 KST
holding | symbol=005930 qty=11 sellable_qty=7 avg_price=0
inventory_limits | initial=12 min=3 max=25 effective_position=8
open_orders | buy_open=1 sell_open=4 total_open=5
 - side=sell order_no=0000031605 time=142209 qty=1 filled=0 unfilled=1 price=349000 branch=
 - side=buy order_no=0000031155 time=141541 qty=1 filled=0 unfilled=1 price=346500 branch=
 - side=sell order_no=0000031068 time=141420 qty=1 filled=0 unfilled=1 price=349500 branch=
 - side=sell order_no=0000030853 time=141051 qty=1 filled=0 unfilled=1 price=350500 branch=
 - side=sell order_no=0000030604 time=140706 qty=1 filled=0 unfilled=1 price=350500 branch=
====================================================================
2026-06-01 14:24:29 | INFO | samsung_auto_trader | Price normalized by tick size | current=347500 tick=500 raw_buy=346500 buy=346500 raw_sell=348500 sell=348500
2026-06-01 14:24:29 | INFO | samsung_auto_trader | Buy order request: qty=1, price=346500
2026-06-01 14:24:29 | INFO | samsung_auto_trader | Token reuse: cached same-day token is valid.
2026-06-01 14:24:29 | INFO | samsung_auto_trader | Buy order accepted | order_no=00950 | order_time=142429 | qty=1 | price=346500
2026-06-01 14:24:29 | INFO | samsung_auto_trader | Waiting 5 seconds before post-buy balance check.
2026-06-01 14:24:34 | INFO | samsung_auto_trader | Token reuse: cached same-day token is valid.
2026-06-01 14:24:34 | WARNING | samsung_auto_trader | API request failed (GET /uapi/domestic-stock/v1/trading/inquire-balance, attempt 1/3): ('Connection aborted.', RemoteDisconnected('Remote end closed connection without response'))
2026-06-01 14:24:40 | INFO | samsung_auto_trader | Token reuse: cached same-day token is valid.
2026-06-01 14:24:43 | INFO | samsung_auto_trader | Token reuse: cached same-day token is valid.
2026-06-01 14:24:47 | INFO | samsung_auto_trader | Token reuse: cached same-day token is valid.
2026-06-01 14:24:51 | INFO | samsung_auto_trader | Token reuse: cached same-day token is valid.
2026-06-01 14:24:55 | INFO | samsung_auto_trader | Token reuse: cached same-day token is valid.
2026-06-01 14:24:59 | INFO | samsung_auto_trader | Token reuse: cached same-day token is valid.
2026-06-01 14:25:04 | INFO | samsung_auto_trader | Token reuse: cached same-day token is valid.
2026-06-01 14:25:11 | INFO | samsung_auto_trader | Token reuse: cached same-day token is valid.
2026-06-01 14:25:18 | INFO | samsung_auto_trader | Token reuse: cached same-day token is valid.
2026-06-01 14:25:25 | INFO | samsung_auto_trader | Token reuse: cached same-day token is valid.
2026-06-01 14:25:32 | INFO | samsung_auto_trader | Token reuse: cached same-day token is valid.
2026-06-01 14:25:40 | INFO | samsung_auto_trader | Holdings after buy | cash_available=5025197 | total_eval_amount=9565791 | samsung_holding={'symbol': '005930', 'qty': 13, 'sellable_qty': 9, 'avg_price': 0}
2026-06-01 14:25:40 | INFO | samsung_auto_trader | 
====================================================================
[STATUS] 2026-06-01 14:25:40 KST
holding | symbol=005930 qty=13 sellable_qty=9 avg_price=0
inventory_limits | initial=12 min=3 max=25 effective_position=9
open_orders | buy_open=0 sell_open=4 total_open=4
 - side=sell order_no=0000031605 time=142209 qty=1 filled=0 unfilled=1 price=349000 branch=
 - side=sell order_no=0000031068 time=141420 qty=1 filled=0 unfilled=1 price=349500 branch=
 - side=sell order_no=0000030853 time=141051 qty=1 filled=0 unfilled=1 price=350500 branch=
 - side=sell order_no=0000030604 time=140706 qty=1 filled=0 unfilled=1 price=350500 branch=
====================================================================
2026-06-01 14:25:40 | INFO | samsung_auto_trader | Execution check for buy: before_qty=11, after_qty=13, executed=True
2026-06-01 14:25:40 | INFO | samsung_auto_trader | Token reuse: cached same-day token is valid.
2026-06-01 14:25:47 | INFO | samsung_auto_trader | Token reuse: cached same-day token is valid.
2026-06-01 14:25:52 | INFO | samsung_auto_trader | Token reuse: cached same-day token is valid.
2026-06-01 14:25:58 | INFO | samsung_auto_trader | Token reuse: cached same-day token is valid.
2026-06-01 14:26:04 | INFO | samsung_auto_trader | Token reuse: cached same-day token is valid.
2026-06-01 14:26:14 | WARNING | samsung_auto_trader | API request failed (GET /uapi/domestic-stock/v1/trading/inquire-daily-ccld, attempt 1/3): HTTPSConnectionPool(host='openapivts.koreainvestment.com', port=29443): Read timed out. (read timeout=10)
2026-06-01 14:26:26 | WARNING | samsung_auto_trader | API request failed (GET /uapi/domestic-stock/v1/trading/inquire-daily-ccld, attempt 2/3): HTTPSConnectionPool(host='openapivts.koreainvestment.com', port=29443): Read timed out. (read timeout=10)
2026-06-01 14:26:39 | WARNING | samsung_auto_trader | API request failed (GET /uapi/domestic-stock/v1/trading/inquire-daily-ccld, attempt 3/3): HTTPSConnectionPool(host='openapivts.koreainvestment.com', port=29443): Read timed out. (read timeout=10)
2026-06-01 14:26:39 | ERROR | samsung_auto_trader | API request permanently failed: GET /uapi/domestic-stock/v1/trading/inquire-daily-ccld
Traceback (most recent call last):
  File "/home/hyphenkub/.local/lib/python3.10/site-packages/urllib3/connectionpool.py", line 536, in _make_request
    response = conn.getresponse()
  File "/home/hyphenkub/.local/lib/python3.10/site-packages/urllib3/connection.py", line 507, in getresponse
    httplib_response = super().getresponse()
  File "/usr/lib/python3.10/http/client.py", line 1395, in getresponse
    response.begin()
  File "/usr/lib/python3.10/http/client.py", line 323, in begin
    version, status, reason = self._read_status()
  File "/usr/lib/python3.10/http/client.py", line 284, in _read_status
    line = str(self.fp.readline(_MAXLINE + 1), "iso-8859-1")
  File "/usr/lib/python3.10/socket.py", line 705, in readinto
    return self._sock.recv_into(b)
  File "/usr/lib/python3.10/ssl.py", line 1303, in recv_into
    return self.read(nbytes, buffer)
  File "/usr/lib/python3.10/ssl.py", line 1159, in read
    return self._sslobj.read(len, buffer)
TimeoutError: The read operation timed out

The above exception was the direct cause of the following exception:

Traceback (most recent call last):
  File "/home/hyphenkub/.local/lib/python3.10/site-packages/requests/adapters.py", line 644, in send
    resp = conn.urlopen(
  File "/home/hyphenkub/.local/lib/python3.10/site-packages/urllib3/connectionpool.py", line 843, in urlopen
    retries = retries.increment(
  File "/home/hyphenkub/.local/lib/python3.10/site-packages/urllib3/util/retry.py", line 474, in increment
    raise reraise(type(error), error, _stacktrace)
  File "/home/hyphenkub/.local/lib/python3.10/site-packages/urllib3/util/util.py", line 39, in reraise
    raise value
  File "/home/hyphenkub/.local/lib/python3.10/site-packages/urllib3/connectionpool.py", line 789, in urlopen
    response = self._make_request(
  File "/home/hyphenkub/.local/lib/python3.10/site-packages/urllib3/connectionpool.py", line 538, in _make_request
    self._raise_timeout(err=e, url=url, timeout_value=read_timeout)
  File "/home/hyphenkub/.local/lib/python3.10/site-packages/urllib3/connectionpool.py", line 369, in _raise_timeout
    raise ReadTimeoutError(
urllib3.exceptions.ReadTimeoutError: HTTPSConnectionPool(host='openapivts.koreainvestment.com', port=29443): Read timed out. (read timeout=10)

During handling of the above exception, another exception occurred:

Traceback (most recent call last):
  File "/home/hyphenkub/Project/auto_trader/open-trading-api/samsung_auto_trader/api_client.py", line 64, in _request
    response = self.session.request(
  File "/home/hyphenkub/.local/lib/python3.10/site-packages/requests/sessions.py", line 589, in request
    resp = self.send(prep, **send_kwargs)
  File "/home/hyphenkub/.local/lib/python3.10/site-packages/requests/sessions.py", line 703, in send
    r = adapter.send(request, **kwargs)
  File "/home/hyphenkub/.local/lib/python3.10/site-packages/requests/adapters.py", line 690, in send
    raise ReadTimeout(e, request=request)
requests.exceptions.ReadTimeout: HTTPSConnectionPool(host='openapivts.koreainvestment.com', port=29443): Read timed out. (read timeout=10)
2026-06-01 14:26:39 | ERROR | samsung_auto_trader | Open-order inquiry failed; blocking new orders this cycle: HTTPSConnectionPool(host='openapivts.koreainvestment.com', port=29443): Read timed out. (read timeout=10)
2026-06-01 14:26:39 | ERROR | samsung_auto_trader | Cycle failed but trader will continue: HTTPSConnectionPool(host='openapivts.koreainvestment.com', port=29443): Read timed out. (read timeout=10)
Traceback (most recent call last):
  File "/home/hyphenkub/.local/lib/python3.10/site-packages/urllib3/connectionpool.py", line 536, in _make_request
    response = conn.getresponse()
  File "/home/hyphenkub/.local/lib/python3.10/site-packages/urllib3/connection.py", line 507, in getresponse
    httplib_response = super().getresponse()
  File "/usr/lib/python3.10/http/client.py", line 1395, in getresponse
    response.begin()
  File "/usr/lib/python3.10/http/client.py", line 323, in begin
    version, status, reason = self._read_status()
  File "/usr/lib/python3.10/http/client.py", line 284, in _read_status
    line = str(self.fp.readline(_MAXLINE + 1), "iso-8859-1")
  File "/usr/lib/python3.10/socket.py", line 705, in readinto
    return self._sock.recv_into(b)
  File "/usr/lib/python3.10/ssl.py", line 1303, in recv_into
    return self.read(nbytes, buffer)
  File "/usr/lib/python3.10/ssl.py", line 1159, in read
    return self._sslobj.read(len, buffer)
TimeoutError: The read operation timed out

The above exception was the direct cause of the following exception:

Traceback (most recent call last):
  File "/home/hyphenkub/.local/lib/python3.10/site-packages/requests/adapters.py", line 644, in send
    resp = conn.urlopen(
  File "/home/hyphenkub/.local/lib/python3.10/site-packages/urllib3/connectionpool.py", line 843, in urlopen
    retries = retries.increment(
  File "/home/hyphenkub/.local/lib/python3.10/site-packages/urllib3/util/retry.py", line 474, in increment
    raise reraise(type(error), error, _stacktrace)
  File "/home/hyphenkub/.local/lib/python3.10/site-packages/urllib3/util/util.py", line 39, in reraise
    raise value
  File "/home/hyphenkub/.local/lib/python3.10/site-packages/urllib3/connectionpool.py", line 789, in urlopen
    response = self._make_request(
  File "/home/hyphenkub/.local/lib/python3.10/site-packages/urllib3/connectionpool.py", line 538, in _make_request
    self._raise_timeout(err=e, url=url, timeout_value=read_timeout)
  File "/home/hyphenkub/.local/lib/python3.10/site-packages/urllib3/connectionpool.py", line 369, in _raise_timeout
    raise ReadTimeoutError(
urllib3.exceptions.ReadTimeoutError: HTTPSConnectionPool(host='openapivts.koreainvestment.com', port=29443): Read timed out. (read timeout=10)

During handling of the above exception, another exception occurred:

Traceback (most recent call last):
  File "/home/hyphenkub/Project/auto_trader/open-trading-api/samsung_auto_trader/trader.py", line 99, in run
    self._run_cycle()
  File "/home/hyphenkub/Project/auto_trader/open-trading-api/samsung_auto_trader/trader.py", line 357, in _run_cycle
    latest_open_orders = self._get_open_orders_safe(TARGET_SYMBOL)
  File "/home/hyphenkub/Project/auto_trader/open-trading-api/samsung_auto_trader/trader.py", line 449, in _get_open_orders_safe
    return self.open_orders.get_open_orders(symbol)
  File "/home/hyphenkub/Project/auto_trader/open-trading-api/samsung_auto_trader/open_orders.py", line 54, in get_open_orders
    rows = self._fetch_all_rows(base_params)
  File "/home/hyphenkub/Project/auto_trader/open-trading-api/samsung_auto_trader/open_orders.py", line 90, in _fetch_all_rows
    data = self.api_client.get(
  File "/home/hyphenkub/Project/auto_trader/open-trading-api/samsung_auto_trader/api_client.py", line 23, in get
    return self._request("GET", endpoint, tr_id, params=params)
  File "/home/hyphenkub/Project/auto_trader/open-trading-api/samsung_auto_trader/api_client.py", line 64, in _request
    response = self.session.request(
  File "/home/hyphenkub/.local/lib/python3.10/site-packages/requests/sessions.py", line 589, in request
    resp = self.send(prep, **send_kwargs)
  File "/home/hyphenkub/.local/lib/python3.10/site-packages/requests/sessions.py", line 703, in send
    r = adapter.send(request, **kwargs)
  File "/home/hyphenkub/.local/lib/python3.10/site-packages/requests/adapters.py", line 690, in send
    raise ReadTimeout(e, request=request)
requests.exceptions.ReadTimeout: HTTPSConnectionPool(host='openapivts.koreainvestment.com', port=29443): Read timed out. (read timeout=10)
2026-06-01 14:26:59 | INFO | samsung_auto_trader | Starting trade cycle.
2026-06-01 14:26:59 | INFO | samsung_auto_trader | Token reuse: cached same-day token is valid.
2026-06-01 14:27:01 | INFO | samsung_auto_trader | Current price: 346000 KRW | inferred_tick_size=500
2026-06-01 14:27:01 | INFO | samsung_auto_trader | Token reuse: cached same-day token is valid.
2026-06-01 14:27:08 | INFO | samsung_auto_trader | Token reuse: cached same-day token is valid.
2026-06-01 14:27:15 | INFO | samsung_auto_trader | Token reuse: cached same-day token is valid.
2026-06-01 14:27:20 | INFO | samsung_auto_trader | Token reuse: cached same-day token is valid.
2026-06-01 14:27:24 | INFO | samsung_auto_trader | Token reuse: cached same-day token is valid.
2026-06-01 14:27:27 | INFO | samsung_auto_trader | Token reuse: cached same-day token is valid.
2026-06-01 14:27:28 | INFO | samsung_auto_trader | Token reuse: cached same-day token is valid.
2026-06-01 14:27:31 | INFO | samsung_auto_trader | Token reuse: cached same-day token is valid.
2026-06-01 14:27:33 | INFO | samsung_auto_trader | Token reuse: cached same-day token is valid.
2026-06-01 14:27:35 | INFO | samsung_auto_trader | Token reuse: cached same-day token is valid.
2026-06-01 14:27:36 | INFO | samsung_auto_trader | Token reuse: cached same-day token is valid.
2026-06-01 14:27:38 | INFO | samsung_auto_trader | Token reuse: cached same-day token is valid.
2026-06-01 14:27:39 | INFO | samsung_auto_trader | Holdings before order | cash_available=5025197 | total_eval_amount=9559291 | samsung_holding={'symbol': '005930', 'qty': 13, 'sellable_qty': 9, 'avg_price': 0}
2026-06-01 14:27:39 | INFO | samsung_auto_trader | 
====================================================================
[STATUS] 2026-06-01 14:27:39 KST
holding | symbol=005930 qty=13 sellable_qty=9 avg_price=0
inventory_limits | initial=12 min=3 max=25 effective_position=9
open_orders | buy_open=0 sell_open=4 total_open=4
 - side=sell order_no=0000031605 time=142209 qty=1 filled=0 unfilled=1 price=349000 branch=
 - side=sell order_no=0000031068 time=141420 qty=1 filled=0 unfilled=1 price=349500 branch=
 - side=sell order_no=0000030853 time=141051 qty=1 filled=0 unfilled=1 price=350500 branch=
 - side=sell order_no=0000030604 time=140706 qty=1 filled=0 unfilled=1 price=350500 branch=
====================================================================
2026-06-01 14:27:39 | INFO | samsung_auto_trader | Price normalized by tick size | current=346000 tick=500 raw_buy=345000 buy=345000 raw_sell=347000 sell=347000
2026-06-01 14:27:39 | INFO | samsung_auto_trader | Buy order request: qty=1, price=345000
2026-06-01 14:27:39 | INFO | samsung_auto_trader | Token reuse: cached same-day token is valid.
2026-06-01 14:27:40 | INFO | samsung_auto_trader | Buy order accepted | order_no=00950 | order_time=142740 | qty=1 | price=345000
2026-06-01 14:27:40 | INFO | samsung_auto_trader | Waiting 5 seconds before post-buy balance check.
2026-06-01 14:27:45 | INFO | samsung_auto_trader | Token reuse: cached same-day token is valid.
2026-06-01 14:27:48 | INFO | samsung_auto_trader | Token reuse: cached same-day token is valid.
2026-06-01 14:27:50 | INFO | samsung_auto_trader | Token reuse: cached same-day token is valid.
2026-06-01 14:27:52 | INFO | samsung_auto_trader | Token reuse: cached same-day token is valid.
2026-06-01 14:27:55 | INFO | samsung_auto_trader | Token reuse: cached same-day token is valid.
2026-06-01 14:27:56 | INFO | samsung_auto_trader | Token reuse: cached same-day token is valid.
2026-06-01 14:27:58 | INFO | samsung_auto_trader | Token reuse: cached same-day token is valid.
2026-06-01 14:28:01 | INFO | samsung_auto_trader | Token reuse: cached same-day token is valid.
2026-06-01 14:28:05 | INFO | samsung_auto_trader | Token reuse: cached same-day token is valid.
2026-06-01 14:28:08 | INFO | samsung_auto_trader | Token reuse: cached same-day token is valid.
2026-06-01 14:28:12 | INFO | samsung_auto_trader | Token reuse: cached same-day token is valid.
2026-06-01 14:28:16 | INFO | samsung_auto_trader | Token reuse: cached same-day token is valid.
2026-06-01 14:28:20 | INFO | samsung_auto_trader | Holdings after buy | cash_available=4681922 | total_eval_amount=9552791 | samsung_holding={'symbol': '005930', 'qty': 13, 'sellable_qty': 9, 'avg_price': 0}
2026-06-01 14:28:20 | INFO | samsung_auto_trader | 
====================================================================
[STATUS] 2026-06-01 14:28:20 KST
holding | symbol=005930 qty=13 sellable_qty=9 avg_price=0
inventory_limits | initial=12 min=3 max=25 effective_position=10
open_orders | buy_open=1 sell_open=4 total_open=5
 - side=buy order_no=0000032069 time=142740 qty=1 filled=0 unfilled=1 price=345000 branch=
 - side=sell order_no=0000031605 time=142209 qty=1 filled=0 unfilled=1 price=349000 branch=
 - side=sell order_no=0000031068 time=141420 qty=1 filled=0 unfilled=1 price=349500 branch=
 - side=sell order_no=0000030853 time=141051 qty=1 filled=0 unfilled=1 price=350500 branch=
 - side=sell order_no=0000030604 time=140706 qty=1 filled=0 unfilled=1 price=350500 branch=
====================================================================
2026-06-01 14:28:20 | INFO | samsung_auto_trader | Execution check for buy: before_qty=13, after_qty=13, executed=False
2026-06-01 14:28:20 | INFO | samsung_auto_trader | Token reuse: cached same-day token is valid.
2026-06-01 14:28:24 | INFO | samsung_auto_trader | Token reuse: cached same-day token is valid.
2026-06-01 14:28:28 | INFO | samsung_auto_trader | Token reuse: cached same-day token is valid.
2026-06-01 14:28:32 | INFO | samsung_auto_trader | Token reuse: cached same-day token is valid.
2026-06-01 14:28:36 | INFO | samsung_auto_trader | Token reuse: cached same-day token is valid.
2026-06-01 14:28:40 | INFO | samsung_auto_trader | Token reuse: cached same-day token is valid.
2026-06-01 14:28:44 | INFO | samsung_auto_trader | Token reuse: cached same-day token is valid.
2026-06-01 14:28:48 | INFO | samsung_auto_trader | Token reuse: cached same-day token is valid.
2026-06-01 14:28:52 | INFO | samsung_auto_trader | Token reuse: cached same-day token is valid.
2026-06-01 14:28:56 | INFO | samsung_auto_trader | Token reuse: cached same-day token is valid.
2026-06-01 14:29:00 | INFO | samsung_auto_trader | Sell order request: qty=1, price=347000 | sellable_qty=9 min_position=3
2026-06-01 14:29:00 | INFO | samsung_auto_trader | Token reuse: cached same-day token is valid.
2026-06-01 14:29:00 | INFO | samsung_auto_trader | Sell order accepted | order_no=00950 | order_time=142900 | qty=1 | price=347000
2026-06-01 14:29:00 | INFO | samsung_auto_trader | Waiting 5 seconds before post-sell balance check.
2026-06-01 14:29:05 | INFO | samsung_auto_trader | Token reuse: cached same-day token is valid.
2026-06-01 14:29:05 | WARNING | samsung_auto_trader | API request failed (GET /uapi/domestic-stock/v1/trading/inquire-balance, attempt 1/3): ('Connection aborted.', RemoteDisconnected('Remote end closed connection without response'))
2026-06-01 14:29:11 | INFO | samsung_auto_trader | Token reuse: cached same-day token is valid.
2026-06-01 14:29:18 | INFO | samsung_auto_trader | Token reuse: cached same-day token is valid.
2026-06-01 14:29:20 | INFO | samsung_auto_trader | Token reuse: cached same-day token is valid.
2026-06-01 14:29:25 | INFO | samsung_auto_trader | Token reuse: cached same-day token is valid.
2026-06-01 14:29:30 | INFO | samsung_auto_trader | Token reuse: cached same-day token is valid.
2026-06-01 14:29:36 | INFO | samsung_auto_trader | Token reuse: cached same-day token is valid.
2026-06-01 14:29:42 | INFO | samsung_auto_trader | Token reuse: cached same-day token is valid.
2026-06-01 14:29:48 | INFO | samsung_auto_trader | Token reuse: cached same-day token is valid.
2026-06-01 14:29:54 | INFO | samsung_auto_trader | Token reuse: cached same-day token is valid.
2026-06-01 14:30:00 | INFO | samsung_auto_trader | Token reuse: cached same-day token is valid.
2026-06-01 14:30:07 | INFO | samsung_auto_trader | Token reuse: cached same-day token is valid.
2026-06-01 14:30:17 | WARNING | samsung_auto_trader | API request failed (GET /uapi/domestic-stock/v1/trading/inquire-daily-ccld, attempt 1/3): HTTPSConnectionPool(host='openapivts.koreainvestment.com', port=29443): Read timed out. (read timeout=10)
2026-06-01 14:30:29 | WARNING | samsung_auto_trader | API request failed (GET /uapi/domestic-stock/v1/trading/inquire-daily-ccld, attempt 2/3): HTTPSConnectionPool(host='openapivts.koreainvestment.com', port=29443): Read timed out. (read timeout=10)
2026-06-01 14:30:35 | INFO | samsung_auto_trader | Holdings after sell | cash_available=4681922 | total_eval_amount=9546241 | samsung_holding={'symbol': '005930', 'qty': 14, 'sellable_qty': 9, 'avg_price': 0}
2026-06-01 14:30:35 | INFO | samsung_auto_trader | 
====================================================================
[STATUS] 2026-06-01 14:30:35 KST
holding | symbol=005930 qty=14 sellable_qty=9 avg_price=0
inventory_limits | initial=12 min=3 max=25 effective_position=9
open_orders | buy_open=0 sell_open=5 total_open=5
 - side=sell order_no=0000032190 time=142900 qty=1 filled=0 unfilled=1 price=347000 branch=
 - side=sell order_no=0000031605 time=142209 qty=1 filled=0 unfilled=1 price=349000 branch=
 - side=sell order_no=0000031068 time=141420 qty=1 filled=0 unfilled=1 price=349500 branch=
 - side=sell order_no=0000030853 time=141051 qty=1 filled=0 unfilled=1 price=350500 branch=
 - side=sell order_no=0000030604 time=140706 qty=1 filled=0 unfilled=1 price=350500 branch=
====================================================================
2026-06-01 14:30:35 | INFO | samsung_auto_trader | Execution check for sell: before_qty=13, after_qty=14, executed=False
2026-06-01 14:30:35 | INFO | samsung_auto_trader | Trade cycle finished.
2026-06-01 14:30:55 | INFO | samsung_auto_trader | Starting trade cycle.
2026-06-01 14:30:55 | INFO | samsung_auto_trader | Token reuse: cached same-day token is valid.
2026-06-01 14:30:57 | INFO | samsung_auto_trader | Current price: 345500 KRW | inferred_tick_size=500
2026-06-01 14:30:57 | INFO | samsung_auto_trader | Token reuse: cached same-day token is valid.
2026-06-01 14:31:02 | INFO | samsung_auto_trader | Token reuse: cached same-day token is valid.
2026-06-01 14:31:07 | INFO | samsung_auto_trader | Token reuse: cached same-day token is valid.
2026-06-01 14:31:09 | INFO | samsung_auto_trader | Token reuse: cached same-day token is valid.
2026-06-01 14:31:10 | INFO | samsung_auto_trader | Token reuse: cached same-day token is valid.
2026-06-01 14:31:12 | INFO | samsung_auto_trader | Token reuse: cached same-day token is valid.
2026-06-01 14:31:14 | INFO | samsung_auto_trader | Token reuse: cached same-day token is valid.
2026-06-01 14:31:15 | INFO | samsung_auto_trader | Token reuse: cached same-day token is valid.
2026-06-01 14:31:17 | INFO | samsung_auto_trader | Token reuse: cached same-day token is valid.
2026-06-01 14:31:18 | INFO | samsung_auto_trader | Token reuse: cached same-day token is valid.
2026-06-01 14:31:19 | INFO | samsung_auto_trader | Token reuse: cached same-day token is valid.
2026-06-01 14:31:21 | INFO | samsung_auto_trader | Token reuse: cached same-day token is valid.
2026-06-01 14:31:22 | INFO | samsung_auto_trader | Holdings before order | cash_available=4681922 | total_eval_amount=9560241 | samsung_holding={'symbol': '005930', 'qty': 14, 'sellable_qty': 9, 'avg_price': 0}
2026-06-01 14:31:22 | INFO | samsung_auto_trader | 
====================================================================
[STATUS] 2026-06-01 14:31:22 KST
holding | symbol=005930 qty=14 sellable_qty=9 avg_price=0
inventory_limits | initial=12 min=3 max=25 effective_position=9
open_orders | buy_open=0 sell_open=5 total_open=5
 - side=sell order_no=0000032190 time=142900 qty=1 filled=0 unfilled=1 price=347000 branch=
 - side=sell order_no=0000031605 time=142209 qty=1 filled=0 unfilled=1 price=349000 branch=
 - side=sell order_no=0000031068 time=141420 qty=1 filled=0 unfilled=1 price=349500 branch=
 - side=sell order_no=0000030853 time=141051 qty=1 filled=0 unfilled=1 price=350500 branch=
 - side=sell order_no=0000030604 time=140706 qty=1 filled=0 unfilled=1 price=350500 branch=
====================================================================
2026-06-01 14:31:22 | INFO | samsung_auto_trader | Price normalized by tick size | current=345500 tick=500 raw_buy=344500 buy=344500 raw_sell=346500 sell=346500
2026-06-01 14:31:22 | INFO | samsung_auto_trader | Buy order request: qty=1, price=344500
2026-06-01 14:31:22 | INFO | samsung_auto_trader | Token reuse: cached same-day token is valid.
2026-06-01 14:31:24 | INFO | samsung_auto_trader | Buy order accepted | order_no=00950 | order_time=143124 | qty=1 | price=344500
2026-06-01 14:31:24 | INFO | samsung_auto_trader | Waiting 5 seconds before post-buy balance check.
2026-06-01 14:31:29 | INFO | samsung_auto_trader | Token reuse: cached same-day token is valid.
2026-06-01 14:31:36 | INFO | samsung_auto_trader | Token reuse: cached same-day token is valid.
2026-06-01 14:31:42 | INFO | samsung_auto_trader | Token reuse: cached same-day token is valid.
2026-06-01 14:31:47 | INFO | samsung_auto_trader | Token reuse: cached same-day token is valid.
2026-06-01 14:31:53 | INFO | samsung_auto_trader | Token reuse: cached same-day token is valid.
2026-06-01 14:32:00 | INFO | samsung_auto_trader | Token reuse: cached same-day token is valid.
2026-06-01 14:32:07 | INFO | samsung_auto_trader | Token reuse: cached same-day token is valid.
2026-06-01 14:32:15 | INFO | samsung_auto_trader | Token reuse: cached same-day token is valid.
2026-06-01 14:32:23 | INFO | samsung_auto_trader | Token reuse: cached same-day token is valid.
2026-06-01 14:32:29 | INFO | samsung_auto_trader | Token reuse: cached same-day token is valid.
2026-06-01 14:32:35 | INFO | samsung_auto_trader | Token reuse: cached same-day token is valid.
2026-06-01 14:32:43 | INFO | samsung_auto_trader | Token reuse: cached same-day token is valid.
2026-06-01 14:32:50 | INFO | samsung_auto_trader | Holdings after buy | cash_available=4683374 | total_eval_amount=9566997 | samsung_holding={'symbol': '005930', 'qty': 13, 'sellable_qty': 9, 'avg_price': 0}
2026-06-01 14:32:50 | INFO | samsung_auto_trader | 
====================================================================
[STATUS] 2026-06-01 14:32:50 KST
holding | symbol=005930 qty=13 sellable_qty=9 avg_price=0
inventory_limits | initial=12 min=3 max=25 effective_position=10
open_orders | buy_open=1 sell_open=4 total_open=5
 - side=buy order_no=0000032414 time=143124 qty=1 filled=0 unfilled=1 price=344500 branch=
 - side=sell order_no=0000031605 time=142209 qty=1 filled=0 unfilled=1 price=349000 branch=
 - side=sell order_no=0000031068 time=141420 qty=1 filled=0 unfilled=1 price=349500 branch=
 - side=sell order_no=0000030853 time=141051 qty=1 filled=0 unfilled=1 price=350500 branch=
 - side=sell order_no=0000030604 time=140706 qty=1 filled=0 unfilled=1 price=350500 branch=
====================================================================
2026-06-01 14:32:50 | INFO | samsung_auto_trader | Execution check for buy: before_qty=14, after_qty=13, executed=False
2026-06-01 14:32:50 | INFO | samsung_auto_trader | Token reuse: cached same-day token is valid.
2026-06-01 14:32:56 | INFO | samsung_auto_trader | Token reuse: cached same-day token is valid.
2026-06-01 14:33:01 | INFO | samsung_auto_trader | Token reuse: cached same-day token is valid.
2026-06-01 14:33:07 | INFO | samsung_auto_trader | Token reuse: cached same-day token is valid.
2026-06-01 14:33:15 | INFO | samsung_auto_trader | Token reuse: cached same-day token is valid.
2026-06-01 14:33:23 | INFO | samsung_auto_trader | Token reuse: cached same-day token is valid.
2026-06-01 14:33:31 | INFO | samsung_auto_trader | Token reuse: cached same-day token is valid.
2026-06-01 14:33:32 | INFO | samsung_auto_trader | Token reuse: cached same-day token is valid.
2026-06-01 14:33:33 | INFO | samsung_auto_trader | Token reuse: cached same-day token is valid.
2026-06-01 14:33:33 | WARNING | samsung_auto_trader | API request failed (GET /uapi/domestic-stock/v1/trading/inquire-daily-ccld, attempt 1/3): Retryable HTTP 500: {"rt_cd":"1","msg1":"초당 거래건수를 초과하였습니다.","msg_cd":"EGW00201","message":"EGW00201"}
2026-06-01 14:33:35 | INFO | samsung_auto_trader | Token reuse: cached same-day token is valid.
2026-06-01 14:33:35 | WARNING | samsung_auto_trader | API request failed (GET /uapi/domestic-stock/v1/trading/inquire-daily-ccld, attempt 1/3): Retryable HTTP 500: {"rt_cd":"1","msg1":"초당 거래건수를 초과하였습니다.","msg_cd":"EGW00201","message":"EGW00201"}
2026-06-01 14:33:37 | INFO | samsung_auto_trader | Sell order request: qty=1, price=346500 | sellable_qty=9 min_position=3
2026-06-01 14:33:37 | INFO | samsung_auto_trader | Token reuse: cached same-day token is valid.
2026-06-01 14:33:41 | INFO | samsung_auto_trader | Sell order accepted | order_no=00950 | order_time=143341 | qty=1 | price=346500
2026-06-01 14:33:41 | INFO | samsung_auto_trader | Waiting 5 seconds before post-sell balance check.
2026-06-01 14:33:46 | INFO | samsung_auto_trader | Token reuse: cached same-day token is valid.
2026-06-01 14:33:46 | WARNING | samsung_auto_trader | API request failed (GET /uapi/domestic-stock/v1/trading/inquire-balance, attempt 1/3): ('Connection aborted.', RemoteDisconnected('Remote end closed connection without response'))
2026-06-01 14:33:54 | INFO | samsung_auto_trader | Token reuse: cached same-day token is valid.
2026-06-01 14:34:01 | INFO | samsung_auto_trader | Token reuse: cached same-day token is valid.
2026-06-01 14:34:09 | INFO | samsung_auto_trader | Token reuse: cached same-day token is valid.
2026-06-01 14:34:15 | INFO | samsung_auto_trader | Token reuse: cached same-day token is valid.
2026-06-01 14:34:22 | INFO | samsung_auto_trader | Token reuse: cached same-day token is valid.
2026-06-01 14:34:29 | INFO | samsung_auto_trader | Token reuse: cached same-day token is valid.
2026-06-01 14:34:37 | INFO | samsung_auto_trader | Token reuse: cached same-day token is valid.
2026-06-01 14:34:44 | INFO | samsung_auto_trader | Token reuse: cached same-day token is valid.
2026-06-01 14:34:52 | INFO | samsung_auto_trader | Token reuse: cached same-day token is valid.
2026-06-01 14:34:59 | INFO | samsung_auto_trader | Token reuse: cached same-day token is valid.
2026-06-01 14:35:07 | INFO | samsung_auto_trader | Token reuse: cached same-day token is valid.
2026-06-01 14:35:07 | WARNING | samsung_auto_trader | API request failed (GET /uapi/domestic-stock/v1/trading/inquire-daily-ccld, attempt 1/3): ('Connection aborted.', RemoteDisconnected('Remote end closed connection without response'))
2026-06-01 14:35:18 | WARNING | samsung_auto_trader | API request failed (GET /uapi/domestic-stock/v1/trading/inquire-daily-ccld, attempt 2/3): HTTPSConnectionPool(host='openapivts.koreainvestment.com', port=29443): Read timed out. (read timeout=10)
2026-06-01 14:35:31 | INFO | samsung_auto_trader | Holdings after sell | cash_available=4683374 | total_eval_amount=9547497 | samsung_holding={'symbol': '005930', 'qty': 13, 'sellable_qty': 8, 'avg_price': 0}
2026-06-01 14:35:31 | INFO | samsung_auto_trader | 
====================================================================
[STATUS] 2026-06-01 14:35:31 KST
holding | symbol=005930 qty=13 sellable_qty=8 avg_price=0
inventory_limits | initial=12 min=3 max=25 effective_position=8
open_orders | buy_open=0 sell_open=5 total_open=5
 - side=sell order_no=0000032605 time=143341 qty=1 filled=0 unfilled=1 price=346500 branch=
 - side=sell order_no=0000031605 time=142209 qty=1 filled=0 unfilled=1 price=349000 branch=
 - side=sell order_no=0000031068 time=141420 qty=1 filled=0 unfilled=1 price=349500 branch=
 - side=sell order_no=0000030853 time=141051 qty=1 filled=0 unfilled=1 price=350500 branch=
 - side=sell order_no=0000030604 time=140706 qty=1 filled=0 unfilled=1 price=350500 branch=
====================================================================
2026-06-01 14:35:31 | INFO | samsung_auto_trader | Execution check for sell: before_qty=13, after_qty=13, executed=False
2026-06-01 14:35:31 | INFO | samsung_auto_trader | Trade cycle finished.
2026-06-01 14:35:51 | INFO | samsung_auto_trader | Starting trade cycle.
2026-06-01 14:35:51 | INFO | samsung_auto_trader | Token reuse: cached same-day token is valid.
2026-06-01 14:35:53 | INFO | samsung_auto_trader | Current price: 345000 KRW | inferred_tick_size=500
2026-06-01 14:35:53 | INFO | samsung_auto_trader | Token reuse: cached same-day token is valid.
2026-06-01 14:35:58 | INFO | samsung_auto_trader | Token reuse: cached same-day token is valid.
2026-06-01 14:36:02 | INFO | samsung_auto_trader | Token reuse: cached same-day token is valid.
2026-06-01 14:36:08 | INFO | samsung_auto_trader | Token reuse: cached same-day token is valid.
2026-06-01 14:36:14 | INFO | samsung_auto_trader | Token reuse: cached same-day token is valid.
2026-06-01 14:36:20 | INFO | samsung_auto_trader | Token reuse: cached same-day token is valid.
2026-06-01 14:36:27 | INFO | samsung_auto_trader | Token reuse: cached same-day token is valid.
2026-06-01 14:36:33 | INFO | samsung_auto_trader | Token reuse: cached same-day token is valid.
2026-06-01 14:36:38 | INFO | samsung_auto_trader | Token reuse: cached same-day token is valid.
2026-06-01 14:36:40 | INFO | samsung_auto_trader | Token reuse: cached same-day token is valid.
2026-06-01 14:36:43 | INFO | samsung_auto_trader | Token reuse: cached same-day token is valid.
2026-06-01 14:36:45 | INFO | samsung_auto_trader | Token reuse: cached same-day token is valid.
2026-06-01 14:36:48 | INFO | samsung_auto_trader | Holdings before order | cash_available=4683374 | total_eval_amount=9547947 | samsung_holding={'symbol': '005930', 'qty': 14, 'sellable_qty': 9, 'avg_price': 0}
2026-06-01 14:36:48 | INFO | samsung_auto_trader | 
====================================================================
[STATUS] 2026-06-01 14:36:48 KST
holding | symbol=005930 qty=14 sellable_qty=9 avg_price=0
inventory_limits | initial=12 min=3 max=25 effective_position=9
open_orders | buy_open=0 sell_open=5 total_open=5
 - side=sell order_no=0000032605 time=143341 qty=1 filled=0 unfilled=1 price=346500 branch=
 - side=sell order_no=0000031605 time=142209 qty=1 filled=0 unfilled=1 price=349000 branch=
 - side=sell order_no=0000031068 time=141420 qty=1 filled=0 unfilled=1 price=349500 branch=
 - side=sell order_no=0000030853 time=141051 qty=1 filled=0 unfilled=1 price=350500 branch=
 - side=sell order_no=0000030604 time=140706 qty=1 filled=0 unfilled=1 price=350500 branch=
====================================================================
2026-06-01 14:36:48 | INFO | samsung_auto_trader | Price normalized by tick size | current=345000 tick=500 raw_buy=344000 buy=344000 raw_sell=346000 sell=346000
2026-06-01 14:36:48 | INFO | samsung_auto_trader | Buy order request: qty=1, price=344000
2026-06-01 14:36:48 | INFO | samsung_auto_trader | Token reuse: cached same-day token is valid.
2026-06-01 14:36:51 | INFO | samsung_auto_trader | Buy order accepted | order_no=00950 | order_time=143650 | qty=1 | price=344000
2026-06-01 14:36:51 | INFO | samsung_auto_trader | Waiting 5 seconds before post-buy balance check.
2026-06-01 14:36:56 | INFO | samsung_auto_trader | Token reuse: cached same-day token is valid.
2026-06-01 14:37:01 | INFO | samsung_auto_trader | Token reuse: cached same-day token is valid.
2026-06-01 14:37:08 | INFO | samsung_auto_trader | Token reuse: cached same-day token is valid.
2026-06-01 14:37:15 | INFO | samsung_auto_trader | Token reuse: cached same-day token is valid.
2026-06-01 14:37:22 | INFO | samsung_auto_trader | Token reuse: cached same-day token is valid.
2026-06-01 14:37:30 | INFO | samsung_auto_trader | Token reuse: cached same-day token is valid.
2026-06-01 14:37:30 | WARNING | samsung_auto_trader | API request failed (GET /uapi/domestic-stock/v1/trading/inquire-daily-ccld, attempt 1/3): ('Connection aborted.', RemoteDisconnected('Remote end closed connection without response'))
2026-06-01 14:37:39 | INFO | samsung_auto_trader | Token reuse: cached same-day token is valid.
2026-06-01 14:37:40 | INFO | samsung_auto_trader | Token reuse: cached same-day token is valid.
2026-06-01 14:37:41 | INFO | samsung_auto_trader | Token reuse: cached same-day token is valid.
2026-06-01 14:37:42 | INFO | samsung_auto_trader | Token reuse: cached same-day token is valid.
2026-06-01 14:37:43 | INFO | samsung_auto_trader | Token reuse: cached same-day token is valid.
2026-06-01 14:37:44 | INFO | samsung_auto_trader | Token reuse: cached same-day token is valid.
2026-06-01 14:37:44 | INFO | samsung_auto_trader | Holdings after buy | cash_available=4341094 | total_eval_amount=9544447 | samsung_holding={'symbol': '005930', 'qty': 14, 'sellable_qty': 9, 'avg_price': 0}
2026-06-01 14:37:44 | INFO | samsung_auto_trader | 
====================================================================
[STATUS] 2026-06-01 14:37:44 KST
holding | symbol=005930 qty=14 sellable_qty=9 avg_price=0
inventory_limits | initial=12 min=3 max=25 effective_position=10
open_orders | buy_open=1 sell_open=5 total_open=6
 - side=buy order_no=0000032821 time=143650 qty=1 filled=0 unfilled=1 price=344000 branch=
 - side=sell order_no=0000032605 time=143341 qty=1 filled=0 unfilled=1 price=346500 branch=
 - side=sell order_no=0000031605 time=142209 qty=1 filled=0 unfilled=1 price=349000 branch=
 - side=sell order_no=0000031068 time=141420 qty=1 filled=0 unfilled=1 price=349500 branch=
 - side=sell order_no=0000030853 time=141051 qty=1 filled=0 unfilled=1 price=350500 branch=
 - side=sell order_no=0000030604 time=140706 qty=1 filled=0 unfilled=1 price=350500 branch=
====================================================================
2026-06-01 14:37:44 | INFO | samsung_auto_trader | Execution check for buy: before_qty=14, after_qty=14, executed=False
2026-06-01 14:37:45 | INFO | samsung_auto_trader | Token reuse: cached same-day token is valid.
2026-06-01 14:37:46 | INFO | samsung_auto_trader | Token reuse: cached same-day token is valid.
2026-06-01 14:37:47 | INFO | samsung_auto_trader | Token reuse: cached same-day token is valid.
2026-06-01 14:37:48 | INFO | samsung_auto_trader | Token reuse: cached same-day token is valid.
2026-06-01 14:37:49 | INFO | samsung_auto_trader | Token reuse: cached same-day token is valid.
2026-06-01 14:37:50 | INFO | samsung_auto_trader | Token reuse: cached same-day token is valid.
2026-06-01 14:37:51 | INFO | samsung_auto_trader | Token reuse: cached same-day token is valid.
2026-06-01 14:37:52 | INFO | samsung_auto_trader | Token reuse: cached same-day token is valid.
2026-06-01 14:37:53 | INFO | samsung_auto_trader | Token reuse: cached same-day token is valid.
2026-06-01 14:37:54 | INFO | samsung_auto_trader | Token reuse: cached same-day token is valid.
2026-06-01 14:37:54 | INFO | samsung_auto_trader | Sell order request: qty=1, price=346000 | sellable_qty=9 min_position=3
2026-06-01 14:37:55 | INFO | samsung_auto_trader | Token reuse: cached same-day token is valid.
2026-06-01 14:38:00 | INFO | samsung_auto_trader | Sell order accepted | order_no=00950 | order_time=143800 | qty=1 | price=346000
2026-06-01 14:38:00 | INFO | samsung_auto_trader | Waiting 5 seconds before post-sell balance check.
2026-06-01 14:38:05 | INFO | samsung_auto_trader | Token reuse: cached same-day token is valid.
2026-06-01 14:38:05 | WARNING | samsung_auto_trader | API request failed (GET /uapi/domestic-stock/v1/trading/inquire-balance, attempt 1/3): ('Connection aborted.', RemoteDisconnected('Remote end closed connection without response'))
2026-06-01 14:38:14 | INFO | samsung_auto_trader | Token reuse: cached same-day token is valid.
2026-06-01 14:38:22 | INFO | samsung_auto_trader | Token reuse: cached same-day token is valid.
2026-06-01 14:38:23 | INFO | samsung_auto_trader | Token reuse: cached same-day token is valid.
2026-06-01 14:38:24 | INFO | samsung_auto_trader | Token reuse: cached same-day token is valid.
2026-06-01 14:38:25 | INFO | samsung_auto_trader | Token reuse: cached same-day token is valid.
2026-06-01 14:38:26 | INFO | samsung_auto_trader | Token reuse: cached same-day token is valid.
2026-06-01 14:38:27 | INFO | samsung_auto_trader | Token reuse: cached same-day token is valid.
2026-06-01 14:38:28 | INFO | samsung_auto_trader | Token reuse: cached same-day token is valid.
2026-06-01 14:38:29 | INFO | samsung_auto_trader | Token reuse: cached same-day token is valid.
2026-06-01 14:38:30 | INFO | samsung_auto_trader | Token reuse: cached same-day token is valid.
2026-06-01 14:38:31 | INFO | samsung_auto_trader | Token reuse: cached same-day token is valid.
2026-06-01 14:38:31 | INFO | samsung_auto_trader | Holdings after sell | cash_available=4341094 | total_eval_amount=9540947 | samsung_holding={'symbol': '005930', 'qty': 14, 'sellable_qty': 8, 'avg_price': 0}
2026-06-01 14:38:31 | INFO | samsung_auto_trader | 
====================================================================
[STATUS] 2026-06-01 14:38:31 KST
holding | symbol=005930 qty=14 sellable_qty=8 avg_price=0
inventory_limits | initial=12 min=3 max=25 effective_position=9
open_orders | buy_open=1 sell_open=6 total_open=7
 - side=sell order_no=0000032877 time=143800 qty=1 filled=0 unfilled=1 price=346000 branch=
 - side=buy order_no=0000032821 time=143650 qty=1 filled=0 unfilled=1 price=344000 branch=
 - side=sell order_no=0000032605 time=143341 qty=1 filled=0 unfilled=1 price=346500 branch=
 - side=sell order_no=0000031605 time=142209 qty=1 filled=0 unfilled=1 price=349000 branch=
 - side=sell order_no=0000031068 time=141420 qty=1 filled=0 unfilled=1 price=349500 branch=
 - side=sell order_no=0000030853 time=141051 qty=1 filled=0 unfilled=1 price=350500 branch=
 - side=sell order_no=0000030604 time=140706 qty=1 filled=0 unfilled=1 price=350500 branch=
====================================================================
2026-06-01 14:38:31 | INFO | samsung_auto_trader | Execution check for sell: before_qty=14, after_qty=14, executed=False
2026-06-01 14:38:31 | INFO | samsung_auto_trader | Trade cycle finished.
2026-06-01 14:38:51 | INFO | samsung_auto_trader | Starting trade cycle.
2026-06-01 14:38:51 | INFO | samsung_auto_trader | Token reuse: cached same-day token is valid.
2026-06-01 14:38:51 | INFO | samsung_auto_trader | Current price: 345500 KRW | inferred_tick_size=500
2026-06-01 14:38:52 | INFO | samsung_auto_trader | Token reuse: cached same-day token is valid.
2026-06-01 14:38:54 | INFO | samsung_auto_trader | Token reuse: cached same-day token is valid.
2026-06-01 14:38:57 | INFO | samsung_auto_trader | Token reuse: cached same-day token is valid.
2026-06-01 14:38:58 | INFO | samsung_auto_trader | Token reuse: cached same-day token is valid.
2026-06-01 14:38:59 | INFO | samsung_auto_trader | Token reuse: cached same-day token is valid.
2026-06-01 14:39:00 | INFO | samsung_auto_trader | Token reuse: cached same-day token is valid.
2026-06-01 14:39:01 | INFO | samsung_auto_trader | Token reuse: cached same-day token is valid.
2026-06-01 14:39:02 | INFO | samsung_auto_trader | Token reuse: cached same-day token is valid.
2026-06-01 14:39:03 | INFO | samsung_auto_trader | Token reuse: cached same-day token is valid.
2026-06-01 14:39:04 | INFO | samsung_auto_trader | Token reuse: cached same-day token is valid.
2026-06-01 14:39:05 | INFO | samsung_auto_trader | Token reuse: cached same-day token is valid.
2026-06-01 14:39:06 | INFO | samsung_auto_trader | Token reuse: cached same-day token is valid.
2026-06-01 14:39:06 | INFO | samsung_auto_trader | Holdings before order | cash_available=4684331 | total_eval_amount=9554705 | samsung_holding={'symbol': '005930', 'qty': 13, 'sellable_qty': 8, 'avg_price': 0}
2026-06-01 14:39:06 | INFO | samsung_auto_trader | 
====================================================================
[STATUS] 2026-06-01 14:39:06 KST
holding | symbol=005930 qty=13 sellable_qty=8 avg_price=0
inventory_limits | initial=12 min=3 max=25 effective_position=9
open_orders | buy_open=1 sell_open=5 total_open=6
 - side=buy order_no=0000032821 time=143650 qty=1 filled=0 unfilled=1 price=344000 branch=
 - side=sell order_no=0000032605 time=143341 qty=1 filled=0 unfilled=1 price=346500 branch=
 - side=sell order_no=0000031605 time=142209 qty=1 filled=0 unfilled=1 price=349000 branch=
 - side=sell order_no=0000031068 time=141420 qty=1 filled=0 unfilled=1 price=349500 branch=
 - side=sell order_no=0000030853 time=141051 qty=1 filled=0 unfilled=1 price=350500 branch=
 - side=sell order_no=0000030604 time=140706 qty=1 filled=0 unfilled=1 price=350500 branch=
====================================================================
2026-06-01 14:39:06 | INFO | samsung_auto_trader | Price normalized by tick size | current=345500 tick=500 raw_buy=344500 buy=344500 raw_sell=346500 sell=346500
2026-06-01 14:39:06 | INFO | samsung_auto_trader | Buy order request: qty=1, price=344500
2026-06-01 14:39:07 | INFO | samsung_auto_trader | Token reuse: cached same-day token is valid.
2026-06-01 14:39:07 | INFO | samsung_auto_trader | Buy order accepted | order_no=00950 | order_time=143907 | qty=1 | price=344500
2026-06-01 14:39:07 | INFO | samsung_auto_trader | Waiting 5 seconds before post-buy balance check.
2026-06-01 14:39:12 | INFO | samsung_auto_trader | Token reuse: cached same-day token is valid.
2026-06-01 14:39:12 | WARNING | samsung_auto_trader | API request failed (GET /uapi/domestic-stock/v1/trading/inquire-balance, attempt 1/3): ('Connection aborted.', RemoteDisconnected('Remote end closed connection without response'))
2026-06-01 14:39:20 | INFO | samsung_auto_trader | Token reuse: cached same-day token is valid.
2026-06-01 14:39:26 | INFO | samsung_auto_trader | Token reuse: cached same-day token is valid.
2026-06-01 14:39:30 | INFO | samsung_auto_trader | Token reuse: cached same-day token is valid.
2026-06-01 14:39:36 | INFO | samsung_auto_trader | Token reuse: cached same-day token is valid.
2026-06-01 14:39:41 | INFO | samsung_auto_trader | Token reuse: cached same-day token is valid.
2026-06-01 14:39:46 | INFO | samsung_auto_trader | Token reuse: cached same-day token is valid.
2026-06-01 14:39:51 | INFO | samsung_auto_trader | Token reuse: cached same-day token is valid.
2026-06-01 14:39:56 | INFO | samsung_auto_trader | Token reuse: cached same-day token is valid.
2026-06-01 14:40:00 | INFO | samsung_auto_trader | Token reuse: cached same-day token is valid.
2026-06-01 14:40:07 | INFO | samsung_auto_trader | Token reuse: cached same-day token is valid.
2026-06-01 14:40:14 | INFO | samsung_auto_trader | Token reuse: cached same-day token is valid.
2026-06-01 14:40:20 | INFO | samsung_auto_trader | Holdings after buy | cash_available=4685287 | total_eval_amount=9560962 | samsung_holding={'symbol': '005930', 'qty': 12, 'sellable_qty': 8, 'avg_price': 0}
2026-06-01 14:40:20 | INFO | samsung_auto_trader | 
====================================================================
[STATUS] 2026-06-01 14:40:20 KST
holding | symbol=005930 qty=12 sellable_qty=8 avg_price=0
inventory_limits | initial=12 min=3 max=25 effective_position=10
open_orders | buy_open=2 sell_open=4 total_open=6
 - side=buy order_no=0000032930 time=143907 qty=1 filled=0 unfilled=1 price=344500 branch=
 - side=buy order_no=0000032821 time=143650 qty=1 filled=0 unfilled=1 price=344000 branch=
 - side=sell order_no=0000031605 time=142209 qty=1 filled=0 unfilled=1 price=349000 branch=
 - side=sell order_no=0000031068 time=141420 qty=1 filled=0 unfilled=1 price=349500 branch=
 - side=sell order_no=0000030853 time=141051 qty=1 filled=0 unfilled=1 price=350500 branch=
 - side=sell order_no=0000030604 time=140706 qty=1 filled=0 unfilled=1 price=350500 branch=
====================================================================
2026-06-01 14:40:20 | INFO | samsung_auto_trader | Execution check for buy: before_qty=13, after_qty=12, executed=False
2026-06-01 14:40:20 | INFO | samsung_auto_trader | Token reuse: cached same-day token is valid.
2026-06-01 14:40:27 | INFO | samsung_auto_trader | Token reuse: cached same-day token is valid.
2026-06-01 14:40:34 | INFO | samsung_auto_trader | Token reuse: cached same-day token is valid.
2026-06-01 14:40:41 | INFO | samsung_auto_trader | Token reuse: cached same-day token is valid.
2026-06-01 14:40:48 | INFO | samsung_auto_trader | Token reuse: cached same-day token is valid.
2026-06-01 14:40:54 | INFO | samsung_auto_trader | Token reuse: cached same-day token is valid.
2026-06-01 14:41:00 | INFO | samsung_auto_trader | Token reuse: cached same-day token is valid.
2026-06-01 14:41:07 | INFO | samsung_auto_trader | Token reuse: cached same-day token is valid.
2026-06-01 14:41:16 | INFO | samsung_auto_trader | Token reuse: cached same-day token is valid.
2026-06-01 14:41:26 | WARNING | samsung_auto_trader | API request failed (GET /uapi/domestic-stock/v1/trading/inquire-daily-ccld, attempt 1/3): HTTPSConnectionPool(host='openapivts.koreainvestment.com', port=29443): Read timed out. (read timeout=10)
2026-06-01 14:41:36 | INFO | samsung_auto_trader | Token reuse: cached same-day token is valid.
2026-06-01 14:41:45 | INFO | samsung_auto_trader | Sell order request: qty=1, price=346500 | sellable_qty=8 min_position=3
2026-06-01 14:41:45 | INFO | samsung_auto_trader | Token reuse: cached same-day token is valid.
2026-06-01 14:41:48 | INFO | samsung_auto_trader | Sell order accepted | order_no=00950 | order_time=144148 | qty=1 | price=346500
2026-06-01 14:41:48 | INFO | samsung_auto_trader | Waiting 5 seconds before post-sell balance check.
2026-06-01 14:41:53 | INFO | samsung_auto_trader | Token reuse: cached same-day token is valid.
2026-06-01 14:41:57 | INFO | samsung_auto_trader | Token reuse: cached same-day token is valid.
2026-06-01 14:42:00 | INFO | samsung_auto_trader | Token reuse: cached same-day token is valid.
2026-06-01 14:42:01 | INFO | samsung_auto_trader | Token reuse: cached same-day token is valid.
2026-06-01 14:42:02 | INFO | samsung_auto_trader | Token reuse: cached same-day token is valid.
2026-06-01 14:42:03 | INFO | samsung_auto_trader | Token reuse: cached same-day token is valid.
2026-06-01 14:42:04 | INFO | samsung_auto_trader | Token reuse: cached same-day token is valid.
2026-06-01 14:42:05 | INFO | samsung_auto_trader | Token reuse: cached same-day token is valid.
2026-06-01 14:42:06 | INFO | samsung_auto_trader | Token reuse: cached same-day token is valid.
2026-06-01 14:42:07 | INFO | samsung_auto_trader | Token reuse: cached same-day token is valid.
2026-06-01 14:42:09 | INFO | samsung_auto_trader | Token reuse: cached same-day token is valid.
2026-06-01 14:42:10 | INFO | samsung_auto_trader | Token reuse: cached same-day token is valid.
2026-06-01 14:42:11 | INFO | samsung_auto_trader | Holdings after sell | cash_available=5029021 | total_eval_amount=9571719 | samsung_holding={'symbol': '005930', 'qty': 11, 'sellable_qty': 7, 'avg_price': 0}
2026-06-01 14:42:11 | INFO | samsung_auto_trader | 
====================================================================
[STATUS] 2026-06-01 14:42:11 KST
holding | symbol=005930 qty=11 sellable_qty=7 avg_price=0
inventory_limits | initial=12 min=3 max=25 effective_position=9
open_orders | buy_open=2 sell_open=4 total_open=6
 - side=buy order_no=0000032930 time=143907 qty=1 filled=0 unfilled=1 price=344500 branch=
 - side=buy order_no=0000032821 time=143650 qty=1 filled=0 unfilled=1 price=344000 branch=
 - side=sell order_no=0000031605 time=142209 qty=1 filled=0 unfilled=1 price=349000 branch=
 - side=sell order_no=0000031068 time=141420 qty=1 filled=0 unfilled=1 price=349500 branch=
 - side=sell order_no=0000030853 time=141051 qty=1 filled=0 unfilled=1 price=350500 branch=
 - side=sell order_no=0000030604 time=140706 qty=1 filled=0 unfilled=1 price=350500 branch=
====================================================================
2026-06-01 14:42:11 | INFO | samsung_auto_trader | Execution check for sell: before_qty=12, after_qty=11, executed=True
2026-06-01 14:42:11 | INFO | samsung_auto_trader | Trade cycle finished.
2026-06-01 14:42:31 | INFO | samsung_auto_trader | Starting trade cycle.
2026-06-01 14:42:31 | INFO | samsung_auto_trader | Token reuse: cached same-day token is valid.
2026-06-01 14:42:32 | INFO | samsung_auto_trader | Current price: 347500 KRW | inferred_tick_size=500
2026-06-01 14:42:32 | INFO | samsung_auto_trader | Token reuse: cached same-day token is valid.
2026-06-01 14:42:37 | INFO | samsung_auto_trader | Token reuse: cached same-day token is valid.
2026-06-01 14:42:42 | INFO | samsung_auto_trader | Token reuse: cached same-day token is valid.
2026-06-01 14:42:44 | INFO | samsung_auto_trader | Token reuse: cached same-day token is valid.
2026-06-01 14:42:46 | INFO | samsung_auto_trader | Token reuse: cached same-day token is valid.
2026-06-01 14:42:47 | INFO | samsung_auto_trader | Token reuse: cached same-day token is valid.
2026-06-01 14:42:48 | INFO | samsung_auto_trader | Token reuse: cached same-day token is valid.
2026-06-01 14:42:49 | INFO | samsung_auto_trader | Token reuse: cached same-day token is valid.
2026-06-01 14:42:49 | WARNING | samsung_auto_trader | API request failed (GET /uapi/domestic-stock/v1/trading/inquire-daily-ccld, attempt 1/3): Retryable HTTP 500: {"rt_cd":"1","msg1":"초당 거래건수를 초과하였습니다.","msg_cd":"EGW00201","message":"EGW00201"}
2026-06-01 14:42:51 | INFO | samsung_auto_trader | Token reuse: cached same-day token is valid.
2026-06-01 14:42:52 | WARNING | samsung_auto_trader | API request failed (GET /uapi/domestic-stock/v1/trading/inquire-daily-ccld, attempt 1/3): Retryable HTTP 500: {"rt_cd":"1","msg1":"초당 거래건수를 초과하였습니다.","msg_cd":"EGW00201","message":"EGW00201"}
2026-06-01 14:42:57 | INFO | samsung_auto_trader | Token reuse: cached same-day token is valid.
2026-06-01 14:43:03 | INFO | samsung_auto_trader | Token reuse: cached same-day token is valid.
2026-06-01 14:43:10 | INFO | samsung_auto_trader | Token reuse: cached same-day token is valid.
2026-06-01 14:43:16 | INFO | samsung_auto_trader | Holdings before order | cash_available=5029021 | total_eval_amount=9574469 | samsung_holding={'symbol': '005930', 'qty': 11, 'sellable_qty': 7, 'avg_price': 0}
2026-06-01 14:43:16 | INFO | samsung_auto_trader | 
====================================================================
[STATUS] 2026-06-01 14:43:16 KST
holding | symbol=005930 qty=11 sellable_qty=7 avg_price=0
inventory_limits | initial=12 min=3 max=25 effective_position=9
open_orders | buy_open=2 sell_open=4 total_open=6
 - side=buy order_no=0000032930 time=143907 qty=1 filled=0 unfilled=1 price=344500 branch=
 - side=buy order_no=0000032821 time=143650 qty=1 filled=0 unfilled=1 price=344000 branch=
 - side=sell order_no=0000031605 time=142209 qty=1 filled=0 unfilled=1 price=349000 branch=
 - side=sell order_no=0000031068 time=141420 qty=1 filled=0 unfilled=1 price=349500 branch=
 - side=sell order_no=0000030853 time=141051 qty=1 filled=0 unfilled=1 price=350500 branch=
 - side=sell order_no=0000030604 time=140706 qty=1 filled=0 unfilled=1 price=350500 branch=
====================================================================
2026-06-01 14:43:16 | INFO | samsung_auto_trader | Price normalized by tick size | current=347500 tick=500 raw_buy=346500 buy=346500 raw_sell=348500 sell=348500
2026-06-01 14:43:16 | INFO | samsung_auto_trader | Buy order request: qty=1, price=346500
2026-06-01 14:43:16 | INFO | samsung_auto_trader | Token reuse: cached same-day token is valid.
2026-06-01 14:43:20 | INFO | samsung_auto_trader | Buy order accepted | order_no=00950 | order_time=144319 | qty=1 | price=346500
2026-06-01 14:43:20 | INFO | samsung_auto_trader | Waiting 5 seconds before post-buy balance check.
2026-06-01 14:43:25 | INFO | samsung_auto_trader | Token reuse: cached same-day token is valid.
2026-06-01 14:43:31 | INFO | samsung_auto_trader | Token reuse: cached same-day token is valid.
2026-06-01 14:43:36 | INFO | samsung_auto_trader | Token reuse: cached same-day token is valid.
2026-06-01 14:43:37 | INFO | samsung_auto_trader | Token reuse: cached same-day token is valid.
2026-06-01 14:43:38 | INFO | samsung_auto_trader | Token reuse: cached same-day token is valid.
2026-06-01 14:43:39 | INFO | samsung_auto_trader | Token reuse: cached same-day token is valid.
2026-06-01 14:43:40 | INFO | samsung_auto_trader | Token reuse: cached same-day token is valid.
2026-06-01 14:43:41 | INFO | samsung_auto_trader | Token reuse: cached same-day token is valid.
2026-06-01 14:43:42 | INFO | samsung_auto_trader | Token reuse: cached same-day token is valid.
2026-06-01 14:43:43 | INFO | samsung_auto_trader | Token reuse: cached same-day token is valid.
2026-06-01 14:43:44 | INFO | samsung_auto_trader | Token reuse: cached same-day token is valid.
2026-06-01 14:43:46 | INFO | samsung_auto_trader | Token reuse: cached same-day token is valid.
2026-06-01 14:43:48 | INFO | samsung_auto_trader | Holdings after buy | cash_available=4684254 | total_eval_amount=9577219 | samsung_holding={'symbol': '005930', 'qty': 11, 'sellable_qty': 7, 'avg_price': 0}
2026-06-01 14:43:48 | INFO | samsung_auto_trader | 
====================================================================
[STATUS] 2026-06-01 14:43:48 KST
holding | symbol=005930 qty=11 sellable_qty=7 avg_price=0
inventory_limits | initial=12 min=3 max=25 effective_position=10
open_orders | buy_open=3 sell_open=4 total_open=7
 - side=buy order_no=0000033135 time=144319 qty=1 filled=0 unfilled=1 price=346500 branch=
 - side=buy order_no=0000032930 time=143907 qty=1 filled=0 unfilled=1 price=344500 branch=
 - side=buy order_no=0000032821 time=143650 qty=1 filled=0 unfilled=1 price=344000 branch=
 - side=sell order_no=0000031605 time=142209 qty=1 filled=0 unfilled=1 price=349000 branch=
 - side=sell order_no=0000031068 time=141420 qty=1 filled=0 unfilled=1 price=349500 branch=
 - side=sell order_no=0000030853 time=141051 qty=1 filled=0 unfilled=1 price=350500 branch=
 - side=sell order_no=0000030604 time=140706 qty=1 filled=0 unfilled=1 price=350500 branch=
====================================================================
2026-06-01 14:43:48 | INFO | samsung_auto_trader | Execution check for buy: before_qty=11, after_qty=11, executed=False
2026-06-01 14:43:48 | INFO | samsung_auto_trader | Token reuse: cached same-day token is valid.
2026-06-01 14:43:50 | INFO | samsung_auto_trader | Token reuse: cached same-day token is valid.
2026-06-01 14:43:52 | INFO | samsung_auto_trader | Token reuse: cached same-day token is valid.
2026-06-01 14:43:54 | INFO | samsung_auto_trader | Token reuse: cached same-day token is valid.
2026-06-01 14:43:56 | INFO | samsung_auto_trader | Token reuse: cached same-day token is valid.
2026-06-01 14:44:02 | INFO | samsung_auto_trader | Token reuse: cached same-day token is valid.
2026-06-01 14:44:06 | INFO | samsung_auto_trader | Token reuse: cached same-day token is valid.
2026-06-01 14:44:10 | INFO | samsung_auto_trader | Token reuse: cached same-day token is valid.
2026-06-01 14:44:15 | INFO | samsung_auto_trader | Token reuse: cached same-day token is valid.
2026-06-01 14:44:19 | INFO | samsung_auto_trader | Token reuse: cached same-day token is valid.
2026-06-01 14:44:22 | INFO | samsung_auto_trader | Sell order request: qty=1, price=348500 | sellable_qty=7 min_position=3
2026-06-01 14:44:22 | INFO | samsung_auto_trader | Token reuse: cached same-day token is valid.
2026-06-01 14:44:25 | INFO | samsung_auto_trader | Sell order accepted | order_no=00950 | order_time=144425 | qty=1 | price=348500
2026-06-01 14:44:25 | INFO | samsung_auto_trader | Waiting 5 seconds before post-sell balance check.
2026-06-01 14:44:30 | INFO | samsung_auto_trader | Token reuse: cached same-day token is valid.
2026-06-01 14:44:38 | INFO | samsung_auto_trader | Token reuse: cached same-day token is valid.
2026-06-01 14:44:45 | INFO | samsung_auto_trader | Token reuse: cached same-day token is valid.
2026-06-01 14:44:47 | INFO | samsung_auto_trader | Token reuse: cached same-day token is valid.
2026-06-01 14:44:49 | INFO | samsung_auto_trader | Token reuse: cached same-day token is valid.
2026-06-01 14:44:50 | INFO | samsung_auto_trader | Token reuse: cached same-day token is valid.
2026-06-01 14:44:52 | INFO | samsung_auto_trader | Token reuse: cached same-day token is valid.
2026-06-01 14:44:53 | INFO | samsung_auto_trader | Token reuse: cached same-day token is valid.
2026-06-01 14:44:55 | INFO | samsung_auto_trader | Token reuse: cached same-day token is valid.
2026-06-01 14:44:57 | INFO | samsung_auto_trader | Token reuse: cached same-day token is valid.
2026-06-01 14:44:58 | INFO | samsung_auto_trader | Token reuse: cached same-day token is valid.
2026-06-01 14:45:00 | INFO | samsung_auto_trader | Token reuse: cached same-day token is valid.
2026-06-01 14:45:02 | INFO | samsung_auto_trader | Holdings after sell | cash_available=5376184 | total_eval_amount=9582724 | samsung_holding={'symbol': '005930', 'qty': 9, 'sellable_qty': 6, 'avg_price': 0}
2026-06-01 14:45:02 | INFO | samsung_auto_trader | 
====================================================================
[STATUS] 2026-06-01 14:45:02 KST
holding | symbol=005930 qty=9 sellable_qty=6 avg_price=0
inventory_limits | initial=12 min=3 max=25 effective_position=9
open_orders | buy_open=3 sell_open=3 total_open=6
 - side=buy order_no=0000033135 time=144319 qty=1 filled=0 unfilled=1 price=346500 branch=
 - side=buy order_no=0000032930 time=143907 qty=1 filled=0 unfilled=1 price=344500 branch=
 - side=buy order_no=0000032821 time=143650 qty=1 filled=0 unfilled=1 price=344000 branch=
 - side=sell order_no=0000031068 time=141420 qty=1 filled=0 unfilled=1 price=349500 branch=
 - side=sell order_no=0000030853 time=141051 qty=1 filled=0 unfilled=1 price=350500 branch=
 - side=sell order_no=0000030604 time=140706 qty=1 filled=0 unfilled=1 price=350500 branch=
====================================================================
2026-06-01 14:45:02 | INFO | samsung_auto_trader | Execution check for sell: before_qty=11, after_qty=9, executed=True
2026-06-01 14:45:02 | INFO | samsung_auto_trader | Trade cycle finished.
2026-06-01 14:45:22 | INFO | samsung_auto_trader | Starting trade cycle.
2026-06-01 14:45:22 | INFO | samsung_auto_trader | Token reuse: cached same-day token is valid.
2026-06-01 14:45:26 | INFO | samsung_auto_trader | Current price: 348750 KRW | inferred_tick_size=500
2026-06-01 14:45:26 | INFO | samsung_auto_trader | Token reuse: cached same-day token is valid.
2026-06-01 14:45:32 | INFO | samsung_auto_trader | Token reuse: cached same-day token is valid.
2026-06-01 14:45:38 | INFO | samsung_auto_trader | Token reuse: cached same-day token is valid.
2026-06-01 14:45:45 | INFO | samsung_auto_trader | Token reuse: cached same-day token is valid.
2026-06-01 14:45:50 | INFO | samsung_auto_trader | Token reuse: cached same-day token is valid.
2026-06-01 14:45:55 | INFO | samsung_auto_trader | Token reuse: cached same-day token is valid.
2026-06-01 14:46:00 | INFO | samsung_auto_trader | Token reuse: cached same-day token is valid.
2026-06-01 14:46:07 | INFO | samsung_auto_trader | Token reuse: cached same-day token is valid.
2026-06-01 14:46:14 | INFO | samsung_auto_trader | Token reuse: cached same-day token is valid.
2026-06-01 14:46:19 | INFO | samsung_auto_trader | Token reuse: cached same-day token is valid.
2026-06-01 14:46:24 | INFO | samsung_auto_trader | Token reuse: cached same-day token is valid.
2026-06-01 14:46:28 | INFO | samsung_auto_trader | Token reuse: cached same-day token is valid.
2026-06-01 14:46:29 | INFO | samsung_auto_trader | Holdings before order | cash_available=5376184 | total_eval_amount=9589474 | samsung_holding={'symbol': '005930', 'qty': 9, 'sellable_qty': 6, 'avg_price': 0}
2026-06-01 14:46:29 | INFO | samsung_auto_trader | 
====================================================================
[STATUS] 2026-06-01 14:46:29 KST
holding | symbol=005930 qty=9 sellable_qty=6 avg_price=0
inventory_limits | initial=12 min=3 max=25 effective_position=9
open_orders | buy_open=3 sell_open=3 total_open=6
 - side=buy order_no=0000033135 time=144319 qty=1 filled=0 unfilled=1 price=346500 branch=
 - side=buy order_no=0000032930 time=143907 qty=1 filled=0 unfilled=1 price=344500 branch=
 - side=buy order_no=0000032821 time=143650 qty=1 filled=0 unfilled=1 price=344000 branch=
 - side=sell order_no=0000031068 time=141420 qty=1 filled=0 unfilled=1 price=349500 branch=
 - side=sell order_no=0000030853 time=141051 qty=1 filled=0 unfilled=1 price=350500 branch=
 - side=sell order_no=0000030604 time=140706 qty=1 filled=0 unfilled=1 price=350500 branch=
====================================================================
2026-06-01 14:46:29 | INFO | samsung_auto_trader | Price normalized by tick size | current=348750 tick=500 raw_buy=347750 buy=347500 raw_sell=349750 sell=350000
2026-06-01 14:46:29 | INFO | samsung_auto_trader | Buy order request: qty=1, price=347500
2026-06-01 14:46:29 | INFO | samsung_auto_trader | Token reuse: cached same-day token is valid.
2026-06-01 14:46:31 | INFO | samsung_auto_trader | Buy order accepted | order_no=00950 | order_time=144631 | qty=1 | price=347500
2026-06-01 14:46:31 | INFO | samsung_auto_trader | Waiting 5 seconds before post-buy balance check.
2026-06-01 14:46:36 | INFO | samsung_auto_trader | Token reuse: cached same-day token is valid.
2026-06-01 14:46:39 | INFO | samsung_auto_trader | Token reuse: cached same-day token is valid.
2026-06-01 14:46:43 | INFO | samsung_auto_trader | Token reuse: cached same-day token is valid.
2026-06-01 14:46:47 | INFO | samsung_auto_trader | Token reuse: cached same-day token is valid.
2026-06-01 14:46:52 | INFO | samsung_auto_trader | Token reuse: cached same-day token is valid.
2026-06-01 14:46:56 | INFO | samsung_auto_trader | Token reuse: cached same-day token is valid.
2026-06-01 14:47:01 | INFO | samsung_auto_trader | Token reuse: cached same-day token is valid.
2026-06-01 14:47:07 | INFO | samsung_auto_trader | Token reuse: cached same-day token is valid.
2026-06-01 14:47:14 | INFO | samsung_auto_trader | Token reuse: cached same-day token is valid.
2026-06-01 14:47:20 | INFO | samsung_auto_trader | Token reuse: cached same-day token is valid.
2026-06-01 14:47:26 | INFO | samsung_auto_trader | Token reuse: cached same-day token is valid.
2026-06-01 14:47:32 | INFO | samsung_auto_trader | Token reuse: cached same-day token is valid.
2026-06-01 14:47:36 | INFO | samsung_auto_trader | Holdings after buy | cash_available=5030422 | total_eval_amount=9591724 | samsung_holding={'symbol': '005930', 'qty': 9, 'sellable_qty': 6, 'avg_price': 0}
2026-06-01 14:47:36 | INFO | samsung_auto_trader | 
====================================================================
[STATUS] 2026-06-01 14:47:36 KST
holding | symbol=005930 qty=9 sellable_qty=6 avg_price=0
inventory_limits | initial=12 min=3 max=25 effective_position=10
open_orders | buy_open=4 sell_open=3 total_open=7
 - side=buy order_no=0000033288 time=144631 qty=1 filled=0 unfilled=1 price=347500 branch=
 - side=buy order_no=0000033135 time=144319 qty=1 filled=0 unfilled=1 price=346500 branch=
 - side=buy order_no=0000032930 time=143907 qty=1 filled=0 unfilled=1 price=344500 branch=
 - side=buy order_no=0000032821 time=143650 qty=1 filled=0 unfilled=1 price=344000 branch=
 - side=sell order_no=0000031068 time=141420 qty=1 filled=0 unfilled=1 price=349500 branch=
 - side=sell order_no=0000030853 time=141051 qty=1 filled=0 unfilled=1 price=350500 branch=
 - side=sell order_no=0000030604 time=140706 qty=1 filled=0 unfilled=1 price=350500 branch=
====================================================================
2026-06-01 14:47:36 | INFO | samsung_auto_trader | Execution check for buy: before_qty=9, after_qty=9, executed=False
2026-06-01 14:47:36 | INFO | samsung_auto_trader | Token reuse: cached same-day token is valid.
2026-06-01 14:47:41 | INFO | samsung_auto_trader | Token reuse: cached same-day token is valid.
2026-06-01 14:47:47 | INFO | samsung_auto_trader | Token reuse: cached same-day token is valid.
2026-06-01 14:47:52 | INFO | samsung_auto_trader | Token reuse: cached same-day token is valid.
2026-06-01 14:47:57 | INFO | samsung_auto_trader | Token reuse: cached same-day token is valid.
2026-06-01 14:48:02 | INFO | samsung_auto_trader | Token reuse: cached same-day token is valid.
2026-06-01 14:48:09 | INFO | samsung_auto_trader | Token reuse: cached same-day token is valid.
2026-06-01 14:48:16 | INFO | samsung_auto_trader | Token reuse: cached same-day token is valid.
2026-06-01 14:48:24 | INFO | samsung_auto_trader | Token reuse: cached same-day token is valid.
2026-06-01 14:48:30 | INFO | samsung_auto_trader | Token reuse: cached same-day token is valid.
2026-06-01 14:48:36 | INFO | samsung_auto_trader | Sell order request: qty=1, price=350000 | sellable_qty=6 min_position=3
2026-06-01 14:48:36 | INFO | samsung_auto_trader | Token reuse: cached same-day token is valid.
2026-06-01 14:48:38 | INFO | samsung_auto_trader | Sell order accepted | order_no=00950 | order_time=144838 | qty=1 | price=350000
2026-06-01 14:48:38 | INFO | samsung_auto_trader | Waiting 5 seconds before post-sell balance check.
2026-06-01 14:48:43 | INFO | samsung_auto_trader | Token reuse: cached same-day token is valid.
2026-06-01 14:48:47 | INFO | samsung_auto_trader | Token reuse: cached same-day token is valid.
2026-06-01 14:48:53 | INFO | samsung_auto_trader | Token reuse: cached same-day token is valid.
2026-06-01 14:48:59 | INFO | samsung_auto_trader | Token reuse: cached same-day token is valid.
2026-06-01 14:49:05 | INFO | samsung_auto_trader | Token reuse: cached same-day token is valid.
2026-06-01 14:49:14 | INFO | samsung_auto_trader | Token reuse: cached same-day token is valid.
2026-06-01 14:49:22 | INFO | samsung_auto_trader | Token reuse: cached same-day token is valid.
2026-06-01 14:49:29 | INFO | samsung_auto_trader | Token reuse: cached same-day token is valid.
2026-06-01 14:49:35 | INFO | samsung_auto_trader | Token reuse: cached same-day token is valid.
2026-06-01 14:49:40 | INFO | samsung_auto_trader | Token reuse: cached same-day token is valid.
2026-06-01 14:49:46 | INFO | samsung_auto_trader | Token reuse: cached same-day token is valid.
2026-06-01 14:49:47 | INFO | samsung_auto_trader | Token reuse: cached same-day token is valid.
2026-06-01 14:49:47 | INFO | samsung_auto_trader | Holdings after sell | cash_available=5377132 | total_eval_amount=9595475 | samsung_holding={'symbol': '005930', 'qty': 8, 'sellable_qty': 5, 'avg_price': 0}
2026-06-01 14:49:47 | INFO | samsung_auto_trader | 
====================================================================
[STATUS] 2026-06-01 14:49:47 KST
holding | symbol=005930 qty=8 sellable_qty=5 avg_price=0
inventory_limits | initial=12 min=3 max=25 effective_position=9
open_orders | buy_open=4 sell_open=3 total_open=7
 - side=sell order_no=0000033394 time=144838 qty=1 filled=0 unfilled=1 price=350000 branch=
 - side=buy order_no=0000033288 time=144631 qty=1 filled=0 unfilled=1 price=347500 branch=
 - side=buy order_no=0000033135 time=144319 qty=1 filled=0 unfilled=1 price=346500 branch=
 - side=buy order_no=0000032930 time=143907 qty=1 filled=0 unfilled=1 price=344500 branch=
 - side=buy order_no=0000032821 time=143650 qty=1 filled=0 unfilled=1 price=344000 branch=
 - side=sell order_no=0000030853 time=141051 qty=1 filled=0 unfilled=1 price=350500 branch=
 - side=sell order_no=0000030604 time=140706 qty=1 filled=0 unfilled=1 price=350500 branch=
====================================================================
2026-06-01 14:49:47 | INFO | samsung_auto_trader | Execution check for sell: before_qty=9, after_qty=8, executed=True
2026-06-01 14:49:47 | INFO | samsung_auto_trader | Trade cycle finished.
2026-06-01 14:50:07 | INFO | samsung_auto_trader | Starting trade cycle.
2026-06-01 14:50:07 | INFO | samsung_auto_trader | Token reuse: cached same-day token is valid.
2026-06-01 14:50:09 | INFO | samsung_auto_trader | Current price: 350000 KRW | inferred_tick_size=500
2026-06-01 14:50:09 | INFO | samsung_auto_trader | Token reuse: cached same-day token is valid.
2026-06-01 14:50:09 | WARNING | samsung_auto_trader | API request failed (GET /uapi/domestic-stock/v1/trading/inquire-balance, attempt 1/3): ('Connection aborted.', RemoteDisconnected('Remote end closed connection without response'))
2026-06-01 14:50:20 | INFO | samsung_auto_trader | Token reuse: cached same-day token is valid.
2026-06-01 14:50:30 | INFO | samsung_auto_trader | Token reuse: cached same-day token is valid.
2026-06-01 14:50:38 | INFO | samsung_auto_trader | Token reuse: cached same-day token is valid.
2026-06-01 14:50:45 | INFO | samsung_auto_trader | Token reuse: cached same-day token is valid.
2026-06-01 14:50:52 | INFO | samsung_auto_trader | Token reuse: cached same-day token is valid.
2026-06-01 14:50:57 | INFO | samsung_auto_trader | Token reuse: cached same-day token is valid.
2026-06-01 14:51:01 | INFO | samsung_auto_trader | Token reuse: cached same-day token is valid.
2026-06-01 14:51:07 | INFO | samsung_auto_trader | Token reuse: cached same-day token is valid.
2026-06-01 14:51:14 | INFO | samsung_auto_trader | Token reuse: cached same-day token is valid.
2026-06-01 14:51:21 | INFO | samsung_auto_trader | Token reuse: cached same-day token is valid.
2026-06-01 14:51:27 | INFO | samsung_auto_trader | Token reuse: cached same-day token is valid.
2026-06-01 14:51:32 | INFO | samsung_auto_trader | Holdings before order | cash_available=5724337 | total_eval_amount=9596975 | samsung_holding={'symbol': '005930', 'qty': 7, 'sellable_qty': 5, 'avg_price': 0}
2026-06-01 14:51:32 | INFO | samsung_auto_trader | 
====================================================================
[STATUS] 2026-06-01 14:51:32 KST
holding | symbol=005930 qty=7 sellable_qty=5 avg_price=0
inventory_limits | initial=12 min=3 max=25 effective_position=9
open_orders | buy_open=4 sell_open=2 total_open=6
 - side=buy order_no=0000033288 time=144631 qty=1 filled=0 unfilled=1 price=347500 branch=
 - side=buy order_no=0000033135 time=144319 qty=1 filled=0 unfilled=1 price=346500 branch=
 - side=buy order_no=0000032930 time=143907 qty=1 filled=0 unfilled=1 price=344500 branch=
 - side=buy order_no=0000032821 time=143650 qty=1 filled=0 unfilled=1 price=344000 branch=
 - side=sell order_no=0000030853 time=141051 qty=1 filled=0 unfilled=1 price=350500 branch=
 - side=sell order_no=0000030604 time=140706 qty=1 filled=0 unfilled=1 price=350500 branch=
====================================================================
2026-06-01 14:51:32 | INFO | samsung_auto_trader | Price normalized by tick size | current=350000 tick=500 raw_buy=349000 buy=349000 raw_sell=351000 sell=351000
2026-06-01 14:51:32 | INFO | samsung_auto_trader | Buy order request: qty=1, price=349000
2026-06-01 14:51:32 | INFO | samsung_auto_trader | Token reuse: cached same-day token is valid.
2026-06-01 14:51:32 | INFO | samsung_auto_trader | Buy order accepted | order_no=00950 | order_time=145132 | qty=1 | price=349000
2026-06-01 14:51:32 | INFO | samsung_auto_trader | Waiting 5 seconds before post-buy balance check.
2026-06-01 14:51:37 | INFO | samsung_auto_trader | Token reuse: cached same-day token is valid.
2026-06-01 14:51:37 | WARNING | samsung_auto_trader | API request failed (GET /uapi/domestic-stock/v1/trading/inquire-balance, attempt 1/3): ('Connection aborted.', RemoteDisconnected('Remote end closed connection without response'))
2026-06-01 14:51:45 | INFO | samsung_auto_trader | Token reuse: cached same-day token is valid.
2026-06-01 14:51:50 | INFO | samsung_auto_trader | Token reuse: cached same-day token is valid.
2026-06-01 14:51:51 | INFO | samsung_auto_trader | Token reuse: cached same-day token is valid.
2026-06-01 14:51:52 | INFO | samsung_auto_trader | Token reuse: cached same-day token is valid.
2026-06-01 14:51:52 | WARNING | samsung_auto_trader | API request failed (GET /uapi/domestic-stock/v1/trading/inquire-daily-ccld, attempt 1/3): Retryable HTTP 500: {"rt_cd":"1","msg1":"초당 거래건수를 초과하였습니다.","msg_cd":"EGW00201","message":"EGW00201"}
2026-06-01 14:51:55 | INFO | samsung_auto_trader | Token reuse: cached same-day token is valid.
2026-06-01 14:51:56 | INFO | samsung_auto_trader | Token reuse: cached same-day token is valid.
2026-06-01 14:51:57 | INFO | samsung_auto_trader | Token reuse: cached same-day token is valid.
2026-06-01 14:51:58 | INFO | samsung_auto_trader | Token reuse: cached same-day token is valid.
2026-06-01 14:51:59 | INFO | samsung_auto_trader | Token reuse: cached same-day token is valid.
2026-06-01 14:52:03 | INFO | samsung_auto_trader | Token reuse: cached same-day token is valid.
2026-06-01 14:52:08 | INFO | samsung_auto_trader | Token reuse: cached same-day token is valid.
2026-06-01 14:52:14 | INFO | samsung_auto_trader | Token reuse: cached same-day token is valid.
2026-06-01 14:52:20 | INFO | samsung_auto_trader | Holdings after buy | cash_available=5377082 | total_eval_amount=9595675 | samsung_holding={'symbol': '005930', 'qty': 8, 'sellable_qty': 6, 'avg_price': 0}
2026-06-01 14:52:20 | INFO | samsung_auto_trader | 
====================================================================
[STATUS] 2026-06-01 14:52:20 KST
holding | symbol=005930 qty=8 sellable_qty=6 avg_price=0
inventory_limits | initial=12 min=3 max=25 effective_position=10
open_orders | buy_open=4 sell_open=2 total_open=6
 - side=buy order_no=0000033288 time=144631 qty=1 filled=0 unfilled=1 price=347500 branch=
 - side=buy order_no=0000033135 time=144319 qty=1 filled=0 unfilled=1 price=346500 branch=
 - side=buy order_no=0000032930 time=143907 qty=1 filled=0 unfilled=1 price=344500 branch=
 - side=buy order_no=0000032821 time=143650 qty=1 filled=0 unfilled=1 price=344000 branch=
 - side=sell order_no=0000030853 time=141051 qty=1 filled=0 unfilled=1 price=350500 branch=
 - side=sell order_no=0000030604 time=140706 qty=1 filled=0 unfilled=1 price=350500 branch=
====================================================================
2026-06-01 14:52:20 | INFO | samsung_auto_trader | Execution check for buy: before_qty=7, after_qty=8, executed=True
2026-06-01 14:52:20 | INFO | samsung_auto_trader | Token reuse: cached same-day token is valid.
2026-06-01 14:52:26 | INFO | samsung_auto_trader | Token reuse: cached same-day token is valid.
2026-06-01 14:52:30 | INFO | samsung_auto_trader | Token reuse: cached same-day token is valid.
2026-06-01 14:52:35 | INFO | samsung_auto_trader | Token reuse: cached same-day token is valid.
2026-06-01 14:52:39 | INFO | samsung_auto_trader | Token reuse: cached same-day token is valid.
2026-06-01 14:52:42 | INFO | samsung_auto_trader | Token reuse: cached same-day token is valid.
2026-06-01 14:52:45 | INFO | samsung_auto_trader | Token reuse: cached same-day token is valid.
2026-06-01 14:52:48 | INFO | samsung_auto_trader | Token reuse: cached same-day token is valid.
2026-06-01 14:52:51 | INFO | samsung_auto_trader | Token reuse: cached same-day token is valid.
2026-06-01 14:52:53 | INFO | samsung_auto_trader | Token reuse: cached same-day token is valid.
2026-06-01 14:52:56 | INFO | samsung_auto_trader | Token reuse: cached same-day token is valid.
2026-06-01 14:52:58 | INFO | samsung_auto_trader | Sell order request: qty=1, price=351000 | sellable_qty=6 min_position=3
2026-06-01 14:52:58 | INFO | samsung_auto_trader | Token reuse: cached same-day token is valid.
2026-06-01 14:52:58 | INFO | samsung_auto_trader | Sell order accepted | order_no=00950 | order_time=145258 | qty=1 | price=351000
2026-06-01 14:52:58 | INFO | samsung_auto_trader | Waiting 5 seconds before post-sell balance check.
2026-06-01 14:53:03 | INFO | samsung_auto_trader | Token reuse: cached same-day token is valid.
2026-06-01 14:53:03 | WARNING | samsung_auto_trader | API request failed (GET /uapi/domestic-stock/v1/trading/inquire-balance, attempt 1/3): ('Connection aborted.', RemoteDisconnected('Remote end closed connection without response'))
2026-06-01 14:53:13 | INFO | samsung_auto_trader | Token reuse: cached same-day token is valid.
2026-06-01 14:53:20 | INFO | samsung_auto_trader | Token reuse: cached same-day token is valid.
2026-06-01 14:53:23 | INFO | samsung_auto_trader | Token reuse: cached same-day token is valid.
2026-06-01 14:53:26 | INFO | samsung_auto_trader | Token reuse: cached same-day token is valid.
2026-06-01 14:53:28 | INFO | samsung_auto_trader | Token reuse: cached same-day token is valid.
2026-06-01 14:53:30 | INFO | samsung_auto_trader | Token reuse: cached same-day token is valid.
2026-06-01 14:53:32 | INFO | samsung_auto_trader | Token reuse: cached same-day token is valid.
2026-06-01 14:53:33 | INFO | samsung_auto_trader | Token reuse: cached same-day token is valid.
2026-06-01 14:53:36 | INFO | samsung_auto_trader | Token reuse: cached same-day token is valid.
2026-06-01 14:53:37 | INFO | samsung_auto_trader | Token reuse: cached same-day token is valid.
2026-06-01 14:53:38 | INFO | samsung_auto_trader | Token reuse: cached same-day token is valid.
2026-06-01 14:53:40 | INFO | samsung_auto_trader | Token reuse: cached same-day token is valid.
2026-06-01 14:53:41 | INFO | samsung_auto_trader | Holdings after sell | cash_available=5377082 | total_eval_amount=9591675 | samsung_holding={'symbol': '005930', 'qty': 8, 'sellable_qty': 5, 'avg_price': 0}
2026-06-01 14:53:41 | INFO | samsung_auto_trader | 
====================================================================
[STATUS] 2026-06-01 14:53:41 KST
holding | symbol=005930 qty=8 sellable_qty=5 avg_price=0
inventory_limits | initial=12 min=3 max=25 effective_position=9
open_orders | buy_open=4 sell_open=3 total_open=7
 - side=sell order_no=0000033615 time=145258 qty=1 filled=0 unfilled=1 price=351000 branch=
 - side=buy order_no=0000033288 time=144631 qty=1 filled=0 unfilled=1 price=347500 branch=
 - side=buy order_no=0000033135 time=144319 qty=1 filled=0 unfilled=1 price=346500 branch=
 - side=buy order_no=0000032930 time=143907 qty=1 filled=0 unfilled=1 price=344500 branch=
 - side=buy order_no=0000032821 time=143650 qty=1 filled=0 unfilled=1 price=344000 branch=
 - side=sell order_no=0000030853 time=141051 qty=1 filled=0 unfilled=1 price=350500 branch=
 - side=sell order_no=0000030604 time=140706 qty=1 filled=0 unfilled=1 price=350500 branch=
====================================================================
2026-06-01 14:53:41 | INFO | samsung_auto_trader | Execution check for sell: before_qty=8, after_qty=8, executed=False
2026-06-01 14:53:41 | INFO | samsung_auto_trader | Trade cycle finished.
2026-06-01 14:54:01 | INFO | samsung_auto_trader | Starting trade cycle.
2026-06-01 14:54:01 | INFO | samsung_auto_trader | Token reuse: cached same-day token is valid.
2026-06-01 14:54:01 | INFO | samsung_auto_trader | Current price: 349000 KRW | inferred_tick_size=500
2026-06-01 14:54:02 | INFO | samsung_auto_trader | Token reuse: cached same-day token is valid.
2026-06-01 14:54:07 | INFO | samsung_auto_trader | Token reuse: cached same-day token is valid.
2026-06-01 14:54:13 | INFO | samsung_auto_trader | Token reuse: cached same-day token is valid.
2026-06-01 14:54:15 | INFO | samsung_auto_trader | Token reuse: cached same-day token is valid.
2026-06-01 14:54:17 | INFO | samsung_auto_trader | Token reuse: cached same-day token is valid.
2026-06-01 14:54:19 | INFO | samsung_auto_trader | Token reuse: cached same-day token is valid.
2026-06-01 14:54:22 | INFO | samsung_auto_trader | Token reuse: cached same-day token is valid.
2026-06-01 14:54:24 | INFO | samsung_auto_trader | Token reuse: cached same-day token is valid.
2026-06-01 14:54:27 | INFO | samsung_auto_trader | Token reuse: cached same-day token is valid.
2026-06-01 14:54:30 | INFO | samsung_auto_trader | Token reuse: cached same-day token is valid.
2026-06-01 14:54:33 | INFO | samsung_auto_trader | Token reuse: cached same-day token is valid.
2026-06-01 14:54:36 | INFO | samsung_auto_trader | Token reuse: cached same-day token is valid.
2026-06-01 14:54:38 | INFO | samsung_auto_trader | Token reuse: cached same-day token is valid.
2026-06-01 14:54:41 | INFO | samsung_auto_trader | Holdings before order | cash_available=5377082 | total_eval_amount=9591675 | samsung_holding={'symbol': '005930', 'qty': 8, 'sellable_qty': 5, 'avg_price': 0}
2026-06-01 14:54:41 | INFO | samsung_auto_trader | 
====================================================================
[STATUS] 2026-06-01 14:54:41 KST
holding | symbol=005930 qty=8 sellable_qty=5 avg_price=0
inventory_limits | initial=12 min=3 max=25 effective_position=9
open_orders | buy_open=4 sell_open=3 total_open=7
 - side=sell order_no=0000033615 time=145258 qty=1 filled=0 unfilled=1 price=351000 branch=
 - side=buy order_no=0000033288 time=144631 qty=1 filled=0 unfilled=1 price=347500 branch=
 - side=buy order_no=0000033135 time=144319 qty=1 filled=0 unfilled=1 price=346500 branch=
 - side=buy order_no=0000032930 time=143907 qty=1 filled=0 unfilled=1 price=344500 branch=
 - side=buy order_no=0000032821 time=143650 qty=1 filled=0 unfilled=1 price=344000 branch=
 - side=sell order_no=0000030853 time=141051 qty=1 filled=0 unfilled=1 price=350500 branch=
 - side=sell order_no=0000030604 time=140706 qty=1 filled=0 unfilled=1 price=350500 branch=
====================================================================
2026-06-01 14:54:41 | INFO | samsung_auto_trader | Price normalized by tick size | current=349000 tick=500 raw_buy=348000 buy=348000 raw_sell=350000 sell=350000
2026-06-01 14:54:41 | INFO | samsung_auto_trader | Buy order request: qty=1, price=348000
2026-06-01 14:54:41 | INFO | samsung_auto_trader | Token reuse: cached same-day token is valid.
2026-06-01 14:54:43 | INFO | samsung_auto_trader | Buy order accepted | order_no=00950 | order_time=145443 | qty=1 | price=348000
2026-06-01 14:54:43 | INFO | samsung_auto_trader | Waiting 5 seconds before post-buy balance check.
2026-06-01 14:54:48 | INFO | samsung_auto_trader | Token reuse: cached same-day token is valid.
2026-06-01 14:54:54 | INFO | samsung_auto_trader | Token reuse: cached same-day token is valid.
2026-06-01 14:54:59 | INFO | samsung_auto_trader | Token reuse: cached same-day token is valid.
2026-06-01 14:55:00 | INFO | samsung_auto_trader | Token reuse: cached same-day token is valid.
2026-06-01 14:55:01 | INFO | samsung_auto_trader | Token reuse: cached same-day token is valid.
2026-06-01 14:55:03 | INFO | samsung_auto_trader | Token reuse: cached same-day token is valid.
2026-06-01 14:55:05 | INFO | samsung_auto_trader | Token reuse: cached same-day token is valid.
2026-06-01 14:55:07 | INFO | samsung_auto_trader | Token reuse: cached same-day token is valid.
2026-06-01 14:55:09 | INFO | samsung_auto_trader | Token reuse: cached same-day token is valid.
2026-06-01 14:55:11 | INFO | samsung_auto_trader | Token reuse: cached same-day token is valid.
2026-06-01 14:55:12 | INFO | samsung_auto_trader | Token reuse: cached same-day token is valid.
2026-06-01 14:55:13 | INFO | samsung_auto_trader | Token reuse: cached same-day token is valid.
2026-06-01 14:55:14 | INFO | samsung_auto_trader | Token reuse: cached same-day token is valid.
2026-06-01 14:55:15 | INFO | samsung_auto_trader | Holdings after buy | cash_available=5030822 | total_eval_amount=9591675 | samsung_holding={'symbol': '005930', 'qty': 8, 'sellable_qty': 5, 'avg_price': 0}
2026-06-01 14:55:15 | INFO | samsung_auto_trader | 
====================================================================
[STATUS] 2026-06-01 14:55:15 KST
holding | symbol=005930 qty=8 sellable_qty=5 avg_price=0
inventory_limits | initial=12 min=3 max=25 effective_position=10
open_orders | buy_open=5 sell_open=3 total_open=8
 - side=buy order_no=0000033690 time=145443 qty=1 filled=0 unfilled=1 price=348000 branch=
 - side=sell order_no=0000033615 time=145258 qty=1 filled=0 unfilled=1 price=351000 branch=
 - side=buy order_no=0000033288 time=144631 qty=1 filled=0 unfilled=1 price=347500 branch=
 - side=buy order_no=0000033135 time=144319 qty=1 filled=0 unfilled=1 price=346500 branch=
 - side=buy order_no=0000032930 time=143907 qty=1 filled=0 unfilled=1 price=344500 branch=
 - side=buy order_no=0000032821 time=143650 qty=1 filled=0 unfilled=1 price=344000 branch=
 - side=sell order_no=0000030853 time=141051 qty=1 filled=0 unfilled=1 price=350500 branch=
 - side=sell order_no=0000030604 time=140706 qty=1 filled=0 unfilled=1 price=350500 branch=
====================================================================
2026-06-01 14:55:15 | INFO | samsung_auto_trader | Execution check for buy: before_qty=8, after_qty=8, executed=False
2026-06-01 14:55:15 | INFO | samsung_auto_trader | Token reuse: cached same-day token is valid.
2026-06-01 14:55:15 | WARNING | samsung_auto_trader | API request failed (GET /uapi/domestic-stock/v1/trading/inquire-daily-ccld, attempt 1/3): Retryable HTTP 500: {"rt_cd":"1","msg1":"초당 거래건수를 초과하였습니다.","msg_cd":"EGW00201","message":"EGW00201"}
2026-06-01 14:55:27 | WARNING | samsung_auto_trader | API request failed (GET /uapi/domestic-stock/v1/trading/inquire-daily-ccld, attempt 2/3): HTTPSConnectionPool(host='openapivts.koreainvestment.com', port=29443): Read timed out. (read timeout=10)
2026-06-01 14:55:39 | INFO | samsung_auto_trader | Token reuse: cached same-day token is valid.
2026-06-01 14:55:47 | INFO | samsung_auto_trader | Token reuse: cached same-day token is valid.
2026-06-01 14:55:54 | INFO | samsung_auto_trader | Token reuse: cached same-day token is valid.
2026-06-01 14:56:01 | INFO | samsung_auto_trader | Token reuse: cached same-day token is valid.
2026-06-01 14:56:09 | INFO | samsung_auto_trader | Token reuse: cached same-day token is valid.
2026-06-01 14:56:16 | INFO | samsung_auto_trader | Token reuse: cached same-day token is valid.
2026-06-01 14:56:22 | INFO | samsung_auto_trader | Token reuse: cached same-day token is valid.
2026-06-01 14:56:29 | INFO | samsung_auto_trader | Token reuse: cached same-day token is valid.
2026-06-01 14:56:36 | INFO | samsung_auto_trader | Token reuse: cached same-day token is valid.
2026-06-01 14:56:41 | INFO | samsung_auto_trader | Token reuse: cached same-day token is valid.
2026-06-01 14:56:47 | INFO | samsung_auto_trader | Sell order request: qty=1, price=350000 | sellable_qty=5 min_position=3
2026-06-01 14:56:47 | INFO | samsung_auto_trader | Token reuse: cached same-day token is valid.
2026-06-01 14:56:49 | INFO | samsung_auto_trader | Sell order accepted | order_no=00950 | order_time=145649 | qty=1 | price=350000
2026-06-01 14:56:49 | INFO | samsung_auto_trader | Waiting 5 seconds before post-sell balance check.
2026-06-01 14:56:54 | INFO | samsung_auto_trader | Token reuse: cached same-day token is valid.
2026-06-01 14:56:54 | WARNING | samsung_auto_trader | API request failed (GET /uapi/domestic-stock/v1/trading/inquire-balance, attempt 1/3): ('Connection aborted.', RemoteDisconnected('Remote end closed connection without response'))
2026-06-01 14:57:01 | INFO | samsung_auto_trader | Token reuse: cached same-day token is valid.
2026-06-01 14:57:06 | INFO | samsung_auto_trader | Token reuse: cached same-day token is valid.
2026-06-01 14:57:07 | INFO | samsung_auto_trader | Token reuse: cached same-day token is valid.
2026-06-01 14:57:09 | INFO | samsung_auto_trader | Token reuse: cached same-day token is valid.
2026-06-01 14:57:11 | INFO | samsung_auto_trader | Token reuse: cached same-day token is valid.
2026-06-01 14:57:12 | INFO | samsung_auto_trader | Token reuse: cached same-day token is valid.
2026-06-01 14:57:14 | INFO | samsung_auto_trader | Token reuse: cached same-day token is valid.
2026-06-01 14:57:16 | INFO | samsung_auto_trader | Token reuse: cached same-day token is valid.
2026-06-01 14:57:18 | INFO | samsung_auto_trader | Token reuse: cached same-day token is valid.
2026-06-01 14:57:20 | INFO | samsung_auto_trader | Token reuse: cached same-day token is valid.
2026-06-01 14:57:22 | INFO | samsung_auto_trader | Token reuse: cached same-day token is valid.
2026-06-01 14:57:23 | INFO | samsung_auto_trader | Token reuse: cached same-day token is valid.
2026-06-01 14:57:25 | INFO | samsung_auto_trader | Holdings after sell | cash_available=5030822 | total_eval_amount=9597675 | samsung_holding={'symbol': '005930', 'qty': 8, 'sellable_qty': 4, 'avg_price': 0}
2026-06-01 14:57:25 | INFO | samsung_auto_trader | 
====================================================================
[STATUS] 2026-06-01 14:57:25 KST
holding | symbol=005930 qty=8 sellable_qty=4 avg_price=0
inventory_limits | initial=12 min=3 max=25 effective_position=9
open_orders | buy_open=5 sell_open=4 total_open=9
 - side=sell order_no=0000033794 time=145649 qty=1 filled=0 unfilled=1 price=350000 branch=
 - side=buy order_no=0000033690 time=145443 qty=1 filled=0 unfilled=1 price=348000 branch=
 - side=sell order_no=0000033615 time=145258 qty=1 filled=0 unfilled=1 price=351000 branch=
 - side=buy order_no=0000033288 time=144631 qty=1 filled=0 unfilled=1 price=347500 branch=
 - side=buy order_no=0000033135 time=144319 qty=1 filled=0 unfilled=1 price=346500 branch=
 - side=buy order_no=0000032930 time=143907 qty=1 filled=0 unfilled=1 price=344500 branch=
 - side=buy order_no=0000032821 time=143650 qty=1 filled=0 unfilled=1 price=344000 branch=
 - side=sell order_no=0000030853 time=141051 qty=1 filled=0 unfilled=1 price=350500 branch=
 - side=sell order_no=0000030604 time=140706 qty=1 filled=0 unfilled=1 price=350500 branch=
====================================================================
2026-06-01 14:57:25 | INFO | samsung_auto_trader | Execution check for sell: before_qty=8, after_qty=8, executed=False
2026-06-01 14:57:25 | INFO | samsung_auto_trader | Trade cycle finished.
2026-06-01 14:57:45 | INFO | samsung_auto_trader | Starting trade cycle.
2026-06-01 14:57:45 | INFO | samsung_auto_trader | Token reuse: cached same-day token is valid.
2026-06-01 14:57:45 | INFO | samsung_auto_trader | Current price: 349500 KRW | inferred_tick_size=500
2026-06-01 14:57:46 | INFO | samsung_auto_trader | Token reuse: cached same-day token is valid.
2026-06-01 14:57:49 | INFO | samsung_auto_trader | Token reuse: cached same-day token is valid.
2026-06-01 14:57:53 | INFO | samsung_auto_trader | Token reuse: cached same-day token is valid.
2026-06-01 14:57:56 | INFO | samsung_auto_trader | Token reuse: cached same-day token is valid.
2026-06-01 14:58:00 | INFO | samsung_auto_trader | Token reuse: cached same-day token is valid.
2026-06-01 14:58:05 | INFO | samsung_auto_trader | Token reuse: cached same-day token is valid.
2026-06-01 14:58:10 | INFO | samsung_auto_trader | Token reuse: cached same-day token is valid.
2026-06-01 14:58:15 | INFO | samsung_auto_trader | Token reuse: cached same-day token is valid.
2026-06-01 14:58:21 | INFO | samsung_auto_trader | Token reuse: cached same-day token is valid.
2026-06-01 14:58:26 | INFO | samsung_auto_trader | Token reuse: cached same-day token is valid.
2026-06-01 14:58:31 | INFO | samsung_auto_trader | Token reuse: cached same-day token is valid.
2026-06-01 14:58:36 | INFO | samsung_auto_trader | Token reuse: cached same-day token is valid.
2026-06-01 14:58:42 | INFO | samsung_auto_trader | Token reuse: cached same-day token is valid.
2026-06-01 14:58:49 | INFO | samsung_auto_trader | Holdings before order | cash_available=5378027 | total_eval_amount=9598935 | samsung_holding={'symbol': '005930', 'qty': 7, 'sellable_qty': 4, 'avg_price': 0}
2026-06-01 14:58:49 | INFO | samsung_auto_trader | 
====================================================================
[STATUS] 2026-06-01 14:58:49 KST
holding | symbol=005930 qty=7 sellable_qty=4 avg_price=0
inventory_limits | initial=12 min=3 max=25 effective_position=9
open_orders | buy_open=5 sell_open=3 total_open=8
 - side=buy order_no=0000033690 time=145443 qty=1 filled=0 unfilled=1 price=348000 branch=
 - side=sell order_no=0000033615 time=145258 qty=1 filled=0 unfilled=1 price=351000 branch=
 - side=buy order_no=0000033288 time=144631 qty=1 filled=0 unfilled=1 price=347500 branch=
 - side=buy order_no=0000033135 time=144319 qty=1 filled=0 unfilled=1 price=346500 branch=
 - side=buy order_no=0000032930 time=143907 qty=1 filled=0 unfilled=1 price=344500 branch=
 - side=buy order_no=0000032821 time=143650 qty=1 filled=0 unfilled=1 price=344000 branch=
 - side=sell order_no=0000030853 time=141051 qty=1 filled=0 unfilled=1 price=350500 branch=
 - side=sell order_no=0000030604 time=140706 qty=1 filled=0 unfilled=1 price=350500 branch=
====================================================================
2026-06-01 14:58:49 | INFO | samsung_auto_trader | Price normalized by tick size | current=349500 tick=500 raw_buy=348500 buy=348500 raw_sell=350500 sell=350500
2026-06-01 14:58:49 | INFO | samsung_auto_trader | Buy order request: qty=1, price=348500
2026-06-01 14:58:49 | INFO | samsung_auto_trader | Token reuse: cached same-day token is valid.
2026-06-01 14:58:52 | INFO | samsung_auto_trader | Buy order accepted | order_no=00950 | order_time=145852 | qty=1 | price=348500
2026-06-01 14:58:52 | INFO | samsung_auto_trader | Waiting 5 seconds before post-buy balance check.
2026-06-01 14:58:57 | INFO | samsung_auto_trader | Token reuse: cached same-day token is valid.
2026-06-01 14:58:59 | INFO | samsung_auto_trader | Token reuse: cached same-day token is valid.
2026-06-01 14:59:00 | INFO | samsung_auto_trader | Token reuse: cached same-day token is valid.
2026-06-01 14:59:01 | INFO | samsung_auto_trader | Token reuse: cached same-day token is valid.
2026-06-01 14:59:02 | INFO | samsung_auto_trader | Token reuse: cached same-day token is valid.
2026-06-01 14:59:03 | INFO | samsung_auto_trader | Token reuse: cached same-day token is valid.
2026-06-01 14:59:04 | INFO | samsung_auto_trader | Token reuse: cached same-day token is valid.
2026-06-01 14:59:05 | INFO | samsung_auto_trader | Token reuse: cached same-day token is valid.
2026-06-01 14:59:06 | INFO | samsung_auto_trader | Token reuse: cached same-day token is valid.
2026-06-01 14:59:07 | INFO | samsung_auto_trader | Token reuse: cached same-day token is valid.
2026-06-01 14:59:08 | INFO | samsung_auto_trader | Token reuse: cached same-day token is valid.
2026-06-01 14:59:09 | INFO | samsung_auto_trader | Token reuse: cached same-day token is valid.
2026-06-01 14:59:10 | INFO | samsung_auto_trader | Token reuse: cached same-day token is valid.
2026-06-01 14:59:10 | INFO | samsung_auto_trader | Holdings after buy | cash_available=5726673 | total_eval_amount=9600933 | samsung_holding={'symbol': '005930', 'qty': 5, 'sellable_qty': 4, 'avg_price': 0}
2026-06-01 14:59:10 | INFO | samsung_auto_trader | 
====================================================================
[STATUS] 2026-06-01 14:59:10 KST
holding | symbol=005930 qty=5 sellable_qty=4 avg_price=0
inventory_limits | initial=12 min=3 max=25 effective_position=10
open_orders | buy_open=6 sell_open=1 total_open=7
 - side=buy order_no=0000033877 time=145852 qty=1 filled=0 unfilled=1 price=348500 branch=
 - side=buy order_no=0000033690 time=145443 qty=1 filled=0 unfilled=1 price=348000 branch=
 - side=sell order_no=0000033615 time=145258 qty=1 filled=0 unfilled=1 price=351000 branch=
 - side=buy order_no=0000033288 time=144631 qty=1 filled=0 unfilled=1 price=347500 branch=
 - side=buy order_no=0000033135 time=144319 qty=1 filled=0 unfilled=1 price=346500 branch=
 - side=buy order_no=0000032930 time=143907 qty=1 filled=0 unfilled=1 price=344500 branch=
 - side=buy order_no=0000032821 time=143650 qty=1 filled=0 unfilled=1 price=344000 branch=
====================================================================
2026-06-01 14:59:10 | INFO | samsung_auto_trader | Execution check for buy: before_qty=7, after_qty=5, executed=False
2026-06-01 14:59:11 | INFO | samsung_auto_trader | Token reuse: cached same-day token is valid.
2026-06-01 14:59:12 | INFO | samsung_auto_trader | Token reuse: cached same-day token is valid.
2026-06-01 14:59:13 | INFO | samsung_auto_trader | Token reuse: cached same-day token is valid.
2026-06-01 14:59:14 | INFO | samsung_auto_trader | Token reuse: cached same-day token is valid.
2026-06-01 14:59:15 | INFO | samsung_auto_trader | Token reuse: cached same-day token is valid.
2026-06-01 14:59:16 | INFO | samsung_auto_trader | Token reuse: cached same-day token is valid.
2026-06-01 14:59:17 | INFO | samsung_auto_trader | Token reuse: cached same-day token is valid.
2026-06-01 14:59:18 | INFO | samsung_auto_trader | Token reuse: cached same-day token is valid.
2026-06-01 14:59:19 | INFO | samsung_auto_trader | Token reuse: cached same-day token is valid.
2026-06-01 14:59:20 | INFO | samsung_auto_trader | Token reuse: cached same-day token is valid.
2026-06-01 14:59:21 | INFO | samsung_auto_trader | Token reuse: cached same-day token is valid.
2026-06-01 14:59:21 | INFO | samsung_auto_trader | Sell order request: qty=1, price=350500 | sellable_qty=4 min_position=3
2026-06-01 14:59:22 | INFO | samsung_auto_trader | Token reuse: cached same-day token is valid.
2026-06-01 14:59:24 | INFO | samsung_auto_trader | Sell order accepted | order_no=00950 | order_time=145924 | qty=1 | price=350500
2026-06-01 14:59:24 | INFO | samsung_auto_trader | Waiting 5 seconds before post-sell balance check.
2026-06-01 14:59:29 | INFO | samsung_auto_trader | Token reuse: cached same-day token is valid.
2026-06-01 14:59:32 | INFO | samsung_auto_trader | Token reuse: cached same-day token is valid.
2026-06-01 14:59:35 | INFO | samsung_auto_trader | Token reuse: cached same-day token is valid.
2026-06-01 14:59:36 | INFO | samsung_auto_trader | Token reuse: cached same-day token is valid.
2026-06-01 14:59:37 | INFO | samsung_auto_trader | Token reuse: cached same-day token is valid.
2026-06-01 14:59:38 | INFO | samsung_auto_trader | Token reuse: cached same-day token is valid.
2026-06-01 14:59:39 | INFO | samsung_auto_trader | Token reuse: cached same-day token is valid.
2026-06-01 14:59:40 | INFO | samsung_auto_trader | Token reuse: cached same-day token is valid.
2026-06-01 14:59:41 | INFO | samsung_auto_trader | Token reuse: cached same-day token is valid.
2026-06-01 14:59:42 | INFO | samsung_auto_trader | Token reuse: cached same-day token is valid.
2026-06-01 14:59:43 | INFO | samsung_auto_trader | Token reuse: cached same-day token is valid.
2026-06-01 14:59:44 | INFO | samsung_auto_trader | Token reuse: cached same-day token is valid.
2026-06-01 14:59:45 | INFO | samsung_auto_trader | Token reuse: cached same-day token is valid.
2026-06-01 14:59:45 | INFO | samsung_auto_trader | Holdings after sell | cash_available=6074871 | total_eval_amount=9603681 | samsung_holding={'symbol': '005930', 'qty': 4, 'sellable_qty': 3, 'avg_price': 0}
2026-06-01 14:59:45 | INFO | samsung_auto_trader | 
====================================================================
[STATUS] 2026-06-01 14:59:45 KST
holding | symbol=005930 qty=4 sellable_qty=3 avg_price=0
inventory_limits | initial=12 min=3 max=25 effective_position=9
open_orders | buy_open=6 sell_open=1 total_open=7
 - side=sell order_no=0000033914 time=145924 qty=1 filled=0 unfilled=1 price=350500 branch=
 - side=buy order_no=0000033877 time=145852 qty=1 filled=0 unfilled=1 price=348500 branch=
 - side=buy order_no=0000033690 time=145443 qty=1 filled=0 unfilled=1 price=348000 branch=
 - side=buy order_no=0000033288 time=144631 qty=1 filled=0 unfilled=1 price=347500 branch=
 - side=buy order_no=0000033135 time=144319 qty=1 filled=0 unfilled=1 price=346500 branch=
 - side=buy order_no=0000032930 time=143907 qty=1 filled=0 unfilled=1 price=344500 branch=
 - side=buy order_no=0000032821 time=143650 qty=1 filled=0 unfilled=1 price=344000 branch=
====================================================================
2026-06-01 14:59:45 | INFO | samsung_auto_trader | Execution check for sell: before_qty=5, after_qty=4, executed=True
2026-06-01 14:59:45 | INFO | samsung_auto_trader | Trade cycle finished.
2026-06-01 15:00:05 | INFO | samsung_auto_trader | Starting trade cycle.
2026-06-01 15:00:05 | INFO | samsung_auto_trader | Token reuse: cached same-day token is valid.
2026-06-01 15:00:08 | INFO | samsung_auto_trader | Current price: 351250 KRW | inferred_tick_size=500
2026-06-01 15:00:08 | INFO | samsung_auto_trader | Token reuse: cached same-day token is valid.
2026-06-01 15:00:08 | WARNING | samsung_auto_trader | API request failed (GET /uapi/domestic-stock/v1/trading/inquire-balance, attempt 1/3): ('Connection aborted.', RemoteDisconnected('Remote end closed connection without response'))
2026-06-01 15:00:20 | WARNING | samsung_auto_trader | API request failed (GET /uapi/domestic-stock/v1/trading/inquire-balance, attempt 2/3): HTTPSConnectionPool(host='openapivts.koreainvestment.com', port=29443): Read timed out. (read timeout=10)
2026-06-01 15:00:33 | WARNING | samsung_auto_trader | API request failed (GET /uapi/domestic-stock/v1/trading/inquire-balance, attempt 3/3): HTTPSConnectionPool(host='openapivts.koreainvestment.com', port=29443): Read timed out. (read timeout=10)
2026-06-01 15:00:33 | ERROR | samsung_auto_trader | API request permanently failed: GET /uapi/domestic-stock/v1/trading/inquire-balance
Traceback (most recent call last):
  File "/home/hyphenkub/.local/lib/python3.10/site-packages/urllib3/connectionpool.py", line 536, in _make_request
    response = conn.getresponse()
  File "/home/hyphenkub/.local/lib/python3.10/site-packages/urllib3/connection.py", line 507, in getresponse
    httplib_response = super().getresponse()
  File "/usr/lib/python3.10/http/client.py", line 1395, in getresponse
    response.begin()
  File "/usr/lib/python3.10/http/client.py", line 323, in begin
    version, status, reason = self._read_status()
  File "/usr/lib/python3.10/http/client.py", line 284, in _read_status
    line = str(self.fp.readline(_MAXLINE + 1), "iso-8859-1")
  File "/usr/lib/python3.10/socket.py", line 705, in readinto
    return self._sock.recv_into(b)
  File "/usr/lib/python3.10/ssl.py", line 1303, in recv_into
    return self.read(nbytes, buffer)
  File "/usr/lib/python3.10/ssl.py", line 1159, in read
    return self._sslobj.read(len, buffer)
TimeoutError: The read operation timed out

The above exception was the direct cause of the following exception:

Traceback (most recent call last):
  File "/home/hyphenkub/.local/lib/python3.10/site-packages/requests/adapters.py", line 644, in send
    resp = conn.urlopen(
  File "/home/hyphenkub/.local/lib/python3.10/site-packages/urllib3/connectionpool.py", line 843, in urlopen
    retries = retries.increment(
  File "/home/hyphenkub/.local/lib/python3.10/site-packages/urllib3/util/retry.py", line 474, in increment
    raise reraise(type(error), error, _stacktrace)
  File "/home/hyphenkub/.local/lib/python3.10/site-packages/urllib3/util/util.py", line 39, in reraise
    raise value
  File "/home/hyphenkub/.local/lib/python3.10/site-packages/urllib3/connectionpool.py", line 789, in urlopen
    response = self._make_request(
  File "/home/hyphenkub/.local/lib/python3.10/site-packages/urllib3/connectionpool.py", line 538, in _make_request
    self._raise_timeout(err=e, url=url, timeout_value=read_timeout)
  File "/home/hyphenkub/.local/lib/python3.10/site-packages/urllib3/connectionpool.py", line 369, in _raise_timeout
    raise ReadTimeoutError(
urllib3.exceptions.ReadTimeoutError: HTTPSConnectionPool(host='openapivts.koreainvestment.com', port=29443): Read timed out. (read timeout=10)

During handling of the above exception, another exception occurred:

Traceback (most recent call last):
  File "/home/hyphenkub/Project/auto_trader/open-trading-api/samsung_auto_trader/api_client.py", line 64, in _request
    response = self.session.request(
  File "/home/hyphenkub/.local/lib/python3.10/site-packages/requests/sessions.py", line 589, in request
    resp = self.send(prep, **send_kwargs)
  File "/home/hyphenkub/.local/lib/python3.10/site-packages/requests/sessions.py", line 703, in send
    r = adapter.send(request, **kwargs)
  File "/home/hyphenkub/.local/lib/python3.10/site-packages/requests/adapters.py", line 690, in send
    raise ReadTimeout(e, request=request)
requests.exceptions.ReadTimeout: HTTPSConnectionPool(host='openapivts.koreainvestment.com', port=29443): Read timed out. (read timeout=10)
2026-06-01 15:00:33 | ERROR | samsung_auto_trader | Cycle failed but trader will continue: HTTPSConnectionPool(host='openapivts.koreainvestment.com', port=29443): Read timed out. (read timeout=10)
Traceback (most recent call last):
  File "/home/hyphenkub/.local/lib/python3.10/site-packages/urllib3/connectionpool.py", line 536, in _make_request
    response = conn.getresponse()
  File "/home/hyphenkub/.local/lib/python3.10/site-packages/urllib3/connection.py", line 507, in getresponse
    httplib_response = super().getresponse()
  File "/usr/lib/python3.10/http/client.py", line 1395, in getresponse
    response.begin()
  File "/usr/lib/python3.10/http/client.py", line 323, in begin
    version, status, reason = self._read_status()
  File "/usr/lib/python3.10/http/client.py", line 284, in _read_status
    line = str(self.fp.readline(_MAXLINE + 1), "iso-8859-1")
  File "/usr/lib/python3.10/socket.py", line 705, in readinto
    return self._sock.recv_into(b)
  File "/usr/lib/python3.10/ssl.py", line 1303, in recv_into
    return self.read(nbytes, buffer)
  File "/usr/lib/python3.10/ssl.py", line 1159, in read
    return self._sslobj.read(len, buffer)
TimeoutError: The read operation timed out

The above exception was the direct cause of the following exception:

Traceback (most recent call last):
  File "/home/hyphenkub/.local/lib/python3.10/site-packages/requests/adapters.py", line 644, in send
    resp = conn.urlopen(
  File "/home/hyphenkub/.local/lib/python3.10/site-packages/urllib3/connectionpool.py", line 843, in urlopen
    retries = retries.increment(
  File "/home/hyphenkub/.local/lib/python3.10/site-packages/urllib3/util/retry.py", line 474, in increment
    raise reraise(type(error), error, _stacktrace)
  File "/home/hyphenkub/.local/lib/python3.10/site-packages/urllib3/util/util.py", line 39, in reraise
    raise value
  File "/home/hyphenkub/.local/lib/python3.10/site-packages/urllib3/connectionpool.py", line 789, in urlopen
    response = self._make_request(
  File "/home/hyphenkub/.local/lib/python3.10/site-packages/urllib3/connectionpool.py", line 538, in _make_request
    self._raise_timeout(err=e, url=url, timeout_value=read_timeout)
  File "/home/hyphenkub/.local/lib/python3.10/site-packages/urllib3/connectionpool.py", line 369, in _raise_timeout
    raise ReadTimeoutError(
urllib3.exceptions.ReadTimeoutError: HTTPSConnectionPool(host='openapivts.koreainvestment.com', port=29443): Read timed out. (read timeout=10)

During handling of the above exception, another exception occurred:

Traceback (most recent call last):
  File "/home/hyphenkub/Project/auto_trader/open-trading-api/samsung_auto_trader/trader.py", line 99, in run
    self._run_cycle()
  File "/home/hyphenkub/Project/auto_trader/open-trading-api/samsung_auto_trader/trader.py", line 231, in _run_cycle
    before_snapshot = self.account.get_snapshot(TARGET_SYMBOL)
  File "/home/hyphenkub/Project/auto_trader/open-trading-api/samsung_auto_trader/account.py", line 54, in get_snapshot
    data = self.api_client.get(BALANCE_ENDPOINT, TR_ID_BALANCE_DEMO, params=params)
  File "/home/hyphenkub/Project/auto_trader/open-trading-api/samsung_auto_trader/api_client.py", line 23, in get
    return self._request("GET", endpoint, tr_id, params=params)
  File "/home/hyphenkub/Project/auto_trader/open-trading-api/samsung_auto_trader/api_client.py", line 64, in _request
    response = self.session.request(
  File "/home/hyphenkub/.local/lib/python3.10/site-packages/requests/sessions.py", line 589, in request
    resp = self.send(prep, **send_kwargs)
  File "/home/hyphenkub/.local/lib/python3.10/site-packages/requests/sessions.py", line 703, in send
    r = adapter.send(request, **kwargs)
  File "/home/hyphenkub/.local/lib/python3.10/site-packages/requests/adapters.py", line 690, in send
    raise ReadTimeout(e, request=request)
requests.exceptions.ReadTimeout: HTTPSConnectionPool(host='openapivts.koreainvestment.com', port=29443): Read timed out. (read timeout=10)
2026-06-01 15:00:53 | INFO | samsung_auto_trader | Starting trade cycle.
2026-06-01 15:00:53 | INFO | samsung_auto_trader | Token reuse: cached same-day token is valid.
2026-06-01 15:01:06 | WARNING | samsung_auto_trader | API request failed (GET /uapi/domestic-stock/v1/quotations/inquire-price, attempt 1/3): HTTPSConnectionPool(host='openapivts.koreainvestment.com', port=29443): Read timed out.
2026-06-01 15:01:11 | INFO | samsung_auto_trader | Current price: 351250 KRW | inferred_tick_size=500
2026-06-01 15:01:11 | INFO | samsung_auto_trader | Token reuse: cached same-day token is valid.
2026-06-01 15:01:18 | INFO | samsung_auto_trader | Token reuse: cached same-day token is valid.
2026-06-01 15:01:24 | INFO | samsung_auto_trader | Token reuse: cached same-day token is valid.
2026-06-01 15:01:25 | INFO | samsung_auto_trader | Token reuse: cached same-day token is valid.
2026-06-01 15:01:27 | INFO | samsung_auto_trader | Token reuse: cached same-day token is valid.
2026-06-01 15:01:28 | INFO | samsung_auto_trader | Token reuse: cached same-day token is valid.
2026-06-01 15:01:29 | INFO | samsung_auto_trader | Token reuse: cached same-day token is valid.
2026-06-01 15:01:30 | INFO | samsung_auto_trader | Token reuse: cached same-day token is valid.
2026-06-01 15:01:31 | INFO | samsung_auto_trader | Token reuse: cached same-day token is valid.
2026-06-01 15:01:33 | INFO | samsung_auto_trader | Token reuse: cached same-day token is valid.
2026-06-01 15:01:34 | INFO | samsung_auto_trader | Token reuse: cached same-day token is valid.
2026-06-01 15:01:35 | INFO | samsung_auto_trader | Token reuse: cached same-day token is valid.
2026-06-01 15:01:36 | INFO | samsung_auto_trader | Token reuse: cached same-day token is valid.
2026-06-01 15:01:37 | INFO | samsung_auto_trader | Holdings before order | cash_available=6074871 | total_eval_amount=9603681 | samsung_holding={'symbol': '005930', 'qty': 4, 'sellable_qty': 3, 'avg_price': 0}
2026-06-01 15:01:37 | INFO | samsung_auto_trader | 
====================================================================
[STATUS] 2026-06-01 15:01:37 KST
holding | symbol=005930 qty=4 sellable_qty=3 avg_price=0
inventory_limits | initial=12 min=3 max=25 effective_position=9
open_orders | buy_open=6 sell_open=1 total_open=7
 - side=sell order_no=0000033914 time=145924 qty=1 filled=0 unfilled=1 price=350500 branch=
 - side=buy order_no=0000033877 time=145852 qty=1 filled=0 unfilled=1 price=348500 branch=
 - side=buy order_no=0000033690 time=145443 qty=1 filled=0 unfilled=1 price=348000 branch=
 - side=buy order_no=0000033288 time=144631 qty=1 filled=0 unfilled=1 price=347500 branch=
 - side=buy order_no=0000033135 time=144319 qty=1 filled=0 unfilled=1 price=346500 branch=
 - side=buy order_no=0000032930 time=143907 qty=1 filled=0 unfilled=1 price=344500 branch=
 - side=buy order_no=0000032821 time=143650 qty=1 filled=0 unfilled=1 price=344000 branch=
====================================================================
2026-06-01 15:01:37 | INFO | samsung_auto_trader | Price normalized by tick size | current=351250 tick=500 raw_buy=350250 buy=350000 raw_sell=352250 sell=352500
2026-06-01 15:01:37 | INFO | samsung_auto_trader | Skipping sell this cycle | holding_qty=4 sell_open=1 min_position=3
2026-06-01 15:01:37 | INFO | samsung_auto_trader | Buy order request: qty=1, price=350000
2026-06-01 15:01:37 | INFO | samsung_auto_trader | Token reuse: cached same-day token is valid.
2026-06-01 15:01:40 | INFO | samsung_auto_trader | Buy order accepted | order_no=00950 | order_time=150140 | qty=1 | price=350000
2026-06-01 15:01:40 | INFO | samsung_auto_trader | Waiting 5 seconds before post-buy balance check.
2026-06-01 15:01:45 | INFO | samsung_auto_trader | Token reuse: cached same-day token is valid.
2026-06-01 15:01:45 | WARNING | samsung_auto_trader | API request failed (GET /uapi/domestic-stock/v1/trading/inquire-balance, attempt 1/3): ('Connection aborted.', RemoteDisconnected('Remote end closed connection without response'))
2026-06-01 15:01:50 | INFO | samsung_auto_trader | Token reuse: cached same-day token is valid.
2026-06-01 15:01:53 | INFO | samsung_auto_trader | Token reuse: cached same-day token is valid.
2026-06-01 15:01:54 | INFO | samsung_auto_trader | Token reuse: cached same-day token is valid.
2026-06-01 15:01:55 | INFO | samsung_auto_trader | Token reuse: cached same-day token is valid.
2026-06-01 15:01:56 | INFO | samsung_auto_trader | Token reuse: cached same-day token is valid.
2026-06-01 15:01:57 | INFO | samsung_auto_trader | Token reuse: cached same-day token is valid.
2026-06-01 15:01:58 | INFO | samsung_auto_trader | Token reuse: cached same-day token is valid.
2026-06-01 15:01:59 | INFO | samsung_auto_trader | Token reuse: cached same-day token is valid.
2026-06-01 15:02:00 | INFO | samsung_auto_trader | Token reuse: cached same-day token is valid.
2026-06-01 15:02:01 | INFO | samsung_auto_trader | Token reuse: cached same-day token is valid.
2026-06-01 15:02:02 | INFO | samsung_auto_trader | Token reuse: cached same-day token is valid.
2026-06-01 15:02:03 | INFO | samsung_auto_trader | Token reuse: cached same-day token is valid.
2026-06-01 15:02:03 | INFO | samsung_auto_trader | Holdings after buy | cash_available=6074322 | total_eval_amount=9601430 | samsung_holding={'symbol': '005930', 'qty': 3, 'sellable_qty': 3, 'avg_price': 0}
2026-06-01 15:02:03 | INFO | samsung_auto_trader | 
====================================================================
[STATUS] 2026-06-01 15:02:03 KST
holding | symbol=005930 qty=3 sellable_qty=3 avg_price=0
inventory_limits | initial=12 min=3 max=25 effective_position=10
open_orders | buy_open=7 sell_open=0 total_open=7
 - side=buy order_no=0000034104 time=150140 qty=1 filled=0 unfilled=1 price=350000 branch=
 - side=buy order_no=0000033877 time=145852 qty=1 filled=0 unfilled=1 price=348500 branch=
 - side=buy order_no=0000033690 time=145443 qty=1 filled=0 unfilled=1 price=348000 branch=
 - side=buy order_no=0000033288 time=144631 qty=1 filled=0 unfilled=1 price=347500 branch=
 - side=buy order_no=0000033135 time=144319 qty=1 filled=0 unfilled=1 price=346500 branch=
 - side=buy order_no=0000032930 time=143907 qty=1 filled=0 unfilled=1 price=344500 branch=
 - side=buy order_no=0000032821 time=143650 qty=1 filled=0 unfilled=1 price=344000 branch=
====================================================================
2026-06-01 15:02:03 | INFO | samsung_auto_trader | Execution check for buy: before_qty=4, after_qty=3, executed=False
2026-06-01 15:02:04 | INFO | samsung_auto_trader | Token reuse: cached same-day token is valid.
2026-06-01 15:02:05 | INFO | samsung_auto_trader | Token reuse: cached same-day token is valid.
2026-06-01 15:02:06 | INFO | samsung_auto_trader | Token reuse: cached same-day token is valid.
2026-06-01 15:02:07 | INFO | samsung_auto_trader | Token reuse: cached same-day token is valid.
2026-06-01 15:02:08 | INFO | samsung_auto_trader | Token reuse: cached same-day token is valid.
2026-06-01 15:02:09 | INFO | samsung_auto_trader | Token reuse: cached same-day token is valid.
2026-06-01 15:02:10 | INFO | samsung_auto_trader | Token reuse: cached same-day token is valid.
2026-06-01 15:02:11 | INFO | samsung_auto_trader | Token reuse: cached same-day token is valid.
2026-06-01 15:02:12 | INFO | samsung_auto_trader | Token reuse: cached same-day token is valid.
2026-06-01 15:02:13 | INFO | samsung_auto_trader | Token reuse: cached same-day token is valid.
2026-06-01 15:02:14 | INFO | samsung_auto_trader | Token reuse: cached same-day token is valid.
2026-06-01 15:02:14 | INFO | samsung_auto_trader | Skipping sell this cycle | holding_qty=3 sell_open=0 min_position=3
2026-06-01 15:02:14 | INFO | samsung_auto_trader | Trade cycle finished.
2026-06-01 15:02:34 | INFO | samsung_auto_trader | Starting trade cycle.
2026-06-01 15:02:34 | INFO | samsung_auto_trader | Token reuse: cached same-day token is valid.
2026-06-01 15:02:34 | INFO | samsung_auto_trader | Current price: 351500 KRW | inferred_tick_size=500
2026-06-01 15:02:35 | INFO | samsung_auto_trader | Token reuse: cached same-day token is valid.
2026-06-01 15:02:38 | INFO | samsung_auto_trader | Token reuse: cached same-day token is valid.
2026-06-01 15:02:42 | INFO | samsung_auto_trader | Token reuse: cached same-day token is valid.
2026-06-01 15:02:43 | INFO | samsung_auto_trader | Token reuse: cached same-day token is valid.
2026-06-01 15:02:44 | INFO | samsung_auto_trader | Token reuse: cached same-day token is valid.
2026-06-01 15:02:45 | INFO | samsung_auto_trader | Token reuse: cached same-day token is valid.
2026-06-01 15:02:46 | INFO | samsung_auto_trader | Token reuse: cached same-day token is valid.
2026-06-01 15:02:47 | INFO | samsung_auto_trader | Token reuse: cached same-day token is valid.
2026-06-01 15:02:48 | INFO | samsung_auto_trader | Token reuse: cached same-day token is valid.
2026-06-01 15:02:49 | INFO | samsung_auto_trader | Token reuse: cached same-day token is valid.
2026-06-01 15:02:50 | INFO | samsung_auto_trader | Token reuse: cached same-day token is valid.
2026-06-01 15:02:51 | INFO | samsung_auto_trader | Token reuse: cached same-day token is valid.
2026-06-01 15:02:52 | INFO | samsung_auto_trader | Token reuse: cached same-day token is valid.
2026-06-01 15:02:52 | INFO | samsung_auto_trader | Holdings before order | cash_available=6074322 | total_eval_amount=9602930 | samsung_holding={'symbol': '005930', 'qty': 3, 'sellable_qty': 3, 'avg_price': 0}
2026-06-01 15:02:52 | INFO | samsung_auto_trader | 
====================================================================
[STATUS] 2026-06-01 15:02:52 KST
holding | symbol=005930 qty=3 sellable_qty=3 avg_price=0
inventory_limits | initial=12 min=3 max=25 effective_position=10
open_orders | buy_open=7 sell_open=0 total_open=7
 - side=buy order_no=0000034104 time=150140 qty=1 filled=0 unfilled=1 price=350000 branch=
 - side=buy order_no=0000033877 time=145852 qty=1 filled=0 unfilled=1 price=348500 branch=
 - side=buy order_no=0000033690 time=145443 qty=1 filled=0 unfilled=1 price=348000 branch=
 - side=buy order_no=0000033288 time=144631 qty=1 filled=0 unfilled=1 price=347500 branch=
 - side=buy order_no=0000033135 time=144319 qty=1 filled=0 unfilled=1 price=346500 branch=
 - side=buy order_no=0000032930 time=143907 qty=1 filled=0 unfilled=1 price=344500 branch=
 - side=buy order_no=0000032821 time=143650 qty=1 filled=0 unfilled=1 price=344000 branch=
====================================================================
2026-06-01 15:02:52 | INFO | samsung_auto_trader | Price normalized by tick size | current=351500 tick=500 raw_buy=350500 buy=350500 raw_sell=352500 sell=352500
2026-06-01 15:02:52 | INFO | samsung_auto_trader | Skipping sell this cycle | holding_qty=3 sell_open=0 min_position=3
2026-06-01 15:02:52 | INFO | samsung_auto_trader | Buy order request: qty=1, price=350500
2026-06-01 15:02:53 | INFO | samsung_auto_trader | Token reuse: cached same-day token is valid.
2026-06-01 15:02:53 | INFO | samsung_auto_trader | Buy order accepted | order_no=00950 | order_time=150253 | qty=1 | price=350500
2026-06-01 15:02:53 | INFO | samsung_auto_trader | Waiting 5 seconds before post-buy balance check.
2026-06-01 15:02:58 | INFO | samsung_auto_trader | Token reuse: cached same-day token is valid.
2026-06-01 15:02:58 | WARNING | samsung_auto_trader | API request failed (GET /uapi/domestic-stock/v1/trading/inquire-balance, attempt 1/3): ('Connection aborted.', RemoteDisconnected('Remote end closed connection without response'))
2026-06-01 15:03:03 | INFO | samsung_auto_trader | Token reuse: cached same-day token is valid.
2026-06-01 15:03:09 | INFO | samsung_auto_trader | Token reuse: cached same-day token is valid.
2026-06-01 15:03:11 | INFO | samsung_auto_trader | Token reuse: cached same-day token is valid.
2026-06-01 15:03:13 | INFO | samsung_auto_trader | Token reuse: cached same-day token is valid.
2026-06-01 15:03:14 | INFO | samsung_auto_trader | Token reuse: cached same-day token is valid.
2026-06-01 15:03:15 | INFO | samsung_auto_trader | Token reuse: cached same-day token is valid.
2026-06-01 15:03:16 | INFO | samsung_auto_trader | Token reuse: cached same-day token is valid.
2026-06-01 15:03:17 | INFO | samsung_auto_trader | Token reuse: cached same-day token is valid.
2026-06-01 15:03:19 | INFO | samsung_auto_trader | Token reuse: cached same-day token is valid.
2026-06-01 15:03:20 | INFO | samsung_auto_trader | Token reuse: cached same-day token is valid.
2026-06-01 15:03:21 | INFO | samsung_auto_trader | Token reuse: cached same-day token is valid.
2026-06-01 15:03:22 | INFO | samsung_auto_trader | Token reuse: cached same-day token is valid.
2026-06-01 15:03:23 | INFO | samsung_auto_trader | Holdings after buy | cash_available=5725575 | total_eval_amount=9601880 | samsung_holding={'symbol': '005930', 'qty': 4, 'sellable_qty': 4, 'avg_price': 0}
2026-06-01 15:03:23 | INFO | samsung_auto_trader | 
====================================================================
[STATUS] 2026-06-01 15:03:23 KST
holding | symbol=005930 qty=4 sellable_qty=4 avg_price=0
inventory_limits | initial=12 min=3 max=25 effective_position=11
open_orders | buy_open=7 sell_open=0 total_open=7
 - side=buy order_no=0000034104 time=150140 qty=1 filled=0 unfilled=1 price=350000 branch=
 - side=buy order_no=0000033877 time=145852 qty=1 filled=0 unfilled=1 price=348500 branch=
 - side=buy order_no=0000033690 time=145443 qty=1 filled=0 unfilled=1 price=348000 branch=
 - side=buy order_no=0000033288 time=144631 qty=1 filled=0 unfilled=1 price=347500 branch=
 - side=buy order_no=0000033135 time=144319 qty=1 filled=0 unfilled=1 price=346500 branch=
 - side=buy order_no=0000032930 time=143907 qty=1 filled=0 unfilled=1 price=344500 branch=
 - side=buy order_no=0000032821 time=143650 qty=1 filled=0 unfilled=1 price=344000 branch=
====================================================================
2026-06-01 15:03:23 | INFO | samsung_auto_trader | Execution check for buy: before_qty=3, after_qty=4, executed=True
2026-06-01 15:03:23 | INFO | samsung_auto_trader | Token reuse: cached same-day token is valid.
2026-06-01 15:03:23 | WARNING | samsung_auto_trader | API request failed (GET /uapi/domestic-stock/v1/trading/inquire-daily-ccld, attempt 1/3): Retryable HTTP 500: {"rt_cd":"1","msg1":"초당 거래건수를 초과하였습니다.","msg_cd":"EGW00201","message":"EGW00201"}
2026-06-01 15:03:30 | INFO | samsung_auto_trader | Token reuse: cached same-day token is valid.
2026-06-01 15:03:36 | INFO | samsung_auto_trader | Token reuse: cached same-day token is valid.
2026-06-01 15:03:41 | INFO | samsung_auto_trader | Token reuse: cached same-day token is valid.
2026-06-01 15:03:46 | INFO | samsung_auto_trader | Token reuse: cached same-day token is valid.
2026-06-01 15:03:51 | INFO | samsung_auto_trader | Token reuse: cached same-day token is valid.
2026-06-01 15:03:57 | INFO | samsung_auto_trader | Token reuse: cached same-day token is valid.
2026-06-01 15:04:02 | INFO | samsung_auto_trader | Token reuse: cached same-day token is valid.
2026-06-01 15:04:10 | INFO | samsung_auto_trader | Token reuse: cached same-day token is valid.
2026-06-01 15:04:17 | INFO | samsung_auto_trader | Token reuse: cached same-day token is valid.
2026-06-01 15:04:24 | INFO | samsung_auto_trader | Token reuse: cached same-day token is valid.
2026-06-01 15:04:30 | INFO | samsung_auto_trader | Sell order request: qty=1, price=352500 | sellable_qty=4 min_position=3
2026-06-01 15:04:30 | INFO | samsung_auto_trader | Token reuse: cached same-day token is valid.
2026-06-01 15:04:34 | INFO | samsung_auto_trader | Sell order accepted | order_no=00950 | order_time=150434 | qty=1 | price=352500
2026-06-01 15:04:34 | INFO | samsung_auto_trader | Waiting 5 seconds before post-sell balance check.
2026-06-01 15:04:39 | INFO | samsung_auto_trader | Token reuse: cached same-day token is valid.
2026-06-01 15:04:45 | INFO | samsung_auto_trader | Token reuse: cached same-day token is valid.
2026-06-01 15:04:51 | INFO | samsung_auto_trader | Token reuse: cached same-day token is valid.
2026-06-01 15:04:57 | INFO | samsung_auto_trader | Token reuse: cached same-day token is valid.
2026-06-01 15:05:03 | INFO | samsung_auto_trader | Token reuse: cached same-day token is valid.
2026-06-01 15:05:11 | INFO | samsung_auto_trader | Token reuse: cached same-day token is valid.
2026-06-01 15:05:21 | INFO | samsung_auto_trader | Token reuse: cached same-day token is valid.
2026-06-01 15:05:28 | INFO | samsung_auto_trader | Token reuse: cached same-day token is valid.
2026-06-01 15:05:33 | INFO | samsung_auto_trader | Token reuse: cached same-day token is valid.
2026-06-01 15:05:38 | INFO | samsung_auto_trader | Token reuse: cached same-day token is valid.
2026-06-01 15:05:43 | INFO | samsung_auto_trader | Token reuse: cached same-day token is valid.
2026-06-01 15:05:48 | INFO | samsung_auto_trader | Token reuse: cached same-day token is valid.
2026-06-01 15:05:52 | INFO | samsung_auto_trader | Token reuse: cached same-day token is valid.
2026-06-01 15:05:54 | INFO | samsung_auto_trader | Holdings after sell | cash_available=6075261 | total_eval_amount=9610125 | samsung_holding={'symbol': '005930', 'qty': 3, 'sellable_qty': 3, 'avg_price': 0}
2026-06-01 15:05:54 | INFO | samsung_auto_trader | 
====================================================================
[STATUS] 2026-06-01 15:05:54 KST
holding | symbol=005930 qty=3 sellable_qty=3 avg_price=0
inventory_limits | initial=12 min=3 max=25 effective_position=10
open_orders | buy_open=7 sell_open=0 total_open=7
 - side=buy order_no=0000034104 time=150140 qty=1 filled=0 unfilled=1 price=350000 branch=
 - side=buy order_no=0000033877 time=145852 qty=1 filled=0 unfilled=1 price=348500 branch=
 - side=buy order_no=0000033690 time=145443 qty=1 filled=0 unfilled=1 price=348000 branch=
 - side=buy order_no=0000033288 time=144631 qty=1 filled=0 unfilled=1 price=347500 branch=
 - side=buy order_no=0000033135 time=144319 qty=1 filled=0 unfilled=1 price=346500 branch=
 - side=buy order_no=0000032930 time=143907 qty=1 filled=0 unfilled=1 price=344500 branch=
 - side=buy order_no=0000032821 time=143650 qty=1 filled=0 unfilled=1 price=344000 branch=
====================================================================
2026-06-01 15:05:54 | INFO | samsung_auto_trader | Execution check for sell: before_qty=4, after_qty=3, executed=True
2026-06-01 15:05:54 | INFO | samsung_auto_trader | Trade cycle finished.
2026-06-01 15:06:14 | INFO | samsung_auto_trader | Starting trade cycle.
2026-06-01 15:06:14 | INFO | samsung_auto_trader | Token reuse: cached same-day token is valid.
2026-06-01 15:06:15 | INFO | samsung_auto_trader | Current price: 354000 KRW | inferred_tick_size=500
2026-06-01 15:06:15 | INFO | samsung_auto_trader | Token reuse: cached same-day token is valid.
2026-06-01 15:06:21 | INFO | samsung_auto_trader | Token reuse: cached same-day token is valid.
2026-06-01 15:06:26 | INFO | samsung_auto_trader | Token reuse: cached same-day token is valid.
2026-06-01 15:06:27 | INFO | samsung_auto_trader | Token reuse: cached same-day token is valid.
2026-06-01 15:06:28 | INFO | samsung_auto_trader | Token reuse: cached same-day token is valid.
2026-06-01 15:06:29 | INFO | samsung_auto_trader | Token reuse: cached same-day token is valid.
2026-06-01 15:06:31 | INFO | samsung_auto_trader | Token reuse: cached same-day token is valid.
2026-06-01 15:06:32 | INFO | samsung_auto_trader | Token reuse: cached same-day token is valid.
2026-06-01 15:06:33 | INFO | samsung_auto_trader | Token reuse: cached same-day token is valid.
2026-06-01 15:06:33 | WARNING | samsung_auto_trader | API request failed (GET /uapi/domestic-stock/v1/trading/inquire-daily-ccld, attempt 1/3): Retryable HTTP 500: {"rt_cd":"1","msg1":"초당 거래건수를 초과하였습니다.","msg_cd":"EGW00201","message":"EGW00201"}
2026-06-01 15:06:36 | INFO | samsung_auto_trader | Token reuse: cached same-day token is valid.
2026-06-01 15:06:37 | WARNING | samsung_auto_trader | API request failed (GET /uapi/domestic-stock/v1/trading/inquire-daily-ccld, attempt 1/3): Retryable HTTP 500: {"rt_cd":"1","msg1":"초당 거래건수를 초과하였습니다.","msg_cd":"EGW00201","message":"EGW00201"}
2026-06-01 15:06:38 | INFO | samsung_auto_trader | Token reuse: cached same-day token is valid.
2026-06-01 15:06:38 | WARNING | samsung_auto_trader | API request failed (GET /uapi/domestic-stock/v1/trading/inquire-daily-ccld, attempt 1/3): Retryable HTTP 500: {"rt_cd":"1","msg1":"초당 거래건수를 초과하였습니다.","msg_cd":"EGW00201","message":"EGW00201"}
2026-06-01 15:06:46 | INFO | samsung_auto_trader | Token reuse: cached same-day token is valid.
2026-06-01 15:06:52 | INFO | samsung_auto_trader | Token reuse: cached same-day token is valid.
2026-06-01 15:06:58 | INFO | samsung_auto_trader | Holdings before order | cash_available=6075261 | total_eval_amount=9610125 | samsung_holding={'symbol': '005930', 'qty': 3, 'sellable_qty': 3, 'avg_price': 0}
2026-06-01 15:06:58 | INFO | samsung_auto_trader | 
====================================================================
[STATUS] 2026-06-01 15:06:58 KST
holding | symbol=005930 qty=3 sellable_qty=3 avg_price=0
inventory_limits | initial=12 min=3 max=25 effective_position=10
open_orders | buy_open=7 sell_open=0 total_open=7
 - side=buy order_no=0000034104 time=150140 qty=1 filled=0 unfilled=1 price=350000 branch=
 - side=buy order_no=0000033877 time=145852 qty=1 filled=0 unfilled=1 price=348500 branch=
 - side=buy order_no=0000033690 time=145443 qty=1 filled=0 unfilled=1 price=348000 branch=
 - side=buy order_no=0000033288 time=144631 qty=1 filled=0 unfilled=1 price=347500 branch=
 - side=buy order_no=0000033135 time=144319 qty=1 filled=0 unfilled=1 price=346500 branch=
 - side=buy order_no=0000032930 time=143907 qty=1 filled=0 unfilled=1 price=344500 branch=
 - side=buy order_no=0000032821 time=143650 qty=1 filled=0 unfilled=1 price=344000 branch=
====================================================================
2026-06-01 15:06:58 | INFO | samsung_auto_trader | Price normalized by tick size | current=354000 tick=500 raw_buy=353000 buy=353000 raw_sell=355000 sell=355000
2026-06-01 15:06:58 | INFO | samsung_auto_trader | Skipping sell this cycle | holding_qty=3 sell_open=0 min_position=3
2026-06-01 15:06:58 | INFO | samsung_auto_trader | Buy order request: qty=1, price=353000
2026-06-01 15:06:58 | INFO | samsung_auto_trader | Token reuse: cached same-day token is valid.
2026-06-01 15:07:01 | INFO | samsung_auto_trader | Buy order accepted | order_no=00950 | order_time=150701 | qty=1 | price=353000
2026-06-01 15:07:01 | INFO | samsung_auto_trader | Waiting 5 seconds before post-buy balance check.
2026-06-01 15:07:06 | INFO | samsung_auto_trader | Token reuse: cached same-day token is valid.
2026-06-01 15:07:14 | INFO | samsung_auto_trader | Token reuse: cached same-day token is valid.
2026-06-01 15:07:22 | INFO | samsung_auto_trader | Token reuse: cached same-day token is valid.
2026-06-01 15:07:30 | INFO | samsung_auto_trader | Token reuse: cached same-day token is valid.
2026-06-01 15:07:37 | INFO | samsung_auto_trader | Token reuse: cached same-day token is valid.
2026-06-01 15:07:44 | INFO | samsung_auto_trader | Token reuse: cached same-day token is valid.
2026-06-01 15:07:50 | INFO | samsung_auto_trader | Token reuse: cached same-day token is valid.
2026-06-01 15:07:56 | INFO | samsung_auto_trader | Token reuse: cached same-day token is valid.
2026-06-01 15:08:02 | INFO | samsung_auto_trader | Token reuse: cached same-day token is valid.
2026-06-01 15:08:09 | INFO | samsung_auto_trader | Token reuse: cached same-day token is valid.
2026-06-01 15:08:16 | INFO | samsung_auto_trader | Token reuse: cached same-day token is valid.
2026-06-01 15:08:23 | INFO | samsung_auto_trader | Token reuse: cached same-day token is valid.
2026-06-01 15:08:30 | INFO | samsung_auto_trader | Token reuse: cached same-day token is valid.
2026-06-01 15:08:37 | INFO | samsung_auto_trader | Holdings after buy | cash_available=5724026 | total_eval_amount=9612575 | samsung_holding={'symbol': '005930', 'qty': 4, 'sellable_qty': 4, 'avg_price': 0}
2026-06-01 15:08:37 | INFO | samsung_auto_trader | 
====================================================================
[STATUS] 2026-06-01 15:08:37 KST
holding | symbol=005930 qty=4 sellable_qty=4 avg_price=0
inventory_limits | initial=12 min=3 max=25 effective_position=11
open_orders | buy_open=7 sell_open=0 total_open=7
 - side=buy order_no=0000034104 time=150140 qty=1 filled=0 unfilled=1 price=350000 branch=
 - side=buy order_no=0000033877 time=145852 qty=1 filled=0 unfilled=1 price=348500 branch=
 - side=buy order_no=0000033690 time=145443 qty=1 filled=0 unfilled=1 price=348000 branch=
 - side=buy order_no=0000033288 time=144631 qty=1 filled=0 unfilled=1 price=347500 branch=
 - side=buy order_no=0000033135 time=144319 qty=1 filled=0 unfilled=1 price=346500 branch=
 - side=buy order_no=0000032930 time=143907 qty=1 filled=0 unfilled=1 price=344500 branch=
 - side=buy order_no=0000032821 time=143650 qty=1 filled=0 unfilled=1 price=344000 branch=
====================================================================
2026-06-01 15:08:37 | INFO | samsung_auto_trader | Execution check for buy: before_qty=3, after_qty=4, executed=True
2026-06-01 15:08:37 | INFO | samsung_auto_trader | Token reuse: cached same-day token is valid.
2026-06-01 15:08:44 | INFO | samsung_auto_trader | Token reuse: cached same-day token is valid.
2026-06-01 15:08:51 | INFO | samsung_auto_trader | Token reuse: cached same-day token is valid.
2026-06-01 15:08:58 | INFO | samsung_auto_trader | Token reuse: cached same-day token is valid.
2026-06-01 15:09:05 | INFO | samsung_auto_trader | Token reuse: cached same-day token is valid.
2026-06-01 15:09:14 | INFO | samsung_auto_trader | Token reuse: cached same-day token is valid.
2026-06-01 15:09:23 | INFO | samsung_auto_trader | Token reuse: cached same-day token is valid.
2026-06-01 15:09:32 | INFO | samsung_auto_trader | Token reuse: cached same-day token is valid.
2026-06-01 15:09:38 | INFO | samsung_auto_trader | Token reuse: cached same-day token is valid.
2026-06-01 15:09:46 | INFO | samsung_auto_trader | Token reuse: cached same-day token is valid.
2026-06-01 15:09:53 | INFO | samsung_auto_trader | Token reuse: cached same-day token is valid.
2026-06-01 15:10:01 | INFO | samsung_auto_trader | Sell order request: qty=1, price=355000 | sellable_qty=4 min_position=3
2026-06-01 15:10:01 | INFO | samsung_auto_trader | Token reuse: cached same-day token is valid.
2026-06-01 15:10:07 | INFO | samsung_auto_trader | Sell order accepted | order_no=00950 | order_time=151007 | qty=1 | price=355000
2026-06-01 15:10:07 | INFO | samsung_auto_trader | Waiting 5 seconds before post-sell balance check.
2026-06-01 15:10:12 | INFO | samsung_auto_trader | Token reuse: cached same-day token is valid.
2026-06-01 15:10:12 | WARNING | samsung_auto_trader | API request failed (GET /uapi/domestic-stock/v1/trading/inquire-balance, attempt 1/3): ('Connection aborted.', RemoteDisconnected('Remote end closed connection without response'))
2026-06-01 15:10:24 | INFO | samsung_auto_trader | Token reuse: cached same-day token is valid.
2026-06-01 15:10:33 | INFO | samsung_auto_trader | Token reuse: cached same-day token is valid.
2026-06-01 15:10:42 | INFO | samsung_auto_trader | Token reuse: cached same-day token is valid.
2026-06-01 15:10:50 | INFO | samsung_auto_trader | Token reuse: cached same-day token is valid.
2026-06-01 15:10:57 | INFO | samsung_auto_trader | Token reuse: cached same-day token is valid.
2026-06-01 15:10:58 | INFO | samsung_auto_trader | Token reuse: cached same-day token is valid.
2026-06-01 15:10:59 | INFO | samsung_auto_trader | Token reuse: cached same-day token is valid.
2026-06-01 15:11:00 | INFO | samsung_auto_trader | Token reuse: cached same-day token is valid.
2026-06-01 15:11:01 | INFO | samsung_auto_trader | Token reuse: cached same-day token is valid.
2026-06-01 15:11:02 | INFO | samsung_auto_trader | Token reuse: cached same-day token is valid.
2026-06-01 15:11:03 | INFO | samsung_auto_trader | Token reuse: cached same-day token is valid.
2026-06-01 15:11:04 | WARNING | samsung_auto_trader | API request failed (GET /uapi/domestic-stock/v1/trading/inquire-daily-ccld, attempt 1/3): Retryable HTTP 500: {"rt_cd":"1","msg1":"초당 거래건수를 초과하였습니다.","msg_cd":"EGW00201","message":"EGW00201"}
2026-06-01 15:11:13 | INFO | samsung_auto_trader | Token reuse: cached same-day token is valid.
2026-06-01 15:11:21 | INFO | samsung_auto_trader | Holdings after sell | cash_available=5724026 | total_eval_amount=9608575 | samsung_holding={'symbol': '005930', 'qty': 4, 'sellable_qty': 3, 'avg_price': 0}
2026-06-01 15:11:21 | INFO | samsung_auto_trader | 
====================================================================
[STATUS] 2026-06-01 15:11:21 KST
holding | symbol=005930 qty=4 sellable_qty=3 avg_price=0
inventory_limits | initial=12 min=3 max=25 effective_position=10
open_orders | buy_open=7 sell_open=1 total_open=8
 - side=sell order_no=0000034687 time=151007 qty=1 filled=0 unfilled=1 price=355000 branch=
 - side=buy order_no=0000034104 time=150140 qty=1 filled=0 unfilled=1 price=350000 branch=
 - side=buy order_no=0000033877 time=145852 qty=1 filled=0 unfilled=1 price=348500 branch=
 - side=buy order_no=0000033690 time=145443 qty=1 filled=0 unfilled=1 price=348000 branch=
 - side=buy order_no=0000033288 time=144631 qty=1 filled=0 unfilled=1 price=347500 branch=
 - side=buy order_no=0000033135 time=144319 qty=1 filled=0 unfilled=1 price=346500 branch=
 - side=buy order_no=0000032930 time=143907 qty=1 filled=0 unfilled=1 price=344500 branch=
 - side=buy order_no=0000032821 time=143650 qty=1 filled=0 unfilled=1 price=344000 branch=
====================================================================
2026-06-01 15:11:21 | INFO | samsung_auto_trader | Execution check for sell: before_qty=4, after_qty=4, executed=False
2026-06-01 15:11:21 | INFO | samsung_auto_trader | Trade cycle finished.
2026-06-01 15:11:41 | INFO | samsung_auto_trader | Starting trade cycle.
2026-06-01 15:11:41 | INFO | samsung_auto_trader | Token reuse: cached same-day token is valid.
2026-06-01 15:11:41 | INFO | samsung_auto_trader | Current price: 353000 KRW | inferred_tick_size=500
2026-06-01 15:11:42 | INFO | samsung_auto_trader | Token reuse: cached same-day token is valid.
2026-06-01 15:11:45 | INFO | samsung_auto_trader | Token reuse: cached same-day token is valid.
2026-06-01 15:11:49 | INFO | samsung_auto_trader | Token reuse: cached same-day token is valid.
2026-06-01 15:11:52 | INFO | samsung_auto_trader | Token reuse: cached same-day token is valid.
2026-06-01 15:11:55 | INFO | samsung_auto_trader | Token reuse: cached same-day token is valid.
2026-06-01 15:11:58 | INFO | samsung_auto_trader | Token reuse: cached same-day token is valid.
2026-06-01 15:12:02 | INFO | samsung_auto_trader | Token reuse: cached same-day token is valid.
2026-06-01 15:12:07 | INFO | samsung_auto_trader | Token reuse: cached same-day token is valid.
2026-06-01 15:12:12 | INFO | samsung_auto_trader | Token reuse: cached same-day token is valid.
2026-06-01 15:12:17 | INFO | samsung_auto_trader | Token reuse: cached same-day token is valid.
2026-06-01 15:12:22 | INFO | samsung_auto_trader | Token reuse: cached same-day token is valid.
2026-06-01 15:12:26 | INFO | samsung_auto_trader | Token reuse: cached same-day token is valid.
2026-06-01 15:12:29 | INFO | samsung_auto_trader | Token reuse: cached same-day token is valid.
2026-06-01 15:12:33 | INFO | samsung_auto_trader | Holdings before order | cash_available=5724026 | total_eval_amount=9608575 | samsung_holding={'symbol': '005930', 'qty': 4, 'sellable_qty': 3, 'avg_price': 0}
2026-06-01 15:12:33 | INFO | samsung_auto_trader | 
====================================================================
[STATUS] 2026-06-01 15:12:33 KST
holding | symbol=005930 qty=4 sellable_qty=3 avg_price=0
inventory_limits | initial=12 min=3 max=25 effective_position=10
open_orders | buy_open=7 sell_open=1 total_open=8
 - side=sell order_no=0000034687 time=151007 qty=1 filled=0 unfilled=1 price=355000 branch=
 - side=buy order_no=0000034104 time=150140 qty=1 filled=0 unfilled=1 price=350000 branch=
 - side=buy order_no=0000033877 time=145852 qty=1 filled=0 unfilled=1 price=348500 branch=
 - side=buy order_no=0000033690 time=145443 qty=1 filled=0 unfilled=1 price=348000 branch=
 - side=buy order_no=0000033288 time=144631 qty=1 filled=0 unfilled=1 price=347500 branch=
 - side=buy order_no=0000033135 time=144319 qty=1 filled=0 unfilled=1 price=346500 branch=
 - side=buy order_no=0000032930 time=143907 qty=1 filled=0 unfilled=1 price=344500 branch=
 - side=buy order_no=0000032821 time=143650 qty=1 filled=0 unfilled=1 price=344000 branch=
====================================================================
2026-06-01 15:12:33 | INFO | samsung_auto_trader | Price normalized by tick size | current=353000 tick=500 raw_buy=352000 buy=352000 raw_sell=354000 sell=354000
2026-06-01 15:12:33 | INFO | samsung_auto_trader | Skipping sell this cycle | holding_qty=4 sell_open=1 min_position=3
2026-06-01 15:12:33 | INFO | samsung_auto_trader | Buy order request: qty=1, price=352000
2026-06-01 15:12:33 | INFO | samsung_auto_trader | Token reuse: cached same-day token is valid.
2026-06-01 15:12:33 | INFO | samsung_auto_trader | Buy order accepted | order_no=00950 | order_time=151233 | qty=1 | price=352000
2026-06-01 15:12:33 | INFO | samsung_auto_trader | Waiting 5 seconds before post-buy balance check.
2026-06-01 15:12:38 | INFO | samsung_auto_trader | Token reuse: cached same-day token is valid.
2026-06-01 15:12:38 | WARNING | samsung_auto_trader | API request failed (GET /uapi/domestic-stock/v1/trading/inquire-balance, attempt 1/3): ('Connection aborted.', RemoteDisconnected('Remote end closed connection without response'))
2026-06-01 15:12:45 | INFO | samsung_auto_trader | Token reuse: cached same-day token is valid.
2026-06-01 15:12:51 | INFO | samsung_auto_trader | Token reuse: cached same-day token is valid.
2026-06-01 15:12:53 | INFO | samsung_auto_trader | Token reuse: cached same-day token is valid.
2026-06-01 15:12:55 | INFO | samsung_auto_trader | Token reuse: cached same-day token is valid.
2026-06-01 15:12:57 | INFO | samsung_auto_trader | Token reuse: cached same-day token is valid.
2026-06-01 15:12:59 | INFO | samsung_auto_trader | Token reuse: cached same-day token is valid.
2026-06-01 15:13:02 | INFO | samsung_auto_trader | Token reuse: cached same-day token is valid.
2026-06-01 15:13:06 | INFO | samsung_auto_trader | Token reuse: cached same-day token is valid.
2026-06-01 15:13:11 | INFO | samsung_auto_trader | Token reuse: cached same-day token is valid.
2026-06-01 15:13:16 | INFO | samsung_auto_trader | Token reuse: cached same-day token is valid.
2026-06-01 15:13:19 | INFO | samsung_auto_trader | Token reuse: cached same-day token is valid.
2026-06-01 15:13:22 | INFO | samsung_auto_trader | Token reuse: cached same-day token is valid.
2026-06-01 15:13:28 | INFO | samsung_auto_trader | Holdings after buy | cash_available=5373786 | total_eval_amount=9608575 | samsung_holding={'symbol': '005930', 'qty': 4, 'sellable_qty': 3, 'avg_price': 0}
2026-06-01 15:13:28 | INFO | samsung_auto_trader | 
====================================================================
[STATUS] 2026-06-01 15:13:28 KST
holding | symbol=005930 qty=4 sellable_qty=3 avg_price=0
inventory_limits | initial=12 min=3 max=25 effective_position=11
open_orders | buy_open=8 sell_open=1 total_open=9
 - side=buy order_no=0000034913 time=151233 qty=1 filled=0 unfilled=1 price=352000 branch=
 - side=sell order_no=0000034687 time=151007 qty=1 filled=0 unfilled=1 price=355000 branch=
 - side=buy order_no=0000034104 time=150140 qty=1 filled=0 unfilled=1 price=350000 branch=
 - side=buy order_no=0000033877 time=145852 qty=1 filled=0 unfilled=1 price=348500 branch=
 - side=buy order_no=0000033690 time=145443 qty=1 filled=0 unfilled=1 price=348000 branch=
 - side=buy order_no=0000033288 time=144631 qty=1 filled=0 unfilled=1 price=347500 branch=
 - side=buy order_no=0000033135 time=144319 qty=1 filled=0 unfilled=1 price=346500 branch=
 - side=buy order_no=0000032930 time=143907 qty=1 filled=0 unfilled=1 price=344500 branch=
 - side=buy order_no=0000032821 time=143650 qty=1 filled=0 unfilled=1 price=344000 branch=
====================================================================
2026-06-01 15:13:28 | INFO | samsung_auto_trader | Execution check for buy: before_qty=4, after_qty=4, executed=False
2026-06-01 15:13:28 | INFO | samsung_auto_trader | Token reuse: cached same-day token is valid.
2026-06-01 15:13:32 | INFO | samsung_auto_trader | Token reuse: cached same-day token is valid.
2026-06-01 15:13:38 | INFO | samsung_auto_trader | Token reuse: cached same-day token is valid.
2026-06-01 15:13:42 | INFO | samsung_auto_trader | Token reuse: cached same-day token is valid.
2026-06-01 15:13:46 | INFO | samsung_auto_trader | Token reuse: cached same-day token is valid.
2026-06-01 15:13:50 | INFO | samsung_auto_trader | Token reuse: cached same-day token is valid.
2026-06-01 15:13:54 | INFO | samsung_auto_trader | Token reuse: cached same-day token is valid.
2026-06-01 15:13:58 | INFO | samsung_auto_trader | Token reuse: cached same-day token is valid.
2026-06-01 15:14:02 | INFO | samsung_auto_trader | Token reuse: cached same-day token is valid.
2026-06-01 15:14:07 | INFO | samsung_auto_trader | Token reuse: cached same-day token is valid.
2026-06-01 15:14:14 | INFO | samsung_auto_trader | Token reuse: cached same-day token is valid.
2026-06-01 15:14:20 | INFO | samsung_auto_trader | Skipping sell this cycle | holding_qty=4 sell_open=1 min_position=3
2026-06-01 15:14:20 | INFO | samsung_auto_trader | Trade cycle finished.
2026-06-01 15:14:40 | INFO | samsung_auto_trader | Starting trade cycle.
2026-06-01 15:14:40 | INFO | samsung_auto_trader | Token reuse: cached same-day token is valid.
2026-06-01 15:14:41 | INFO | samsung_auto_trader | Current price: 352500 KRW | inferred_tick_size=500
2026-06-01 15:14:41 | INFO | samsung_auto_trader | Token reuse: cached same-day token is valid.
2026-06-01 15:14:46 | INFO | samsung_auto_trader | Token reuse: cached same-day token is valid.
2026-06-01 15:14:51 | INFO | samsung_auto_trader | Token reuse: cached same-day token is valid.
2026-06-01 15:14:52 | INFO | samsung_auto_trader | Token reuse: cached same-day token is valid.
2026-06-01 15:14:53 | INFO | samsung_auto_trader | Token reuse: cached same-day token is valid.
2026-06-01 15:14:54 | INFO | samsung_auto_trader | Token reuse: cached same-day token is valid.
2026-06-01 15:14:55 | INFO | samsung_auto_trader | Token reuse: cached same-day token is valid.
2026-06-01 15:14:56 | INFO | samsung_auto_trader | Token reuse: cached same-day token is valid.
2026-06-01 15:14:57 | INFO | samsung_auto_trader | Token reuse: cached same-day token is valid.
2026-06-01 15:14:58 | INFO | samsung_auto_trader | Token reuse: cached same-day token is valid.
2026-06-01 15:14:59 | INFO | samsung_auto_trader | Token reuse: cached same-day token is valid.
2026-06-01 15:15:00 | INFO | samsung_auto_trader | Token reuse: cached same-day token is valid.
2026-06-01 15:15:01 | INFO | samsung_auto_trader | Token reuse: cached same-day token is valid.
2026-06-01 15:15:04 | INFO | samsung_auto_trader | Holdings before order | cash_available=5373786 | total_eval_amount=9607025 | samsung_holding={'symbol': '005930', 'qty': 5, 'sellable_qty': 4, 'avg_price': 0}
2026-06-01 15:15:04 | INFO | samsung_auto_trader | 
====================================================================
[STATUS] 2026-06-01 15:15:04 KST
holding | symbol=005930 qty=5 sellable_qty=4 avg_price=0
inventory_limits | initial=12 min=3 max=25 effective_position=11
open_orders | buy_open=7 sell_open=1 total_open=8
 - side=sell order_no=0000034687 time=151007 qty=1 filled=0 unfilled=1 price=355000 branch=
 - side=buy order_no=0000034104 time=150140 qty=1 filled=0 unfilled=1 price=350000 branch=
 - side=buy order_no=0000033877 time=145852 qty=1 filled=0 unfilled=1 price=348500 branch=
 - side=buy order_no=0000033690 time=145443 qty=1 filled=0 unfilled=1 price=348000 branch=
 - side=buy order_no=0000033288 time=144631 qty=1 filled=0 unfilled=1 price=347500 branch=
 - side=buy order_no=0000033135 time=144319 qty=1 filled=0 unfilled=1 price=346500 branch=
 - side=buy order_no=0000032930 time=143907 qty=1 filled=0 unfilled=1 price=344500 branch=
 - side=buy order_no=0000032821 time=143650 qty=1 filled=0 unfilled=1 price=344000 branch=
====================================================================
2026-06-01 15:15:04 | INFO | samsung_auto_trader | Price normalized by tick size | current=352500 tick=500 raw_buy=351500 buy=351500 raw_sell=353500 sell=353500
2026-06-01 15:15:04 | INFO | samsung_auto_trader | Buy order request: qty=1, price=351500
2026-06-01 15:15:04 | INFO | samsung_auto_trader | Token reuse: cached same-day token is valid.
2026-06-01 15:15:14 | INFO | samsung_auto_trader | Buy order accepted | order_no=00950 | order_time=151514 | qty=1 | price=351500
2026-06-01 15:15:14 | INFO | samsung_auto_trader | Waiting 5 seconds before post-buy balance check.
2026-06-01 15:15:19 | INFO | samsung_auto_trader | Token reuse: cached same-day token is valid.
2026-06-01 15:15:19 | WARNING | samsung_auto_trader | API request failed (GET /uapi/domestic-stock/v1/trading/inquire-balance, attempt 1/3): ('Connection aborted.', RemoteDisconnected('Remote end closed connection without response'))
2026-06-01 15:15:27 | INFO | samsung_auto_trader | Token reuse: cached same-day token is valid.
2026-06-01 15:15:32 | INFO | samsung_auto_trader | Token reuse: cached same-day token is valid.
2026-06-01 15:15:38 | INFO | samsung_auto_trader | Token reuse: cached same-day token is valid.
2026-06-01 15:15:39 | INFO | samsung_auto_trader | Token reuse: cached same-day token is valid.
2026-06-01 15:15:40 | INFO | samsung_auto_trader | Token reuse: cached same-day token is valid.
2026-06-01 15:15:41 | INFO | samsung_auto_trader | Token reuse: cached same-day token is valid.
2026-06-01 15:15:42 | INFO | samsung_auto_trader | Token reuse: cached same-day token is valid.
2026-06-01 15:15:43 | INFO | samsung_auto_trader | Token reuse: cached same-day token is valid.
2026-06-01 15:15:44 | INFO | samsung_auto_trader | Token reuse: cached same-day token is valid.
2026-06-01 15:15:45 | INFO | samsung_auto_trader | Token reuse: cached same-day token is valid.
2026-06-01 15:15:46 | INFO | samsung_auto_trader | Token reuse: cached same-day token is valid.
2026-06-01 15:15:47 | INFO | samsung_auto_trader | Token reuse: cached same-day token is valid.
2026-06-01 15:15:47 | INFO | samsung_auto_trader | Holdings after buy | cash_available=5024043 | total_eval_amount=9607025 | samsung_holding={'symbol': '005930', 'qty': 5, 'sellable_qty': 4, 'avg_price': 0}
2026-06-01 15:15:47 | INFO | samsung_auto_trader | 
====================================================================
[STATUS] 2026-06-01 15:15:47 KST
holding | symbol=005930 qty=5 sellable_qty=4 avg_price=0
inventory_limits | initial=12 min=3 max=25 effective_position=11
open_orders | buy_open=7 sell_open=1 total_open=8
 - side=sell order_no=0000034687 time=151007 qty=1 filled=0 unfilled=1 price=355000 branch=
 - side=buy order_no=0000034104 time=150140 qty=1 filled=0 unfilled=1 price=350000 branch=
 - side=buy order_no=0000033877 time=145852 qty=1 filled=0 unfilled=1 price=348500 branch=
 - side=buy order_no=0000033690 time=145443 qty=1 filled=0 unfilled=1 price=348000 branch=
 - side=buy order_no=0000033288 time=144631 qty=1 filled=0 unfilled=1 price=347500 branch=
 - side=buy order_no=0000033135 time=144319 qty=1 filled=0 unfilled=1 price=346500 branch=
 - side=buy order_no=0000032930 time=143907 qty=1 filled=0 unfilled=1 price=344500 branch=
 - side=buy order_no=0000032821 time=143650 qty=1 filled=0 unfilled=1 price=344000 branch=
====================================================================
2026-06-01 15:15:47 | INFO | samsung_auto_trader | Execution check for buy: before_qty=5, after_qty=5, executed=False
2026-06-01 15:15:48 | INFO | samsung_auto_trader | Token reuse: cached same-day token is valid.
2026-06-01 15:15:49 | INFO | samsung_auto_trader | Token reuse: cached same-day token is valid.
2026-06-01 15:15:50 | INFO | samsung_auto_trader | Token reuse: cached same-day token is valid.
2026-06-01 15:15:51 | INFO | samsung_auto_trader | Token reuse: cached same-day token is valid.
2026-06-01 15:15:52 | INFO | samsung_auto_trader | Token reuse: cached same-day token is valid.
2026-06-01 15:15:53 | INFO | samsung_auto_trader | Token reuse: cached same-day token is valid.
2026-06-01 15:15:54 | INFO | samsung_auto_trader | Token reuse: cached same-day token is valid.
2026-06-01 15:15:55 | INFO | samsung_auto_trader | Token reuse: cached same-day token is valid.
2026-06-01 15:15:56 | INFO | samsung_auto_trader | Token reuse: cached same-day token is valid.
2026-06-01 15:15:57 | INFO | samsung_auto_trader | Token reuse: cached same-day token is valid.
2026-06-01 15:15:58 | INFO | samsung_auto_trader | Token reuse: cached same-day token is valid.
2026-06-01 15:15:58 | INFO | samsung_auto_trader | Sell order request: qty=1, price=353500 | sellable_qty=4 min_position=3
2026-06-01 15:15:59 | INFO | samsung_auto_trader | Token reuse: cached same-day token is valid.
2026-06-01 15:15:59 | INFO | samsung_auto_trader | Sell order accepted | order_no=00950 | order_time=151559 | qty=1 | price=353500
2026-06-01 15:15:59 | INFO | samsung_auto_trader | Waiting 5 seconds before post-sell balance check.
2026-06-01 15:16:04 | INFO | samsung_auto_trader | Token reuse: cached same-day token is valid.
2026-06-01 15:16:09 | INFO | samsung_auto_trader | Token reuse: cached same-day token is valid.
2026-06-01 15:16:12 | INFO | samsung_auto_trader | Token reuse: cached same-day token is valid.
2026-06-01 15:16:13 | INFO | samsung_auto_trader | Token reuse: cached same-day token is valid.
2026-06-01 15:16:14 | INFO | samsung_auto_trader | Token reuse: cached same-day token is valid.
2026-06-01 15:16:14 | WARNING | samsung_auto_trader | API request failed (GET /uapi/domestic-stock/v1/trading/inquire-daily-ccld, attempt 1/3): Retryable HTTP 500: {"rt_cd":"1","msg1":"초당 거래건수를 초과하였습니다.","msg_cd":"EGW00201","message":"EGW00201"}
2026-06-01 15:16:23 | INFO | samsung_auto_trader | Token reuse: cached same-day token is valid.
2026-06-01 15:16:28 | INFO | samsung_auto_trader | Token reuse: cached same-day token is valid.
2026-06-01 15:16:33 | INFO | samsung_auto_trader | Token reuse: cached same-day token is valid.
2026-06-01 15:16:38 | INFO | samsung_auto_trader | Token reuse: cached same-day token is valid.
2026-06-01 15:16:43 | INFO | samsung_auto_trader | Token reuse: cached same-day token is valid.
2026-06-01 15:16:47 | INFO | samsung_auto_trader | Token reuse: cached same-day token is valid.
2026-06-01 15:16:52 | INFO | samsung_auto_trader | Token reuse: cached same-day token is valid.
2026-06-01 15:16:57 | INFO | samsung_auto_trader | Token reuse: cached same-day token is valid.
2026-06-01 15:17:01 | INFO | samsung_auto_trader | Holdings after sell | cash_available=5024043 | total_eval_amount=9601975 | samsung_holding={'symbol': '005930', 'qty': 6, 'sellable_qty': 4, 'avg_price': 0}
2026-06-01 15:17:01 | INFO | samsung_auto_trader | 
====================================================================
[STATUS] 2026-06-01 15:17:01 KST
holding | symbol=005930 qty=6 sellable_qty=4 avg_price=0
inventory_limits | initial=12 min=3 max=25 effective_position=11
open_orders | buy_open=7 sell_open=2 total_open=9
 - side=sell order_no=0000035247 time=151559 qty=1 filled=0 unfilled=1 price=353500 branch=
 - side=sell order_no=0000034687 time=151007 qty=1 filled=0 unfilled=1 price=355000 branch=
 - side=buy order_no=0000034104 time=150140 qty=1 filled=0 unfilled=1 price=350000 branch=
 - side=buy order_no=0000033877 time=145852 qty=1 filled=0 unfilled=1 price=348500 branch=
 - side=buy order_no=0000033690 time=145443 qty=1 filled=0 unfilled=1 price=348000 branch=
 - side=buy order_no=0000033288 time=144631 qty=1 filled=0 unfilled=1 price=347500 branch=
 - side=buy order_no=0000033135 time=144319 qty=1 filled=0 unfilled=1 price=346500 branch=
 - side=buy order_no=0000032930 time=143907 qty=1 filled=0 unfilled=1 price=344500 branch=
 - side=buy order_no=0000032821 time=143650 qty=1 filled=0 unfilled=1 price=344000 branch=
====================================================================
2026-06-01 15:17:01 | INFO | samsung_auto_trader | Execution check for sell: before_qty=5, after_qty=6, executed=False
2026-06-01 15:17:01 | INFO | samsung_auto_trader | Trade cycle finished.
2026-06-01 15:17:21 | INFO | samsung_auto_trader | Starting trade cycle.
2026-06-01 15:17:21 | INFO | samsung_auto_trader | Token reuse: cached same-day token is valid.
2026-06-01 15:17:22 | INFO | samsung_auto_trader | Current price: 351500 KRW | inferred_tick_size=500
2026-06-01 15:17:22 | INFO | samsung_auto_trader | Token reuse: cached same-day token is valid.
2026-06-01 15:17:22 | WARNING | samsung_auto_trader | API request failed (GET /uapi/domestic-stock/v1/trading/inquire-balance, attempt 1/3): Retryable HTTP 500: {"rt_cd":"1","msg1":"초당 거래건수를 초과하였습니다.","msg_cd":"EGW00201","message":"EGW00201"}
2026-06-01 15:17:28 | INFO | samsung_auto_trader | Token reuse: cached same-day token is valid.
2026-06-01 15:17:33 | INFO | samsung_auto_trader | Token reuse: cached same-day token is valid.
2026-06-01 15:17:34 | INFO | samsung_auto_trader | Token reuse: cached same-day token is valid.
2026-06-01 15:17:35 | INFO | samsung_auto_trader | Token reuse: cached same-day token is valid.
2026-06-01 15:17:36 | INFO | samsung_auto_trader | Token reuse: cached same-day token is valid.
2026-06-01 15:17:37 | INFO | samsung_auto_trader | Token reuse: cached same-day token is valid.
2026-06-01 15:17:38 | INFO | samsung_auto_trader | Token reuse: cached same-day token is valid.
2026-06-01 15:17:39 | INFO | samsung_auto_trader | Token reuse: cached same-day token is valid.
2026-06-01 15:17:40 | WARNING | samsung_auto_trader | API request failed (GET /uapi/domestic-stock/v1/trading/inquire-daily-ccld, attempt 1/3): Retryable HTTP 500: {"rt_cd":"1","msg1":"초당 거래건수를 초과하였습니다.","msg_cd":"EGW00201","message":"EGW00201"}
2026-06-01 15:17:45 | INFO | samsung_auto_trader | Token reuse: cached same-day token is valid.
2026-06-01 15:17:48 | INFO | samsung_auto_trader | Token reuse: cached same-day token is valid.
2026-06-01 15:17:51 | INFO | samsung_auto_trader | Token reuse: cached same-day token is valid.
2026-06-01 15:17:54 | INFO | samsung_auto_trader | Token reuse: cached same-day token is valid.
2026-06-01 15:17:57 | INFO | samsung_auto_trader | Holdings before order | cash_available=5024043 | total_eval_amount=9601975 | samsung_holding={'symbol': '005930', 'qty': 6, 'sellable_qty': 4, 'avg_price': 0}
2026-06-01 15:17:57 | INFO | samsung_auto_trader | 
====================================================================
[STATUS] 2026-06-01 15:17:57 KST
holding | symbol=005930 qty=6 sellable_qty=4 avg_price=0
inventory_limits | initial=12 min=3 max=25 effective_position=11
open_orders | buy_open=7 sell_open=2 total_open=9
 - side=sell order_no=0000035247 time=151559 qty=1 filled=0 unfilled=1 price=353500 branch=
 - side=sell order_no=0000034687 time=151007 qty=1 filled=0 unfilled=1 price=355000 branch=
 - side=buy order_no=0000034104 time=150140 qty=1 filled=0 unfilled=1 price=350000 branch=
 - side=buy order_no=0000033877 time=145852 qty=1 filled=0 unfilled=1 price=348500 branch=
 - side=buy order_no=0000033690 time=145443 qty=1 filled=0 unfilled=1 price=348000 branch=
 - side=buy order_no=0000033288 time=144631 qty=1 filled=0 unfilled=1 price=347500 branch=
 - side=buy order_no=0000033135 time=144319 qty=1 filled=0 unfilled=1 price=346500 branch=
 - side=buy order_no=0000032930 time=143907 qty=1 filled=0 unfilled=1 price=344500 branch=
 - side=buy order_no=0000032821 time=143650 qty=1 filled=0 unfilled=1 price=344000 branch=
====================================================================
2026-06-01 15:17:57 | INFO | samsung_auto_trader | Price normalized by tick size | current=351500 tick=500 raw_buy=350500 buy=350500 raw_sell=352500 sell=352500
2026-06-01 15:17:57 | INFO | samsung_auto_trader | Buy order request: qty=1, price=350500
2026-06-01 15:17:57 | INFO | samsung_auto_trader | Token reuse: cached same-day token is valid.
2026-06-01 15:17:57 | INFO | samsung_auto_trader | Buy order accepted | order_no=00950 | order_time=151757 | qty=1 | price=350500
2026-06-01 15:17:57 | INFO | samsung_auto_trader | Waiting 5 seconds before post-buy balance check.
2026-06-01 15:18:02 | INFO | samsung_auto_trader | Token reuse: cached same-day token is valid.
2026-06-01 15:18:02 | WARNING | samsung_auto_trader | API request failed (GET /uapi/domestic-stock/v1/trading/inquire-balance, attempt 1/3): ('Connection aborted.', RemoteDisconnected('Remote end closed connection without response'))
2026-06-01 15:18:10 | INFO | samsung_auto_trader | Token reuse: cached same-day token is valid.
2026-06-01 15:18:17 | INFO | samsung_auto_trader | Token reuse: cached same-day token is valid.
2026-06-01 15:18:20 | INFO | samsung_auto_trader | Token reuse: cached same-day token is valid.
2026-06-01 15:18:23 | INFO | samsung_auto_trader | Token reuse: cached same-day token is valid.
2026-06-01 15:18:25 | INFO | samsung_auto_trader | Token reuse: cached same-day token is valid.
2026-06-01 15:18:28 | INFO | samsung_auto_trader | Token reuse: cached same-day token is valid.
2026-06-01 15:18:30 | INFO | samsung_auto_trader | Token reuse: cached same-day token is valid.
2026-06-01 15:18:34 | INFO | samsung_auto_trader | Token reuse: cached same-day token is valid.
2026-06-01 15:18:38 | INFO | samsung_auto_trader | Token reuse: cached same-day token is valid.
2026-06-01 15:18:42 | INFO | samsung_auto_trader | Token reuse: cached same-day token is valid.
2026-06-01 15:18:47 | INFO | samsung_auto_trader | Token reuse: cached same-day token is valid.
2026-06-01 15:18:52 | INFO | samsung_auto_trader | Token reuse: cached same-day token is valid.
2026-06-01 15:18:57 | INFO | samsung_auto_trader | Holdings after buy | cash_available=4675296 | total_eval_amount=9601975 | samsung_holding={'symbol': '005930', 'qty': 6, 'sellable_qty': 4, 'avg_price': 0}
2026-06-01 15:18:57 | INFO | samsung_auto_trader | 
====================================================================
[STATUS] 2026-06-01 15:18:57 KST
holding | symbol=005930 qty=6 sellable_qty=4 avg_price=0
inventory_limits | initial=12 min=3 max=25 effective_position=12
open_orders | buy_open=8 sell_open=2 total_open=10
 - side=buy order_no=0000035430 time=151757 qty=1 filled=0 unfilled=1 price=350500 branch=
 - side=sell order_no=0000035247 time=151559 qty=1 filled=0 unfilled=1 price=353500 branch=
 - side=sell order_no=0000034687 time=151007 qty=1 filled=0 unfilled=1 price=355000 branch=
 - side=buy order_no=0000034104 time=150140 qty=1 filled=0 unfilled=1 price=350000 branch=
 - side=buy order_no=0000033877 time=145852 qty=1 filled=0 unfilled=1 price=348500 branch=
 - side=buy order_no=0000033690 time=145443 qty=1 filled=0 unfilled=1 price=348000 branch=
 - side=buy order_no=0000033288 time=144631 qty=1 filled=0 unfilled=1 price=347500 branch=
 - side=buy order_no=0000033135 time=144319 qty=1 filled=0 unfilled=1 price=346500 branch=
 - side=buy order_no=0000032930 time=143907 qty=1 filled=0 unfilled=1 price=344500 branch=
 - side=buy order_no=0000032821 time=143650 qty=1 filled=0 unfilled=1 price=344000 branch=
====================================================================
2026-06-01 15:18:57 | INFO | samsung_auto_trader | Execution check for buy: before_qty=6, after_qty=6, executed=False
2026-06-01 15:18:57 | INFO | samsung_auto_trader | Token reuse: cached same-day token is valid.
2026-06-01 15:19:03 | INFO | samsung_auto_trader | Token reuse: cached same-day token is valid.
2026-06-01 15:19:10 | INFO | samsung_auto_trader | Token reuse: cached same-day token is valid.
2026-06-01 15:19:17 | INFO | samsung_auto_trader | Token reuse: cached same-day token is valid.
2026-06-01 15:19:22 | INFO | samsung_auto_trader | Token reuse: cached same-day token is valid.
2026-06-01 15:19:27 | INFO | samsung_auto_trader | Token reuse: cached same-day token is valid.
2026-06-01 15:19:31 | INFO | samsung_auto_trader | Token reuse: cached same-day token is valid.
2026-06-01 15:19:31 | WARNING | samsung_auto_trader | API request failed (GET /uapi/domestic-stock/v1/trading/inquire-daily-ccld, attempt 1/3): ('Connection aborted.', RemoteDisconnected('Remote end closed connection without response'))
2026-06-01 15:19:34 | INFO | samsung_auto_trader | Token reuse: cached same-day token is valid.
2026-06-01 15:19:36 | INFO | samsung_auto_trader | Token reuse: cached same-day token is valid.
2026-06-01 15:19:37 | INFO | samsung_auto_trader | Token reuse: cached same-day token is valid.
2026-06-01 15:19:39 | INFO | samsung_auto_trader | Token reuse: cached same-day token is valid.
2026-06-01 15:19:41 | INFO | samsung_auto_trader | Sell order request: qty=1, price=352500 | sellable_qty=4 min_position=3
2026-06-01 15:19:41 | INFO | samsung_auto_trader | Token reuse: cached same-day token is valid.
2026-06-01 15:19:43 | INFO | samsung_auto_trader | Sell order accepted | order_no=00950 | order_time=151942 | qty=1 | price=352500
2026-06-01 15:19:43 | INFO | samsung_auto_trader | Waiting 5 seconds before post-sell balance check.
2026-06-01 15:19:48 | INFO | samsung_auto_trader | Token reuse: cached same-day token is valid.
2026-06-01 15:19:48 | WARNING | samsung_auto_trader | API request failed (GET /uapi/domestic-stock/v1/trading/inquire-balance, attempt 1/3): ('Connection aborted.', RemoteDisconnected('Remote end closed connection without response'))
2026-06-01 15:19:52 | INFO | samsung_auto_trader | Token reuse: cached same-day token is valid.
2026-06-01 15:19:54 | INFO | samsung_auto_trader | Token reuse: cached same-day token is valid.
2026-06-01 15:19:56 | INFO | samsung_auto_trader | Token reuse: cached same-day token is valid.
2026-06-01 15:19:58 | INFO | samsung_auto_trader | Token reuse: cached same-day token is valid.
2026-06-01 15:20:00 | INFO | samsung_auto_trader | Token reuse: cached same-day token is valid.
2026-06-01 15:20:04 | INFO | samsung_auto_trader | Token reuse: cached same-day token is valid.
2026-06-01 15:20:10 | INFO | samsung_auto_trader | Token reuse: cached same-day token is valid.
2026-06-01 15:20:17 | INFO | samsung_auto_trader | Token reuse: cached same-day token is valid.
2026-06-01 15:20:22 | INFO | samsung_auto_trader | Token reuse: cached same-day token is valid.
2026-06-01 15:20:27 | INFO | samsung_auto_trader | Token reuse: cached same-day token is valid.
2026-06-01 15:20:32 | INFO | samsung_auto_trader | Token reuse: cached same-day token is valid.
2026-06-01 15:20:36 | INFO | samsung_auto_trader | Token reuse: cached same-day token is valid.
2026-06-01 15:20:41 | INFO | samsung_auto_trader | Token reuse: cached same-day token is valid.
2026-06-01 15:20:47 | INFO | samsung_auto_trader | Holdings after sell | cash_available=4675296 | total_eval_amount=9601975 | samsung_holding={'symbol': '005930', 'qty': 6, 'sellable_qty': 3, 'avg_price': 0}
2026-06-01 15:20:47 | INFO | samsung_auto_trader | 
====================================================================
[STATUS] 2026-06-01 15:20:47 KST
holding | symbol=005930 qty=6 sellable_qty=3 avg_price=0
inventory_limits | initial=12 min=3 max=25 effective_position=11
open_orders | buy_open=8 sell_open=3 total_open=11
 - side=sell order_no=0000035613 time=151942 qty=1 filled=0 unfilled=1 price=352500 branch=
 - side=buy order_no=0000035430 time=151757 qty=1 filled=0 unfilled=1 price=350500 branch=
 - side=sell order_no=0000035247 time=151559 qty=1 filled=0 unfilled=1 price=353500 branch=
 - side=sell order_no=0000034687 time=151007 qty=1 filled=0 unfilled=1 price=355000 branch=
 - side=buy order_no=0000034104 time=150140 qty=1 filled=0 unfilled=1 price=350000 branch=
 - side=buy order_no=0000033877 time=145852 qty=1 filled=0 unfilled=1 price=348500 branch=
 - side=buy order_no=0000033690 time=145443 qty=1 filled=0 unfilled=1 price=348000 branch=
 - side=buy order_no=0000033288 time=144631 qty=1 filled=0 unfilled=1 price=347500 branch=
 - side=buy order_no=0000033135 time=144319 qty=1 filled=0 unfilled=1 price=346500 branch=
 - side=buy order_no=0000032930 time=143907 qty=1 filled=0 unfilled=1 price=344500 branch=
 - side=buy order_no=0000032821 time=143650 qty=1 filled=0 unfilled=1 price=344000 branch=
====================================================================
2026-06-01 15:20:47 | INFO | samsung_auto_trader | Execution check for sell: before_qty=6, after_qty=6, executed=False
2026-06-01 15:20:47 | INFO | samsung_auto_trader | Trade cycle finished.
2026-06-01 15:21:07 | INFO | samsung_auto_trader | Closeout window started at 15:20 KST. Cancelling open orders and liquidating sellable shares.
2026-06-01 15:21:07 | INFO | samsung_auto_trader | Token reuse: cached same-day token is valid.
2026-06-01 15:21:14 | INFO | samsung_auto_trader | Token reuse: cached same-day token is valid.
2026-06-01 15:21:21 | INFO | samsung_auto_trader | Token reuse: cached same-day token is valid.
2026-06-01 15:21:26 | INFO | samsung_auto_trader | Token reuse: cached same-day token is valid.
2026-06-01 15:21:31 | INFO | samsung_auto_trader | Token reuse: cached same-day token is valid.
2026-06-01 15:21:36 | INFO | samsung_auto_trader | Token reuse: cached same-day token is valid.
2026-06-01 15:21:41 | INFO | samsung_auto_trader | Token reuse: cached same-day token is valid.
2026-06-01 15:21:44 | INFO | samsung_auto_trader | Token reuse: cached same-day token is valid.
2026-06-01 15:21:48 | INFO | samsung_auto_trader | Token reuse: cached same-day token is valid.
2026-06-01 15:21:53 | INFO | samsung_auto_trader | Token reuse: cached same-day token is valid.
2026-06-01 15:21:56 | INFO | samsung_auto_trader | Token reuse: cached same-day token is valid.
2026-06-01 15:21:59 | INFO | samsung_auto_trader | Token reuse: cached same-day token is valid.
2026-06-01 15:22:01 | INFO | samsung_auto_trader | Cancel order request | order_no=0000035613 branch= side=sell unfilled_qty=1 price=352500
2026-06-01 15:22:01 | INFO | samsung_auto_trader | Token reuse: cached same-day token is valid.
2026-06-01 15:22:01 | INFO | samsung_auto_trader | Cancel order request | order_no=0000035430 branch= side=buy unfilled_qty=1 price=350500
2026-06-01 15:22:02 | INFO | samsung_auto_trader | Token reuse: cached same-day token is valid.
2026-06-01 15:22:02 | INFO | samsung_auto_trader | Cancel order request | order_no=0000035247 branch= side=sell unfilled_qty=1 price=353500
2026-06-01 15:22:03 | INFO | samsung_auto_trader | Token reuse: cached same-day token is valid.
2026-06-01 15:22:03 | INFO | samsung_auto_trader | Cancel order request | order_no=0000034687 branch= side=sell unfilled_qty=1 price=355000
2026-06-01 15:22:04 | INFO | samsung_auto_trader | Token reuse: cached same-day token is valid.
2026-06-01 15:22:04 | INFO | samsung_auto_trader | Cancel order request | order_no=0000034104 branch= side=buy unfilled_qty=1 price=350000
2026-06-01 15:22:05 | INFO | samsung_auto_trader | Token reuse: cached same-day token is valid.
2026-06-01 15:22:05 | INFO | samsung_auto_trader | Cancel order request | order_no=0000033877 branch= side=buy unfilled_qty=1 price=348500
2026-06-01 15:22:06 | INFO | samsung_auto_trader | Token reuse: cached same-day token is valid.
2026-06-01 15:22:06 | INFO | samsung_auto_trader | Cancel order request | order_no=0000033690 branch= side=buy unfilled_qty=1 price=348000
2026-06-01 15:22:07 | INFO | samsung_auto_trader | Token reuse: cached same-day token is valid.
2026-06-01 15:22:07 | INFO | samsung_auto_trader | Cancel order request | order_no=0000033288 branch= side=buy unfilled_qty=1 price=347500
2026-06-01 15:22:08 | INFO | samsung_auto_trader | Token reuse: cached same-day token is valid.
2026-06-01 15:22:08 | INFO | samsung_auto_trader | Cancel order request | order_no=0000033135 branch= side=buy unfilled_qty=1 price=346500
2026-06-01 15:22:09 | INFO | samsung_auto_trader | Token reuse: cached same-day token is valid.
2026-06-01 15:22:10 | INFO | samsung_auto_trader | Cancel order request | order_no=0000032930 branch= side=buy unfilled_qty=1 price=344500
2026-06-01 15:22:10 | INFO | samsung_auto_trader | Token reuse: cached same-day token is valid.
2026-06-01 15:22:11 | INFO | samsung_auto_trader | Cancel order request | order_no=0000032821 branch= side=buy unfilled_qty=1 price=344000
2026-06-01 15:22:11 | INFO | samsung_auto_trader | Token reuse: cached same-day token is valid.
2026-06-01 15:22:12 | INFO | samsung_auto_trader | Waiting 2 seconds after cancel requests.
2026-06-01 15:22:14 | INFO | samsung_auto_trader | Token reuse: cached same-day token is valid.
2026-06-01 15:22:19 | INFO | samsung_auto_trader | Token reuse: cached same-day token is valid.
2026-06-01 15:22:23 | INFO | samsung_auto_trader | Holdings before closeout liquidation | cash_available=7440898 | total_eval_amount=9601975 | samsung_holding={'symbol': '005930', 'qty': 6, 'sellable_qty': 6, 'avg_price': 0}
2026-06-01 15:22:23 | INFO | samsung_auto_trader | Token reuse: cached same-day token is valid.
2026-06-01 15:22:27 | INFO | samsung_auto_trader | Token reuse: cached same-day token is valid.
2026-06-01 15:22:31 | INFO | samsung_auto_trader | Token reuse: cached same-day token is valid.
2026-06-01 15:22:35 | INFO | samsung_auto_trader | Token reuse: cached same-day token is valid.
2026-06-01 15:22:40 | INFO | samsung_auto_trader | Token reuse: cached same-day token is valid.
2026-06-01 15:22:45 | INFO | samsung_auto_trader | Token reuse: cached same-day token is valid.
2026-06-01 15:22:51 | INFO | samsung_auto_trader | Token reuse: cached same-day token is valid.
2026-06-01 15:22:57 | INFO | samsung_auto_trader | Token reuse: cached same-day token is valid.
2026-06-01 15:23:02 | INFO | samsung_auto_trader | Token reuse: cached same-day token is valid.
2026-06-01 15:23:08 | INFO | samsung_auto_trader | Token reuse: cached same-day token is valid.
2026-06-01 15:23:13 | INFO | samsung_auto_trader | Token reuse: cached same-day token is valid.
2026-06-01 15:23:18 | INFO | samsung_auto_trader | Token reuse: cached same-day token is valid.
2026-06-01 15:23:23 | INFO | samsung_auto_trader | 
====================================================================
[STATUS] 2026-06-01 15:23:23 KST
holding | symbol=005930 qty=6 sellable_qty=6 avg_price=0
inventory_limits | initial=12 min=3 max=25 effective_position=6
open_orders | buy_open=0 sell_open=0 total_open=0
 - no open orders
====================================================================
2026-06-01 15:23:23 | INFO | samsung_auto_trader | Closeout market sell request | qty=6
2026-06-01 15:23:23 | INFO | samsung_auto_trader | Token reuse: cached same-day token is valid.
2026-06-01 15:23:23 | INFO | samsung_auto_trader | Sell order accepted | order_no=00950 | order_time=152323 | qty=6 | price=0
2026-06-01 15:23:23 | INFO | samsung_auto_trader | Waiting 5 seconds before closeout balance check.
2026-06-01 15:23:28 | INFO | samsung_auto_trader | Token reuse: cached same-day token is valid.
2026-06-01 15:23:32 | INFO | samsung_auto_trader | Token reuse: cached same-day token is valid.
2026-06-01 15:23:36 | INFO | samsung_auto_trader | Holdings after closeout liquidation | cash_available=7440898 | total_eval_amount=9601975 | samsung_holding={'symbol': '005930', 'qty': 6, 'sellable_qty': 0, 'avg_price': 0}
2026-06-01 15:23:36 | INFO | samsung_auto_trader | Token reuse: cached same-day token is valid.
2026-06-01 15:23:40 | INFO | samsung_auto_trader | Token reuse: cached same-day token is valid.
2026-06-01 15:23:44 | INFO | samsung_auto_trader | Token reuse: cached same-day token is valid.
2026-06-01 15:23:47 | INFO | samsung_auto_trader | Token reuse: cached same-day token is valid.
2026-06-01 15:23:51 | INFO | samsung_auto_trader | Token reuse: cached same-day token is valid.
2026-06-01 15:23:54 | INFO | samsung_auto_trader | Token reuse: cached same-day token is valid.
2026-06-01 15:23:57 | INFO | samsung_auto_trader | Token reuse: cached same-day token is valid.
2026-06-01 15:24:00 | INFO | samsung_auto_trader | Token reuse: cached same-day token is valid.
2026-06-01 15:24:03 | INFO | samsung_auto_trader | Token reuse: cached same-day token is valid.
2026-06-01 15:24:08 | INFO | samsung_auto_trader | Token reuse: cached same-day token is valid.
2026-06-01 15:24:12 | INFO | samsung_auto_trader | Token reuse: cached same-day token is valid.
2026-06-01 15:24:17 | INFO | samsung_auto_trader | Token reuse: cached same-day token is valid.
2026-06-01 15:24:22 | INFO | samsung_auto_trader | 
====================================================================
[STATUS] 2026-06-01 15:24:22 KST
holding | symbol=005930 qty=6 sellable_qty=0 avg_price=0
inventory_limits | initial=12 min=3 max=25 effective_position=0
open_orders | buy_open=0 sell_open=6 total_open=1
 - side=sell order_no=0000035960 time=152323 qty=6 filled=0 unfilled=6 price=0 branch=
====================================================================
2026-06-01 15:24:22 | INFO | samsung_auto_trader | Execution check for sell: before_qty=6, after_qty=6, executed=False
2026-06-01 15:24:42 | INFO | samsung_auto_trader | Closeout already completed for today. Waiting until end of trading window.
2026-06-01 15:25:02 | INFO | samsung_auto_trader | Closeout already completed for today. Waiting until end of trading window.
2026-06-01 15:25:22 | INFO | samsung_auto_trader | Closeout already completed for today. Waiting until end of trading window.
2026-06-01 15:25:42 | INFO | samsung_auto_trader | Closeout already completed for today. Waiting until end of trading window.
2026-06-01 15:26:02 | INFO | samsung_auto_trader | Closeout already completed for today. Waiting until end of trading window.
2026-06-01 15:26:22 | INFO | samsung_auto_trader | Closeout already completed for today. Waiting until end of trading window.
2026-06-01 15:26:42 | INFO | samsung_auto_trader | Closeout already completed for today. Waiting until end of trading window.
2026-06-01 15:27:02 | INFO | samsung_auto_trader | Closeout already completed for today. Waiting until end of trading window.
2026-06-01 15:27:22 | INFO | samsung_auto_trader | Closeout already completed for today. Waiting until end of trading window.
2026-06-01 15:27:42 | INFO | samsung_auto_trader | Closeout already completed for today. Waiting until end of trading window.
2026-06-01 15:28:02 | INFO | samsung_auto_trader | Closeout already completed for today. Waiting until end of trading window.
2026-06-01 15:28:22 | INFO | samsung_auto_trader | Closeout already completed for today. Waiting until end of trading window.
2026-06-01 15:28:42 | INFO | samsung_auto_trader | Closeout already completed for today. Waiting until end of trading window.
2026-06-01 15:29:02 | INFO | samsung_auto_trader | Closeout already completed for today. Waiting until end of trading window.
2026-06-01 15:29:22 | INFO | samsung_auto_trader | Closeout already completed for today. Waiting until end of trading window.
2026-06-01 15:29:42 | INFO | samsung_auto_trader | Closeout already completed for today. Waiting until end of trading window.
2026-06-01 15:30:02 | INFO | samsung_auto_trader | Trading window ended at 15:30 KST. Program will stop. now=2026-06-01T15:30:02+09:00
